S8594,S8592W1PPMM,Inspect,GearBox
S8594,S8592W1PPMM,Inspect,Guard
S8594,S8592W1PPMM1,Inspect,Bolt
S8594,S8592W1PPMM1,Inspect,Belt,Conveyor
S8594,S8592M6PPMM,Inspect,Frame
S8596,S8592W1PPMM,Inspect,GearBox
S8596,S8592W1PPMM,Inspect,Guard
S8596,S8592W1PPMM1,Inspect,Bolt
S8596,S8592W1PPMM1,Inspect,Chain
S8596,S8592W1PPMM1,Lubricate,Chain
S8596,S8592W1PPMM1,Inspect,Belt,Conveyor
S8596,S8592W1PPMM1,Inspect,Roller
S8596,S8592W1PPMM1,Inspect,Cylinders
S8596,S8592W1PPMM1,Inspect,Arm
S8596,S8592M1PPMM,Inspect,Sprocket
S8596,S8592M3PPMM,Inspect,Cylinder
S8596,S8592M6PPMM,Inspect,Frame
S8599,S8592W1PPMM,Inspect,Hose
S8599,S8592W1PPMM,Inspect,Guard
S8599,S8592W1PPMM1,Inspect,Cylinders,Actuator
S8599,S8592W1PPMM1,Inspect,Arm
S8599,S8592W1PPMM1,Inspect,Roll,Steel
S8599,S8592W1PPMM1,Inspect,Bolt
S8599,S8592W1PPMM1,Inspect,Cylinders,Tensioner
S8599,S8592M1PPMM,Inspect,Belt,Timing
S8599,S8592M3PPMM,Inspect,Roller
S8599,S8592M3PPMM,Inspect,Cylinder
S8599,S8592M3PPMM,Inspect,Regulator
S8599,S8592Y1PPMM,Inspect,Counterweight
S8610,S8592W1PPMM,Inspect,GearBox
S8610,S8592W1PPMM,Inspect,Hose
S8610,S8592W1PPMM,Inspect,Guard
S8610,S8592W1PPMM1,Inspect,Chain
S8610,S8592W1PPMM1,Lubricate,Chain
S8610,S8592W1PPMM1,Inspect,Roller
S8610,S8592W1PPMM1,Inspect,Bolt
S8610,S8592W1PPMM1,Inspect,Cylinders
S8610,S8592M1PPMM,Inspect,Sprocket
S8610,S8592M3PPMM,Inspect,Cylinder
S8610,S8592M3PPMM,Inspect,Regulator
S8610,S8592M6PPMM,Inspect,Bearing
S8618,S8592W1PPMM,Inspect,Hose
S8618,S8592W1PPMM1,Inspect,Knife,Carbide
S8618,S8592W1PPMM1,Inspect,Cylinders
S8618,S8592W1PPMM1,Inspect,Bolt
S8618,S8618M2PPMM,Replace,Knives
S8618,S8592M3PPMM,Inspect,Cylinder
S8618,S8592M3PPMM,Inspect,Regulator
S8626,S8592W1PPMM,Inspect,Hose
S8626,S8592W1PPMM1,Inspect,Chain
S8626,S8592W1PPMM1,Lubricate,Chain
S8626,S8592W1PPMM1,Inspect,Guide
S8626,S8592W1PPMM1,Clean,Guides
S8626,S8592W1PPMM1,Clean,Bar
S8626,S8592W1PPMM1,Inspect,Bar
S8626,S8592W1PPMM1,Inspect,Cylinders
S8626,S8592W1PPMM1,Inspect,Bolt
S8626,S8592M1PPMM,Inspect,Belt,Timing
S8626,S8592M1PPMM,Inspect,Sprocket
S8626,S8592M1PPMM,Replace,Pins
S8626,S8592M3PPMM,Inspect,Cylinder
S8626,S8592M3PPMM,Inspect,Regulator
S8628,S8592W1PPMM,Inspect,GearBox
S8628,S8592W1PPMM1,Inspect,Bolt
S8628,S8592W1PPMM1,Inspect,Chain
S8628,S8592W1PPMM1,Lubricate,Chain
S8628,S8592W1PPMM1,Inspect,Belt,Conveyor
S8628,S8592M1PPMM,Inspect,Sprocket
S8628,S8592M6PPMM,Inspect,Frame
S8630,S8592W1PPMM,Inspect,GearBox
S8630,S8592W1PPMM1,Inspect,Bolt
S8630,S8592W1PPMM1,Inspect,Chain
S8630,S8592W1PPMM1,Lubricate,Chain
S8630,S8592W1PPMM1,Inspect,Roller
S8630,S8592M1PPMM,Inspect,Sprocket
S8630,S8592M6PPMM,Inspect,Frame
S8638,S8592W1PPMM,Inspect,GearBox
S8638,S8592W1PPMM1,Inspect,Bolt
S8638,S8592W1PPMM1,Inspect,Belt,Conveyor
S8638,S8592W1PPMM1,Inspect,Chain
S8638,S8592W1PPMM1,Lubricate,Chain
S8638,S8592M1PPMM,Inspect,Sprocket
S8653,S8592W1PPMM,Inspect,GearBox
S8653,S8592W1PPMM,Inspect,Guard
S8653,S8592W1PPMM1,Inspect,Bolt
S8653,S8592W1PPMM1,Inspect,Roller
S8653,S8592M1PPMM,Inspect,Belt,V
S8653,S8592M6PPMM,Inspect,Frame
S8655,S8592W1PPMM,Inspect,GearBox
S8655,S8592W1PPMM,Inspect,Hose
S8655,S8592W1PPMM1,Inspect,Bolt
S8655,S8592W1PPMM1,Inspect,Chain
S8655,S8592W1PPMM1,Lubricate,Chain
S8655,S8592W1PPMM1,Inspect,Roller
S8655,S8592W1PPMM1,Inspect,Cylinders
S8655,S8592M1PPMM,Inspect,Sprocket
S8655,S8592M3PPMM,Inspect,Cylinder
S8655,S8592M3PPMM,Inspect,Regulator
S8655,S8592M6PPMM,Inspect,Frame
S9388,S9386W1PPMM,Inspect,GearBox
S9388,S9386W1PPMM,Inspect,Guard
S9388,S9386W1PPMM1,Inspect,Bolt
S9388,S9386W1PPMM1,Inspect,Belt,Conveyor
S9388,S9386M6PPMM,Inspect,Frame
S9388,S9386Y1PPMM,Inspect,Counterweight
S9390,S9386W1PPMM,Inspect,GearBox
S9390,S9386W1PPMM,Inspect,Guard
S9390,S9386W1PPMM1,Inspect,Bolt
S9390,S9386W1PPMM1,Inspect,Chain
S9390,S9386W1PPMM1,Lubricate,Chain
S9390,S9386W1PPMM1,Inspect,Belt,Conveyor
S9390,S9386W1PPMM1,Inspect,Roller
S9390,S9386W1PPMM1,Inspect,Cylinders
S9390,S9386W1PPMM1,Inspect,Arm
S9390,S9386M1PPMM,Inspect,Sprocket
S9390,S9386M3PPMM,Inspect,Cylinder
S9390,S9386M6PPMM,Inspect,Frame
S9392,S9386W1PPMM,Inspect,Hose
S9392,S9386W1PPMM,Inspect,Guard
S9392,S9386W1PPMM1,Inspect,Cylinders,Actuator
S9392,S9386W1PPMM1,Inspect,Arm
S9392,S9386W1PPMM1,Inspect,Roll,Steel
S9392,S9386W1PPMM1,Inspect,Bolt
S9392,S9386W1PPMM1,Inspect,Cylinders,Tensioner
S9392,S9386M1PPMM,Inspect,Belt,Timing
S9392,S9386M3PPMM,Inspect,Roller
S9392,S9386M3PPMM,Inspect,Cylinder
S9392,S9386M3PPMM,Inspect,Regulator
S9410,S9386W1PPMM,Inspect,GearBox
S9410,S9386W1PPMM,Inspect,Hose
S9410,S9386W1PPMM,Inspect,Guard
S9410,S9386W1PPMM1,Inspect,Chain
S9410,S9386W1PPMM1,Lubricate,Chain
S9410,S9386W1PPMM1,Inspect,Roller
S9410,S9386W1PPMM1,Inspect,Bolt
S9410,S9386W1PPMM1,Inspect,Cylinders
S9410,S9386M1PPMM,Inspect,Sprocket
S9410,S9386M3PPMM,Inspect,Cylinder
S9410,S9386M3PPMM,Inspect,Regulator
S9410,S9386M6PPMM,Inspect,Bearing
S9418,S9386W1PPMM,Inspect,Hose
S9418,S9386W1PPMM1,Inspect,Knife,Carbide
S9418,S9386W1PPMM1,Inspect,Cylinders
S9418,S9386W1PPMM1,Inspect,Bolt
S9418,S9386M3PPMM,Inspect,Cylinder
S9418,S9386M3PPMM,Inspect,Regulator
S9426,S9386W1PPMM,Inspect,Hose
S9426,S9386W1PPMM1,Inspect,Chain
S9426,S9386W1PPMM1,Lubricate,Chain
S9426,S9386W1PPMM1,Inspect,Guide
S9426,S9386W1PPMM1,Clean,Guides
S9426,S9386W1PPMM1,Clean,Bar
S9426,S9386W1PPMM1,Inspect,Bar
S9426,S9386W1PPMM1,Inspect,Cylinders
S9426,S9386W1PPMM1,Inspect,Bolt
S9426,S9386M1PPMM,Inspect,Belt,Timing
S9426,S9386M1PPMM,Inspect,Sprocket
S9426,S9386M1PPMM,Replace,Pins
S9426,S9386M3PPMM,Inspect,Cylinder
S9426,S9386M3PPMM,Inspect,Regulator
S9428,S9386W1PPMM,Inspect,GearBox
S9428,S9386W1PPMM1,Inspect,Bolt
S9428,S9386W1PPMM1,Inspect,Chain
S9428,S9386W1PPMM1,Lubricate,Chain
S9428,S9386W1PPMM1,Inspect,Belt,Conveyor
S9428,S9386M1PPMM,Inspect,Sprocket
S9428,S9386M6PPMM,Inspect,Frame
S9430,S9386W1PPMM,Inspect,GearBox
S9430,S9386W1PPMM1,Inspect,Bolt
S9430,S9386W1PPMM1,Inspect,Chain
S9430,S9386W1PPMM1,Lubricate,Chain
S9430,S9386W1PPMM1,Inspect,Roller
S9430,S9386M1PPMM,Inspect,Sprocket
S9430,S9386M6PPMM,Inspect,Frame
S9438,S9386W1PPMM,Inspect,GearBox
S9438,S9386W1PPMM1,Inspect,Bolt
S9438,S9386W1PPMM1,Inspect,Belt,Conveyor
S9438,S9386W1PPMM1,Inspect,Chain
S9438,S9386W1PPMM1,Lubricate,Chain
S9438,S9386M1PPMM,Inspect,Sprocket
S9453,S9386W1PPMM,Inspect,GearBox
S9453,S9386W1PPMM,Inspect,Guard
S9453,S9386W1PPMM1,Inspect,Bolt
S9453,S9386W1PPMM1,Inspect,Roller
S9453,S9386M1PPMM,Inspect,Belt,V
S9453,S9386M6PPMM,Inspect,Frame
S9455,S9386W1PPMM,Inspect,GearBox
S9455,S9386W1PPMM,Inspect,Hose
S9455,S9386W1PPMM1,Inspect,Bolt
S9455,S9386W1PPMM1,Inspect,Chain
S9455,S9386W1PPMM1,Lubricate,Chain
S9455,S9386W1PPMM1,Inspect,Roller
S9455,S9386W1PPMM1,Inspect,Cylinders
S9455,S9386M1PPMM,Inspect,Sprocket
S9455,S9386M3PPMM,Inspect,Cylinder
S9455,S9386M3PPMM,Inspect,Regulator
S9455,S9386M6PPMM,Inspect,Frame
S8614,S8592W1PPMM1,Inspect,Arm
S8614,S8592W1PPMM1,Inspect,Cylinders
S8614,S8592W1PPMM1,Inspect,Bolt
S8614,S8592W1PPMM1,Inspect,Roller
S8614,S8592M3PPMM,Inspect,Cylinder
S8614,S8592M6PPMM,Inspect,Frame
S8616,S8592W1PPMM1,Inspect,Bolt
S8616,S8592M1PPMM,Replace,Timing,Belt
S8616,S8592Y1PPMM,Replace,Pinch,Rolls,Assembly
S8636,S8592W1PPMM1,Inspect,Bolt
S8636,S8592W1PPMM1,Inspect,Tunnel
S8636,S8592M1PPMM,Inspect,Belt,V
S8636,S8636M1PPMM1,Inspect,Filter,Air
S8636,S8592Y1PPMM,Inspect,Guide
S8636,S8592Y1PPMM,Inspect,Damper
S8636,S8636Y1PPMM1,Inspect,Ignitor
S8636,S8636Y1PPMM1,Inspect,Flame,Rod
S8636,S8636Y1PPMM1,Inspect,Gas,Burner
S8636,S8636Y1PPMM1,Inspect,UV,Sensor
S8636,S8636Y1PPMM1,Clean,Gas,Burner
S8636,S8636Y1PPMM1,Inspect,Gas,Piping
S8636,S8636Y1PPMM1,Inspect,Safety,Valve
S8636,S8636Y1PPMM1,Inspect,Primary,Manual,Gas,Valve
S8636,S8636Y1PPMM1,Inspect,Regulator
S8636,S8636Y1PPMM1,Inspect,Gas,Low,Pressure,Switch
S8636,S8636Y1PPMM1,Inspect,Gas,High,Pressure,Switch
S8636,S8636Y1PPMM1,Inspect,Secondary,Manual,Gas,Valve
S9414,S9386W1PPMM1,Inspect,Arm
S9414,S9386W1PPMM1,Inspect,Cylinders
S9414,S9386W1PPMM1,Inspect,Bolt
S9414,S9386W1PPMM1,Inspect,Roller
S9414,S9386M3PPMM,Inspect,Cylinder
S9414,S9386M6PPMM,Inspect,Frame
S9416,S9386W1PPMM1,Inspect,Bolt
S9416,S9386M1PPMM,Replace,Timing,Belt
S9416,S9416M2PPMM,Replace,Knives
S9416,S9386Y1PPMM,Replace,Pinch,Rolls,Assembly
S9436,S9386W1PPMM1,Inspect,Bolt
S9436,S9386W1PPMM1,Inspect,Tunnel
S9436,S9386M1PPMM,Inspect,Belt,V
S9436,S9436M1PPMM1,Inspect,Filter,Air
S9436,S9386Y1PPMM,Inspect,Guide
S9436,S9386Y1PPMM,Inspect,Damper
S9436,S9436Y1PPMM1,Inspect,Ignitor
S9436,S9436Y1PPMM1,Inspect,Flame,Rod
S9436,S9436Y1PPMM1,Inspect,Gas,Burner
S9436,S9436Y1PPMM1,Inspect,UV,Sensor
S9436,S9436Y1PPMM1,Clean,Gas,Burner
S9436,S9436Y1PPMM1,Inspect,Gas,Piping
S9436,S9436Y1PPMM1,Inspect,Safety,Valve
S9436,S9436Y1PPMM1,Inspect,Primary,Manual,Gas,Valve
S9436,S9436Y1PPMM1,Inspect,Regulator
S9436,S9436Y1PPMM1,Inspect,Gas,Low,Pressure,Switch
S9436,S9436Y1PPMM1,Inspect,Gas,High,Pressure,Switch
S9436,S9436Y1PPMM1,Inspect,Secondary,Manual,Gas,Valve
