S4050W1PPMM,S4052,Inspect,Bolt,,,
S4050W1PPMM,S4052,Inspect,Guard,,,
S4050M6PPMM,S4052,Inspect,Frame,,,
S4050W1PPMM,S4054,Inspect,Bolt,,,
S4050W1PPMM,S4054,Inspect,Guard,,,
S4050M6PPMM,S4054,Inspect,Frame,,,
S4054Y1PPMM,S4054,Inspect,Catwalk,,,
S4050W1PPMM,S4057,Inspect,Guard,,,
S4050W1PPMM,S4057,Inspect,GearBox,,,
S4050W1PPMM,S4057,Inspect,Bolt,,,
S4050W1PPMM1,S4057,Inspect,Roll,Ceramic,Flange,
S4050M1PPMM,S4057,Inspect,Belt,Timing,,
S4050W1PPMM,S4060,Inspect,Bolt,,,
S4050W1PPMM,S4060,Inspect,Guard,,,
S4050W1PPMM,S4060,Inspect,GearBox,,,
S4050W1PPMM1,S4060,Inspect,Roll,Chrome,,
S4050W1PPMM1,S4060,Inspect,Roll,Rubber,,
S4050W1PPMM1,S4060,Inspect,Scraper,,,
S4050W1PPMM1,S4060,Measure,Roll,Thickness,Chrome,
S4050M1PPMM,S4060,Inspect,Belt,Timing,,
S4050W1PPMM,S4062,Inspect,Bolt,,,
S4050W1PPMM1,S4062,Inspect,Plate,,,
S4050W1PPMM,S4063,Inspect,Valve,Ball/Butterfly/Globe,,
S4050W1PPMM,S4063,Inspect,Filter,,,
S4050W1PPMM1,S4063,Inspect,Hydraulic,System,,
S4050W1PPMM1,S4063,Inspect,Gauge,,,
S4063Y2PPMM,S4063,Sample,Hydraulic,Oil,,
S4050W1PPMM,S4066,Inspect,Bolt,,,
S4050W1PPMM,S4066,Inspect,Guard,,,
S4050W1PPMM,S4066,Inspect,GearBox,,,
S4050W1PPMM1,S4066,Inspect,Roll,Chrome,,
S4050W1PPMM1,S4066,Inspect,Block,Bolt,,
S4050W1PPMM1,S4066,Inspect,Bumper,Rubber,,
S4050W1PPMM1,S4066,Inspect,Knife,,,
S4050W1PPMM1,S4066,Inspect,Arm,,,
S4050W1PPMM1,S4066,Measure,Roll,Thickness,Chrome,
S4050M1PPMM,S4066,Inspect,Belt,Timing,,
S4050W1PPMM,S4070,Inspect,Bolt,,,
S4050W1PPMM,S4070,Inspect,Guard,,,
S4050W1PPMM,S4070,Inspect,GearBox,,,
S4050W1PPMM1,S4070,Inspect,Roll,Anvil,,
S4050W1PPMM1,S4070,Inspect,Arm,,,
S4050M1PPMM,S4070,Inspect,Belt,Timing,,
S4050W1PPMM,S4072,Inspect,Valve,,,
S4050W1PPMM,S4072,Inspect,Hose,,,
S4050W1PPMM1,S4072,Inspect,Spray,Nozzle,,
S4072M6PPMM,S4072,Replace,Water,Filter,,
S4050W1PPMM,S4075,Inspect,Guard,,,
S4050W1PPMM,S4075,Inspect,GearBox,,,
S4050W1PPMM,S4075,Inspect,Bolt,,,
S4050W1PPMM1,S4075,Inspect,LaneGuide,,,
S4050W1PPMM1,S4075,Inspect,Tile,Ceramic,,
S4050W1PPMM1,S4075,Inspect,Cylinder,Air,,
S4050W1PPMM1,S4075,Inspect,Cylinder,Air,,
S4050W1PPMM1,S4075,Inspect,Roll,Rubber,,
S4050M6PPMM,S4075,Inspect,Frame,,,
S4050M1PPMM,S4075,Inspect,Belt,Conveyor,,
S4050M1PPMM,S4075,Inspect,Belt,Timing,,
S4050W1PPMM1,S4080,Inspect,Tile,Ceramic,,
S4050W1PPMM1,S4080,Inspect,Plate,,,
S0001W1PPMM19,S6301,Inspect,Bolt,,,
S0001W1PPMM19,S6301,Inspect,Guard,,,
S0001M6PPMM9,S6301,Inspect,Frame,,,
S6301Y1PPMM,S6301,Inspect,Stairs,,,
S0001W1PPMM19,S6305,Inspect,Guard,,,
S0001W1PPMM19,S6305,Inspect,Bolt,,,
S0001W1PPMM20,S6305,Inspect,Tile,Ceramic,,
S0001M6PPMM9,S6305,Inspect,Frame,,,
S0001M1PPMM4,S6305,Inspect,Belt,Conveyor,,
S0001M1PPMM4,S6305,Inspect,Belt,Timing,,
S0001W1PPMM19,S6318,Inspect,Guard,,,
S0001W1PPMM19,S6318,Inspect,Bolt,,,
S0001W1PPMM20,S6318,Inspect,Plate,,,
S0001M1PPMM4,S6318,Inspect,Belt,Conveyor,,
S0001M1PPMM4,S6318,Inspect,Belt,Timing,,
S0001W1PPMM19,S6320,Inspect,Guard,,,
S0001W1PPMM19,S6320,Inspect,Bolt,,,
S0001W1PPMM20,S6320,Inspect,Tile,Ceramic,,
S0001M6PPMM9,S6320,Inspect,Frame,,,
S0001M1PPMM4,S6320,Inspect,Belt,Conveyor,,
S0001M1PPMM4,S6320,Inspect,Belt,Timing,,
S0001W1PPMM19,S6322,Inspect,Guard,,,
S0001W1PPMM19,S6322,Inspect,Bolt,,,
S0001W1PPMM20,S6322,Inspect,Tile,Ceramic,,
S0001M6PPMM9,S6322,Inspect,Frame,,,
S0001M1PPMM4,S6322,Inspect,Belt,Conveyor,,
S0001M1PPMM4,S6322,Inspect,Belt,Timing,,
S0001W1PPMM19,S6327,Inspect,Guard,,,
S0001W1PPMM19,S6327,Inspect,Bolt,,,
S0001W1PPMM20,S6327,Inspect,Tile,Ceramic,,
S0001M6PPMM9,S6327,Inspect,Frame,,,
S0001M1PPMM4,S6327,Inspect,Belt,Conveyor,,
S0001M1PPMM4,S6327,Inspect,Belt,Timing,,
S0001W1PPMM19,S6329,Inspect,Guard,,,
S0001W1PPMM19,S6329,Inspect,Bolt,,,
S0001W1PPMM20,S6329,Inspect,Plate,,,
S0001M1PPMM4,S6329,Inspect,Belt,Conveyor,,
S0001M1PPMM4,S6329,Inspect,Belt,Timing,,
S0001W1PPMM19,S6331,Inspect,Guard,,,
S0001W1PPMM19,S6331,Inspect,Bolt,,,
S0001W1PPMM20,S6331,Inspect,Tile,Ceramic,,
S0001M6PPMM9,S6331,Inspect,Frame,,,
S0001M1PPMM4,S6331,Inspect,Belt,Conveyor,,
S0001M1PPMM4,S6331,Inspect,Belt,Timing,,
S0001W1PPMM19,S6333,Inspect,Guard,,,
S0001W1PPMM19,S6333,Inspect,Bolt,,,
S0001W1PPMM20,S6333,Inspect,Tile,Ceramic,,
S0001M6PPMM9,S6333,Inspect,Frame,,,
S0001M1PPMM4,S6333,Inspect,Belt,Conveyor,,
S0001M1PPMM4,S6333,Inspect,Belt,Timing,,
S0001W1PPMM19,S7450,Inspect,Bolt,,,
S0001W1PPMM19,S7450,Inspect,Cylinder,Air,,
S0001W1PPMM19,S7450,Inspect,Guard,,,
S0001W1PPMM20,S7450,Inspect,GearBox,,,
S0001W1PPMM20,S7450,Inspect,Plate,,,
S0001W1PPMM20,S7450,Inspect,Cylinder,Air,,
S7445M1PPMM,S7450,Inspect,Star,Wheel,,
S0001W1PPMM19,S7455,Inspect,Bolt,,,
S0001W1PPMM19,S7455,Inspect,Cylinder,Air,,
S0001W1PPMM19,S7455,Inspect,Guard,,,
S0001W1PPMM20,S7455,Inspect,GearBox,,,
S0001W1PPMM20,S7455,Inspect,Plate,,,
S0001W1PPMM20,S7455,Inspect,Cylinder,Air,,
S7445M1PPMM,S7455,Inspect,Star,Wheel,,
S0001W1PPMM19,S7460,Inspect,Bolt,,,
S0001W1PPMM19,S7460,Inspect,Cylinder,Air,,
S0001W1PPMM19,S7460,Inspect,Guard,,,
S0001W1PPMM20,S7460,Inspect,GearBox,,,
S0001W1PPMM20,S7460,Inspect,Plate,,,
S0001W1PPMM20,S7460,Inspect,Cylinder,Air,,
S7445M1PPMM,S7460,Inspect,Star,Wheel,,
S0001W1PPMM19,S7465,Inspect,Bolt,,,
S0001W1PPMM19,S7465,Inspect,Cylinder,Air,,
S0001W1PPMM19,S7465,Inspect,Guard,,,
S0001W1PPMM20,S7465,Inspect,GearBox,,,
S0001W1PPMM20,S7465,Inspect,Plate,,,
S0001W1PPMM20,S7465,Inspect,Cylinder,Air,,
S7445M1PPMM,S7465,Inspect,Star,Wheel,,
S0001W1PPMM19,S7470,Inspect,Bolt,,,
S0001W1PPMM19,S7470,Inspect,Cylinder,Air,,
S0001W1PPMM19,S7470,Inspect,Guard,,,
S0001W1PPMM20,S7470,Inspect,GearBox,,,
S0001W1PPMM20,S7470,Inspect,Plate,,,
S0001W1PPMM20,S7470,Inspect,Cylinder,Air,,
S7445M1PPMM,S7470,Inspect,Star,Wheel,,
S0001W1PPMM19,S7475,Inspect,Bolt,,,
S0001W1PPMM19,S7475,Inspect,Cylinder,Air,,
S0001W1PPMM19,S7475,Inspect,Guard,,,
S0001W1PPMM20,S7475,Inspect,GearBox,,,
S0001W1PPMM20,S7475,Inspect,Plate,,,
S0001W1PPMM20,S7475,Inspect,Cylinder,Air,,
S7445M1PPMM,S7475,Inspect,Star,Wheel,,
S0001W1PPMM19,S7480,Inspect,Bolt,,,
S0001W1PPMM19,S7480,Inspect,Cylinder,Air,,
S0001W1PPMM19,S7480,Inspect,Guard,,,
S0001W1PPMM20,S7480,Inspect,GearBox,,,
S0001W1PPMM20,S7480,Inspect,Plate,,,
S0001W1PPMM20,S7480,Inspect,Cylinder,Air,,
S7445M1PPMM,S7480,Inspect,Star,Wheel,,
S0001W1PPMM19,S7485,Inspect,Bolt,,,
S0001W1PPMM19,S7485,Inspect,Cylinder,Air,,
S0001W1PPMM19,S7485,Inspect,Guard,,,
S0001W1PPMM20,S7485,Inspect,GearBox,,,
S0001W1PPMM20,S7485,Inspect,Plate,,,
S0001W1PPMM20,S7485,Inspect,Cylinder,Air,,
S7445M1PPMM,S7485,Inspect,Star,Wheel,,
S0001W1PPMM19,S7781,Inspect,Cylinder,Air,,
S0001W1PPMM19,S7781,Inspect,Bolt,,,
S0001W1PPMM20,S7781,Inspect,Cylinder,Air,,
S0001W1PPMM20,S7781,Inspect,GearBox,,,
S0001M6PPMM9,S7781,Inspect,Frame,,,
S0001M1PPMM4,S7781,Inspect,Belt,Conveyor,,
S0001M1PPMM4,S7781,Inspect,Belt,Timing,,
S0001W1PPMM19,S7782,Inspect,Cylinder,Air,,
S0001W1PPMM19,S7782,Inspect,Bolt,,,
S0001W1PPMM20,S7782,Inspect,Cylinder,Air,,
S0001W1PPMM20,S7782,Inspect,GearBox,,,
S0001M6PPMM9,S7782,Inspect,Frame,,,
S0001M1PPMM4,S7782,Inspect,Belt,Conveyor,,
S0001M1PPMM4,S7782,Inspect,Belt,Timing,,
S0001W1PPMM19,S7783,Inspect,Cylinder,Air,,
S0001W1PPMM19,S7783,Inspect,Bolt,,,
S0001W1PPMM20,S7783,Inspect,Cylinder,Air,,
S0001W1PPMM20,S7783,Inspect,GearBox,,,
S0001M6PPMM9,S7783,Inspect,Frame,,,
S0001M1PPMM4,S7783,Inspect,Belt,Conveyor,,
S0001M1PPMM4,S7783,Inspect,Belt,Timing,,
S0001W1PPMM19,S7784,Inspect,Cylinder,Air,,
S0001W1PPMM19,S7784,Inspect,Bolt,,,
S0001W1PPMM20,S7784,Inspect,Cylinder,Air,,
S0001W1PPMM20,S7784,Inspect,GearBox,,,
S0001M6PPMM9,S7784,Inspect,Frame,,,
S0001M1PPMM4,S7784,Inspect,Belt,Conveyor,,
S0001M1PPMM4,S7784,Inspect,Belt,Timing,,
S4700W1PPMM,S4701,Inspect,Bolt,,,
S4700W1PPMM,S4701,Inspect,Guard,,,
S4701Y1PPMM,S4701,Inspect,Catwalk,,,
S4701Y1PPMM,S4701,Complete,All,Child,Work,Orders
S4700Y1PPMM3,S4701,Inspect,Frame,,,
S4700W1PPMM,S4712,Inspect,Bolt,,,
S4700W1PPMM1,S4712,Inspect,Roll,Chrome,,
S4700W1PPMM,S4714,Inspect,Bolt,,,
S4700W1PPMM,S4714,Inspect,Cylinder,Air,,
S4700W1PPMM1,S4714,Inspect,Roll,Chrome,,
S4700W1PPMM1,S4714,Inspect,Tile,Ceramic,,
S4700W1PPMM1,S4714,Inspect,Guide,,,
S4700W1PPMM1,S4714,Inspect,Plate,,,
S4700W1PPMM1,S4714,Inspect,Cylinders,,,
S4700Y1PPMM3,S4714,Inspect,Frame,,,
S4700W1PPMM,S4716,Inspect,Bolt,,,
S4700W1PPMM1,S4716,Inspect,Roll,Chrome,,
S4700W1PPMM,S4718,Inspect,Bolt,,,
S4700W1PPMM,S4718,Inspect,Cylinder,Air,,
S4700W1PPMM,S4718,Inspect,Regulator,Pneumatic,,
S4700W1PPMM,S4718,Inspect,Gauge,,,
S4700W1PPMM1,S4718,Inspect,Roll,Chrome,,
S4700W1PPMM1,S4718,Inspect,Guide,,,
S4700W1PPMM1,S4718,Inspect,Cylinders,,,
S4700Y1PPMM2,S4718,Inspect,Regulators,,,
S4700Y1PPMM2,S4718,Inspect,Hoses,,,
S4700Y1PPMM3,S4718,Inspect,Frame,,,
S4700W1PPMM,S4720,Inspect,Bolt,,,
S4700W1PPMM1,S4720,Inspect,Roll,Chrome,,
S4700W1PPMM,S4722,Inspect,Bolt,,,
S4700W1PPMM,S4722,Inspect,Cylinder,Air,,
S4700W1PPMM1,S4722,Inspect,Roll,Chrome,,
S4700W1PPMM1,S4722,Inspect,Tile,Ceramic,,
S4700W1PPMM1,S4722,Inspect,Guide,,,
S4700W1PPMM1,S4722,Inspect,Plate,,,
S4700W1PPMM1,S4722,Inspect,Cylinders,,,
S4700Y1PPMM3,S4722,Inspect,Frame,,,
S4700W1PPMM,S4730,Inspect,Bolt,,,
S4700W1PPMM,S4730,Inspect,GearBox,,,
S4700W1PPMM,S4730,Inspect,Guard,,,
S4700W1PPMM,S4730,Inspect,Cylinder,Air,,
S4700W1PPMM,S4730,Inspect,Regulator,Pneumatic,,
S4700W1PPMM,S4730,Inspect,Gauge,,,
S4700W1PPMM1,S4730,Inspect,Roll,Chrome,,
S4700W1PPMM1,S4730,Inspect,Roll,Rubber,,
S4700W1PPMM1,S4730,Inspect,Cylinders,,,
S4700Y1PPMM1,S4730,Inspect,Timing,Belts,,
S4700Y1PPMM2,S4730,Inspect,Regulators,,,
S4700Y1PPMM2,S4730,Inspect,Hoses,,,
S4700W1PPMM,S4731,Inspect,Bolt,,,
S4700W1PPMM,S4731,Inspect,GearBox,,,
S4700W1PPMM,S4731,Inspect,Guard,,,
S4700W1PPMM,S4731,Inspect,Cylinder,Air,,
S4700W1PPMM,S4731,Inspect,Regulator,Pneumatic,,
S4700W1PPMM,S4731,Inspect,Gauge,,,
S4700W1PPMM1,S4731,Inspect,Roll,Rubber,,
S4700W1PPMM1,S4731,Inspect,Cylinders,,,
S4700W1PPMM1,S4731,Replace,Scraper,Blade,,
S4700Y1PPMM1,S4731,Inspect,Timing,Belts,,
S4700Y1PPMM2,S4731,Inspect,Regulators,,,
S4700Y1PPMM2,S4731,Inspect,Hoses,,,
S4700W1PPMM,S4732,Inspect,Bolt,,,
S4700W1PPMM,S4732,Inspect,GearBox,,,
S4700W1PPMM,S4732,Inspect,Guard,,,
S4700W1PPMM,S4732,Inspect,Cylinder,Air,,
S4700W1PPMM,S4732,Inspect,Regulator,Pneumatic,,
S4700W1PPMM,S4732,Inspect,Gauge,,,
S4700W1PPMM1,S4732,Inspect,Roll,Chrome,,
S4700W1PPMM1,S4732,Inspect,Roll,Rubber,,
S4700W1PPMM1,S4732,Inspect,Cylinders,,,
S4700Y1PPMM1,S4732,Inspect,Timing,Belts,,
S4700Y1PPMM2,S4732,Inspect,Regulators,,,
S4700Y1PPMM2,S4732,Inspect,Hoses,,,
S4700W1PPMM,S4737,Inspect,Bolt,,,
S4700W1PPMM1,S4737,Inspect,Roll,Ceramic,Flange,
S4700W1PPMM,S4739,Inspect,GearBox,,,
S4700W1PPMM,S4739,Inspect,Guard,,,
S4700W1PPMM,S4739,Inspect,Bolt,,,
S4700W1PPMM1,S4739,Inspect,Tile,Ceramic,,
S4700W1PPMM1,S4739,Inspect,Guide,,,
S4700W1PPMM1,S4739,Inspect,Plate,,,
S4700W1PPMM1,S4739,Inspect,Roll,Ceramic,Flange,
S4700Y1PPMM1,S4739,Inspect,Timing,Belts,,
S4700Y1PPMM3,S4739,Inspect,Frame,,,
S4700W1PPMM,S4741,Inspect,Bolt,,,
S4700W1PPMM1,S4741,Inspect,Roll,Ceramic,Flange,
S4700W1PPMM,S4743,Inspect,GearBox,,,
S4700W1PPMM,S4743,Inspect,Guard,,,
S4700W1PPMM,S4743,Inspect,Bolt,,,
S4700W1PPMM1,S4743,Inspect,Tile,Ceramic,,
S4700W1PPMM1,S4743,Inspect,Guide,,,
S4700W1PPMM1,S4743,Inspect,Plate,,,
S4700W1PPMM1,S4743,Inspect,Roll,Ceramic,Flange,
S4700Y1PPMM1,S4743,Inspect,Timing,Belts,,
S4700Y1PPMM3,S4743,Inspect,Frame,,,
S4700W1PPMM,S4760,Inspect,Bolt,,,
S4700W1PPMM,S4760,Inspect,GearBox,,,
S4700W1PPMM,S4760,Inspect,Guard,,,
S4700W1PPMM,S4760,Inspect,Cylinder,Air,,
S4700W1PPMM,S4760,Inspect,Regulator,Pneumatic,,
S4700W1PPMM,S4760,Inspect,Gauge,,,
S4700W1PPMM1,S4760,Inspect,Cylinders,,,
S4700W1PPMM1,S4760,Replace,Scraper,Blade,,
S4700Y1PPMM1,S4760,Inspect,Timing,Belts,,
S4700Y1PPMM2,S4760,Inspect,Regulators,,,
S4700Y1PPMM2,S4760,Inspect,Hoses,,,
S4700W1PPMM,S4764,Inspect,Bolt,,,
S4700W1PPMM,S4764,Inspect,GearBox,,,
S4700W1PPMM,S4764,Inspect,Guard,,,
S4700W1PPMM,S4764,Inspect,Cylinder,Air,,
S4700W1PPMM,S4764,Inspect,Regulator,Pneumatic,,
S4700W1PPMM,S4764,Inspect,Gauge,,,
S4700W1PPMM1,S4764,Inspect,Cylinders,,,
S4700W1PPMM1,S4764,Replace,Scraper,Blade,,
S4700Y1PPMM1,S4764,Inspect,Timing,Belts,,
S4700Y1PPMM2,S4764,Inspect,Regulators,,,
S4700Y1PPMM2,S4764,Inspect,Hoses,,,
S4700W1PPMM,S4790,Inspect,Bolt,,,
S4700W1PPMM,S4790,Inspect,GearBox,,,
S4700W1PPMM,S4790,Inspect,Guard,,,
S4700W1PPMM,S4790,Inspect,Valve,,,
S4700W1PPMM1,S4790,Inspect,Wheel,Applicator,,
S4700W1PPMM1,S4790,Inspect,Spray,Nozzle,,
S4700Y1PPMM1,S4790,Inspect,Timing,Belts,,
S4700Y1PPMM3,S4790,Inspect,Frame,,,
S4790Y1PPMM,S4790,Replace,Filter,Water,,
S4700W1PPMM,S4800,Inspect,Bolt,,,
S4700W1PPMM,S4800,Inspect,GearBox,,,
S4700W1PPMM,S4800,Inspect,Guard,,,
S4700W1PPMM,S4800,Inspect,Cylinder,Air,,
S4700W1PPMM,S4800,Inspect,Regulator,Pneumatic,,
S4700W1PPMM,S4800,Inspect,Gauge,,,
S4700W1PPMM1,S4800,Inspect,Roll,Chrome,,
S4700W1PPMM1,S4800,Inspect,Roll,Rubber,,
S4700W1PPMM1,S4800,Inspect,Cylinders,,,
S4700Y1PPMM1,S4800,Inspect,Timing,Belts,,
S4700Y1PPMM2,S4800,Inspect,Regulators,,,
S4700Y1PPMM2,S4800,Inspect,Hoses,,,
A0001W1PPMM3,C7738,Inspect,Trough,Screw,,
A0001W1PPMM3,C7738,Inspect,Gland,Packing,,
A0001W1PPMM3,C7738,Inspect,Bolt,,,
A0001W1PPMM3,C7738,Inspect,Guard,,,
A0001W1PPMM3,C7738,Inspect,GearBox,,,
A0001M6PPMM2,C7738,Inspect,Frame,,,
A0001M3PPMM2,C7738,Inspect,Belt,V,,
A0001W1PPMM3,S0322,Inspect,Trough,Screw,,
A0001W1PPMM3,S0322,Inspect,Gland,Packing,,
A0001W1PPMM3,S0322,Inspect,Bolt,,,
A0001W1PPMM3,S0322,Inspect,Guard,,,
A0001W1PPMM3,S0322,Inspect,GearBox,,,
A0001M6PPMM2,S0322,Inspect,Frame,,,
A0001M3PPMM2,S0322,Inspect,Belt,V,,
A0001W1PPMM3,S0330,Inspect,Bolt,,,
A0001W1PPMM3,S0330,Inspect,Bucket,,,
A0001W1PPMM3,S0330,Inspect,Guard,,,
A0001W1PPMM3,S0330,Inspect,GearBox,,,
A0001W1PPMM3,S0330,Inspect,Chute,,,
A0001M6PPMM2,S0330,Inspect,Elevator,Body,,
A0001M6PPMM2,S0330,Inspect,Elevator,Head,,
A0001M6PPMM2,S0330,Inspect,Frame,,,
S0001M3PPMM8,S0330,Inspect,Elevator,Belt,,
S0001M3PPMM8,S0330,Inspect,Bucket,,,
A0001M3PPMM2,S0330,Inspect,Belt,V,,
A0001W1PPMM3,S0561,Inspect,Trough,Screw,,
A0001W1PPMM3,S0561,Inspect,Gland,Packing,,
A0001W1PPMM3,S0561,Inspect,Bolt,,,
A0001W1PPMM3,S0561,Inspect,Guard,,,
A0001W1PPMM3,S0561,Inspect,GearBox,,,
A0001M6PPMM2,S0561,Inspect,Frame,,,
A0001M3PPMM2,S0561,Inspect,Belt,V,,
A0001W1PPMM3,S0562,Inspect,Trough,Screw,,
A0001W1PPMM3,S0562,Inspect,Gland,Packing,,
A0001W1PPMM3,S0562,Inspect,Bolt,,,
A0001W1PPMM3,S0562,Inspect,Guard,,,
A0001W1PPMM3,S0562,Inspect,GearBox,,,
A0001M6PPMM2,S0562,Inspect,Frame,,,
A0001M3PPMM2,S0562,Inspect,Belt,V,,
A0001W1PPMM3,S0563,Inspect,Plate,,,
A0001W1PPMM3,S0563,Clean,Plate,,,
A0001W1PPMM3,S0563,Inspect,Chute,,,
A0001W1PPMM3,S0563,Inspect,Hose,,,
S0001M3PPMM8,S0563,Inspect,Gate,,,
A0001W1PPMM3,S2405,Inspect,Plate,,,
A0001W1PPMM3,S2405,Clean,Plate,,,
A0001W1PPMM3,S2405,Inspect,Chute,,,
A0001W1PPMM3,S2405,Inspect,Hose,,,
S0001M3PPMM8,S2405,Inspect,Gate,,,
S0001W1PPMM6,S2405,Inspect,GearBox,,,
S0001W1PPMM6,S2405,Inspect,Bolt,,,
S2400W1PPMM,S2405,Inspect,Roll,Steel,,
S0001M6PPMM1,S2405,Inspect,Frame,,,
S2400M3PPMM,S2405,Inspect,Chute,,,
S2400M3PPMM,S2405,Inspect,Gate,,,
A0001W1PPMM3,S2792,Inspect,Trough,Screw,,
A0001W1PPMM3,S2792,Inspect,Gland,Packing,,
A0001W1PPMM3,S2792,Inspect,Bolt,,,
A0001W1PPMM3,S2792,Inspect,Guard,,,
A0001W1PPMM3,S2792,Inspect,GearBox,,,
A0001M6PPMM2,S2792,Inspect,Frame,,,
A0001M3PPMM2,S2792,Inspect,Belt,V,,
A0001M6PPMM2,S0340,Inspect,Bin,,,
S0001W1PPMM,S3450,Inspect,Bolt,,,
S0001W1PPMM,S3450,Inspect,GearBox,,,
S0001W1PPMM,S3450,Inspect,Guard,,,
S0001W1PPMM1,S3450,Inspect,Roll,Chrome,,
S0001M6PPMM,S3450,Inspect,Frame,,,
S0001M1PPMM,S3450,Inspect,Timing,Belts,,
S0001W1PPMM,S3451,Inspect,Bolt,,,
S0001W1PPMM,S3451,Inspect,Cylinder,,,
S0001W1PPMM1,S3451,Inspect,Roll,Rubber,,
S0001W1PPMM1,S3451,Inspect,Cylinders,,,
S0001M6PPMM,S3451,Inspect,Frame,,,
S0001W1PPMM,S3454,Inspect,Bolt,,,
S0001W1PPMM,S3454,Inspect,GearBox,,,
S0001W1PPMM,S3454,Inspect,Guard,,,
S0001W1PPMM1,S3454,Inspect,Roll,Rubber,,
S0001W1PPMM1,S3454,Inspect,Roll,Chrome,,
S0001M6PPMM,S3454,Inspect,Frame,,,
S0001W1PPMM,S3460,Inspect,Bolt,,,
S0001W1PPMM1,S3460,Inspect,Roll,Chrome,,
S0001M6PPMM,S3460,Inspect,Frame,,,
S0001W1PPMM,S3461,Inspect,Bolt,,,
S0001W1PPMM1,S3461,Inspect,Roll,Chrome,,
S0001M6PPMM,S3461,Inspect,Frame,,,
S0001W1PPMM,S3463,Inspect,Bolt,,,
S0001W1PPMM,S3463,Inspect,GearBox,,,
S0001W1PPMM,S3463,Inspect,Guard,,,
S0001W1PPMM1,S3463,Inspect,Roll,Chrome,,
S3463W1LUBM,S3463,Lubricate,Chain,,,
S0001M6PPMM,S3463,Inspect,Frame,,,
S0001M1PPMM,S3463,Inspect,Timing,Belts,,
S0001W1PPMM,S3464,Inspect,Bolt,,,
S0001W1PPMM,S3464,Inspect,Cylinder,,,
S0001W1PPMM,S3464,Inspect,Regulator,,,
S0001W1PPMM,S3464,Inspect,Hose,,,
S0001W1PPMM1,S3464,Inspect,Roll,Rubber,,
S0001W1PPMM1,S3464,Inspect,Cylinders,,,
S0001M6PPMM,S3464,Inspect,Frame,,,
S0001W1PPMM,S3482,Inspect,Bolt,,,
S0001W1PPMM1,S3482,Inspect,Roll,Chrome,,
S0001M6PPMM,S3482,Inspect,Frame,,,
S0001W1PPMM,S3484,Inspect,Bolt,,,
S0001W1PPMM,S3484,Inspect,GearBox,,,
S0001W1PPMM,S3484,Inspect,Guard,,,
S0001W1PPMM1,S3484,Inspect,Roll,Chrome,,
S0001M6PPMM,S3484,Inspect,Frame,,,
S0001M1PPMM,S3484,Inspect,Timing,Belts,,
S0001W1PPMM,S3485,Inspect,Bolt,,,
S0001W1PPMM,S3485,Inspect,Cylinder,,,
S0001W1PPMM,S3485,Inspect,Regulator,,,
S0001W1PPMM,S3485,Inspect,Hose,,,
S0001W1PPMM1,S3485,Inspect,Roll,Rubber,,
S0001W1PPMM1,S3485,Inspect,Cylinders,,,
S0001M6PPMM,S3485,Inspect,Frame,,,
S0001W1PPMM,S3487,Inspect,Bolt,,,
S0001W1PPMM,S3487,Inspect,GearBox,,,
S0001W1PPMM,S3487,Inspect,Guard,,,
S0001W1PPMM1,S3487,Inspect,Roll,Chrome,,
S0001M6PPMM,S3487,Inspect,Frame,,,
S0001W1PPMM,S3489,Inspect,Bolt,,,
S0001W1PPMM,S3489,Inspect,GearBox,,,
S0001W1PPMM,S3489,Inspect,Regulator,,,
S0001W1PPMM,S3489,Inspect,Hose,,,
S0001W1PPMM,S3489,Inspect,Cylinder,,,
S0001W1PPMM,S3489,Inspect,Guard,,,
S0001W1PPMM1,S3489,Inspect,Scrapers,,,
S0001W1PPMM1,S3489,Inspect,Cylinders,,,
S0001W1PPMM1,S3489,Inspect,Guide,,,
S0001W1PPMM1,S3489,Inspect,Roll,Steel,,
S0001M6PPMM,S3489,Inspect,Frame,,,
S3489M3PPMM,S3489,Inspect,Wheels,,,
S0001W1PPMM,S3490,Inspect,Spray,Nozzle,,
S0001W1PPMM,S3490,Inspect,Valve,,,
S0001W1PPMM1,S3490,Inspect,Spray,Nozzle,,
S0001W1PPMM,S3494,Inspect,Bolt,,,
S0001W1PPMM,S3494,Inspect,GearBox,,,
S0001W1PPMM,S3494,Inspect,Guard,,,
S0001W1PPMM1,S3494,Inspect,Roll,Chrome,,
S0001M6PPMM,S3494,Inspect,Frame,,,
S0001M1PPMM,S3494,Inspect,Timing,Belts,,
S0001W1PPMM,S3495,Inspect,Bolt,,,
S0001W1PPMM,S3495,Inspect,Cylinder,,,
S0001W1PPMM,S3495,Inspect,Regulator,,,
S0001W1PPMM,S3495,Inspect,Hose,,,
S0001W1PPMM1,S3495,Inspect,Roll,Rubber,,
S0001W1PPMM1,S3495,Inspect,Cylinders,,,
S0001M6PPMM,S3495,Inspect,Frame,,,
S0001W1PPMM2,S3024,Inspect,Bolt,,,
S0001W1PPMM3,S3024,Inspect,Roll,,,
S0001W1PPMM3,S3024,Inspect,Roll,Chrome,,
S0001W1PPMM2,S3026,Inspect,Bolt,,,
S0001W1PPMM3,S3026,Inspect,Roll,,,
S0001W1PPMM3,S3026,Inspect,Roll,Chrome,,
S0001W1PPMM2,S3028,Inspect,Bolt,,,
S0001W1PPMM3,S3028,Inspect,Roll,,,
S0001W1PPMM3,S3028,Inspect,Roll,Chrome,,
S0001W1PPMM3,S3028,Inspect,Scraper,,,
S0001W1PPMM2,S3041,Inspect,Bolt,,,
S0001W1PPMM2,S3041,Inspect,Guard,,,
S3020M6PPMM,S3041,Inspect,Frame,,,
S0001W1PPMM2,S3064,Inspect,Guard,,,
S0001W1PPMM2,S3064,Inspect,Bolt,,,
S0001W1PPMM2,S3064,Inspect,GearBox,,,
S0001W1PPMM3,S3064,Inspect,Roll,,,
S0001W1PPMM3,S3064,Inspect,Roll,Chrome,,
S0001W1PPMM3,S3064,Inspect,Scraper,,,
S3040M1PPMM,S3064,Inspect,Timing,Belts,,
S0001W1PPMM2,S3066,Inspect,Bolt,,,
S0001W1PPMM3,S3066,Inspect,Roll,,,
S0001W1PPMM3,S3066,Inspect,Roll,Chrome,,
S0001W1PPMM2,S3068,Inspect,Guard,,,
S0001W1PPMM2,S3068,Inspect,Bolt,,,
S0001W1PPMM2,S3068,Inspect,GearBox,,,
S0001W1PPMM3,S3068,Inspect,Roll,,,
S0001W1PPMM3,S3068,Inspect,Roll,Chrome,,
S0001W1PPMM3,S3068,Inspect,Scraper,,,
S3040M1PPMM,S3068,Inspect,Timing,Belts,,
S0001W1PPMM2,S3070,Inspect,Bolt,,,
S0001W1PPMM3,S3070,Inspect,Roll,,,
S0001W1PPMM3,S3070,Inspect,Roll,Chrome,,
S0001W1PPMM2,S3072,Inspect,Guard,,,
S0001W1PPMM2,S3072,Inspect,Bolt,,,
S0001W1PPMM2,S3072,Inspect,GearBox,,,
S0001W1PPMM3,S3072,Inspect,Roll,,,
S0001W1PPMM3,S3072,Inspect,Roll,Chrome,,
S0001W1PPMM3,S3072,Inspect,Scraper,,,
S3040M1PPMM,S3072,Inspect,Timing,Belts,,
S0001W1PPMM2,S3075,Inspect,Bolt,,,
S0001W1PPMM3,S3075,Inspect,Roll,,,
S0001W1PPMM3,S3075,Inspect,Roll,Chrome,,
S0001W1PPMM2,S3076,Inspect,Guard,,,
S0001W1PPMM2,S3076,Inspect,Bolt,,,
S0001W1PPMM2,S3076,Inspect,GearBox,,,
S0001W1PPMM3,S3076,Inspect,Roll,,,
S0001W1PPMM3,S3076,Inspect,Roll,Chrome,,
S0001W1PPMM3,S3076,Inspect,Scraper,,,
S3040M1PPMM,S3076,Inspect,Timing,Belts,,
S0001W1PPMM2,S3131,Inspect,Guard,,,
S0001W1PPMM2,S3131,Inspect,Bolt,,,
S3130M3PPMM,S3131,Inspect,V-Belts,,,
S0001W1PPMM2,S3132,Inspect,Guard,,,
S0001W1PPMM2,S3132,Inspect,Bolt,,,
S3130M3PPMM,S3132,Inspect,V-Belts,,,
S0001W1PPMM2,S3133,Inspect,Guard,,,
S0001W1PPMM2,S3133,Inspect,Bolt,,,
S3130M3PPMM,S3133,Inspect,V-Belts,,,
S0001W1PPMM2,S3134,Inspect,Guard,,,
S0001W1PPMM2,S3134,Inspect,Bolt,,,
S3130M3PPMM,S3134,Inspect,V-Belts,,,
S0001W1PPMM2,S3135,Inspect,Guard,,,
S0001W1PPMM2,S3135,Inspect,Bolt,,,
S3130M3PPMM,S3135,Inspect,V-Belts,,,
S0001W1PPMM2,S3151,Inspect,Fan,,,
S0001W1PPMM2,S3358,Inspect,Bolt,,,
S0001W1PPMM3,S3358,Inspect,Roll,,,
S0001W1PPMM3,S3358,Inspect,Roll,Chrome,,
S0001W1PPMM3,S3030,Inspect,Cylinder,,,
S0001W1PPMM3,S3030,Inspect,Spray,Nozzle,,
S3030M3PPMM1,S3030,Inspect,Cylinder,,,
S3030M3PPMM1,S3030,Inspect,Regulator,,,
S3030M3PPMM1,S3030,Inspect,Hose,,,
S3020M6PPMM,S3030,Inspect,Frame,,,
S0001W1PPMM3,S3200,Inspect,Spray,Nozzle,,
S3165M3PPMM,S3165,Inspect,Air,Knives,,
C1700W1PPMM,C1702,Inspect,Filter,,,
C1700W1PPMM,C1710,Inspect,Filter,,,
C1700W1PPMM,C1720,Inspect,Tank,,,
C1700Y1PPMM,C1720,Inspect,Tank,Exterior,,
C1700W1PPMM,C1730,Inspect,Bolt,,,
C1700W1PPMM,C1730,Inspect,GearBox,,,
C1700W1PPMM,C1740,Inspect,Filter,,,
C1700W1PPMM,C1750,Inspect,Filter,,,
C1700W1PPMM,C1770,Inspect,Bolt,,,
C1700W1PPMM,C1770,Inspect,GearBox,,,
C1700W1PPMM,C1770,Inspect,Filter,,,
C1700W1PPMM,C1799,Inspect,Bolt,,,
C1700W1PPMM,C1799,Inspect,Guard,,,
C1700W1PPMM,C1799,Inspect,GearBox,,,
C1700W1PPMM,C1799,Inspect,Filter,,,
C1799M6PPMM,C1799,Inspect,Frame,,,
C1700W1PPMM,C1820,Inspect,Bolt,,,
C1700W1PPMM,C1820,Inspect,GearBox,,,
C1700W1PPMM,C1840,Inspect,Filter,,,
C1700W1PPMM,C1889,Inspect,Tank,,,
C1700Y1PPMM,C1889,Inspect,Tank,Exterior,,
C1700W1PPMM,C1891,Inspect,Bolt,,,
C1700W1PPMM,C1891,Inspect,GearBox,,,
C1700W1PPMM,C1902,Inspect,Filter,,,
C1700W1PPMM,C1913,Inspect,Bolt,,,
C1700W1PPMM,C1913,Inspect,GearBox,,,
C1700W1PPMM,C1914,Inspect,Filter,,,
C1700W1PPMM,C1917,Inspect,Bolt,,,
C1700W1PPMM,C1917,Inspect,GearBox,,,
C1700W1PPMM,C1918,Inspect,Filter,,,
C1700W1PPMM,C1930,Inspect,Tank,,,
C1700Y1PPMM,C1930,Inspect,Tank,Exterior,,
C1700W1PPMM,C1931,Inspect,Tank,,,
C1700Y1PPMM,C1931,Inspect,Tank,Exterior,,
C1700W1PPMM,C1982,Inspect,Bolt,,,
C1700W1PPMM,C1982,Inspect,GearBox,,,
C1700W1PPMM,C1984,Inspect,Bolt,,,
C1700W1PPMM,C1984,Inspect,GearBox,,,
C1700W1PPMM,C1986,Inspect,Bolt,,,
C1700W1PPMM,C1986,Inspect,GearBox,,,
C1700W1PPMM,C1990,Inspect,Filter,,,
S6500W1PPMM,S6510,Inspect,Guard,,,
S6500W1PPMM,S6510,Inspect,Bolt,,,
S6500M6PPMM,S6510,Inspect,Frame,,,
S6500W1PPMM,S6512,Inspect,GearBox,,,
S6500W1PPMM,S6512,Inspect,Bolt,,,
S6500W1PPMM1,S6512,Inspect,Roll,Steel,,
S6500M1PPMM,S6512,Inspect,Belt,Timing,,
S6500W1PPMM,S6514,Inspect,GearBox,,,
S6500W1PPMM,S6514,Inspect,Bolt,,,
S6500W1PPMM1,S6514,Inspect,Roll,Steel,,
S6500W1PPMM1,S6514,Inspect,Roll,Chrome,,
S6500W1PPMM1,S6514,Measure,Roll,Thickness,Chrome,
S6500W1PPMM1,S6514,Replace,Scraper,Blade,,
S6500W1PPMM1,S6514,Inspect,Arm,,,
S6500W1PPMM1,S6514,Inspect,Air,Actuator,,
S6500M1PPMM,S6514,Inspect,Belt,Timing,,
S6500W1PPMM,S6516,Inspect,GearBox,,,
S6500W1PPMM,S6516,Inspect,Bolt,,,
S6500W1PPMM1,S6516,Inspect,Roll,Steel,,
S6500W1PPMM1,S6516,Inspect,Roll,Chrome,,
S6500W1PPMM1,S6516,Measure,Roll,Thickness,Chrome,
S6500W1PPMM1,S6516,Replace,Scraper,Blade,,
S6500W1PPMM1,S6516,Inspect,Arm,,,
S6500W1PPMM1,S6516,Inspect,Air,Actuator,,
S6500M1PPMM,S6516,Inspect,Belt,Timing,,
S6500W1PPMM,S6517,Inspect,GearBox,,,
S6500W1PPMM,S6517,Inspect,Bolt,,,
S6500W1PPMM1,S6517,Inspect,Roll,Steel,,
S6500M1PPMM,S6517,Inspect,Belt,Timing,,
S6500W1PPMM,S6518,Inspect,GearBox,,,
S6500W1PPMM,S6518,Inspect,Bolt,,,
S6500W1PPMM1,S6518,Inspect,Roll,Steel,,
S6500M1PPMM,S6518,Inspect,Belt,Timing,,
S6500W1PPMM,S6520,Inspect,GearBox,,,
S6500W1PPMM,S6520,Inspect,Bolt,,,
S6500W1PPMM1,S6520,Inspect,Roll,Anvil,,
S6500W1PPMM1,S6520,Inspect,Arm,,,
S6500M1PPMM,S6520,Inspect,Belt,Timing,,
S6500W1PPMM,S6521,Inspect,Valve,,,
S6500W1PPMM,S6521,Inspect,Bolt,,,
S6500W1PPMM,S6521,Inspect,Filter,,,
S6500W1PPMM1,S6521,Inspect,Plate,,,
S6500W1PPMM1,S6521,Inspect,Cylinder,Hydraulic,,
S6500W1PPMM1,S6521,Inspect,Gauge,,,
S6500W1PPMM,S6522,Inspect,GearBox,,,
S6500W1PPMM,S6522,Inspect,Bolt,,,
S6500W1PPMM1,S6522,Inspect,Knife,Carbide,,
S6500W1PPMM1,S6522,Inspect,Bumper,Rubber,,
S6500W1PPMM1,S6522,Inspect,Block,Bolt,,
S6500W1PPMM1,S6522,Inspect,Cylinder,,,
S6500W1PPMM1,S6522,Inspect,Cylinder,Oil,,
S6500W1PPMM1,S6522,Inspect,Arm,,,
S6500W1PPMM1,S6522,Inspect,Roll,Steel,,
S6500M1PPMM,S6522,Inspect,Belt,Timing,,
S6500W1PPMM,S6523,Inspect,Valve,,,
S6500W1PPMM,S6523,Inspect,Hose,,,
S6500W1PPMM1,S6523,Inspect,Spray,Nozzle,,
S6500W1PPMM,S6526,Inspect,GearBox,,,
S6500W1PPMM,S6526,Inspect,Bolt,,,
S6500W1PPMM1,S6526,Inspect,Tile,,,
S6500W1PPMM1,S6526,Inspect,Belt,Conveyor,,
S6500W1PPMM1,S6526,Inspect,Arm,,,
S6500W1PPMM1,S6526,Inspect,Plate,,,
S6500M1PPMM,S6526,Inspect,Belt,Timing,,
S6500M1PPMM,S6526,Inspect,Belt,Conveyor,,
S6500M6PPMM,S6526,Inspect,Frame,,,
S6500W1PPMM,S6530,Inspect,Guard,,,
S6500W1PPMM,S6530,Inspect,Bolt,,,
S6500M6PPMM,S6530,Inspect,Frame,,,
S6500W1PPMM,S6532,Inspect,GearBox,,,
S6500W1PPMM,S6532,Inspect,Bolt,,,
S6500W1PPMM1,S6532,Inspect,Roll,Ceramic,Flange,
S6500M1PPMM,S6532,Inspect,Belt,Timing,,
S6500W1PPMM,S6534,Inspect,GearBox,,,
S6500W1PPMM,S6534,Inspect,Bolt,,,
S6500W1PPMM1,S6534,Inspect,Roll,Steel,,
S6500W1PPMM1,S6534,Inspect,Roll,Chrome,,
S6500W1PPMM1,S6534,Measure,Roll,Thickness,Chrome,
S6500W1PPMM1,S6534,Replace,Scraper,Blade,,
S6500W1PPMM1,S6534,Inspect,Arm,,,
S6500W1PPMM1,S6534,Inspect,Air,Actuator,,
S6500M1PPMM,S6534,Inspect,Belt,Timing,,
S6500W1PPMM,S6536,Inspect,GearBox,,,
S6500W1PPMM,S6536,Inspect,Bolt,,,
S6500W1PPMM1,S6536,Inspect,Roll,Steel,,
S6500W1PPMM1,S6536,Inspect,Roll,Chrome,,
S6500W1PPMM1,S6536,Measure,Roll,Thickness,Chrome,
S6500W1PPMM1,S6536,Replace,Scraper,Blade,,
S6500W1PPMM1,S6536,Inspect,Arm,,,
S6500W1PPMM1,S6536,Inspect,Air,Actuator,,
S6500M1PPMM,S6536,Inspect,Belt,Timing,,
S6500W1PPMM,S6537,Inspect,GearBox,,,
S6500W1PPMM,S6537,Inspect,Bolt,,,
S6500W1PPMM1,S6537,Inspect,Roll,Steel,,
S6500M1PPMM,S6537,Inspect,Belt,Timing,,
S6500W1PPMM,S6538,Inspect,GearBox,,,
S6500W1PPMM,S6538,Inspect,Bolt,,,
S6500W1PPMM1,S6538,Inspect,Roll,Steel,,
S6500M1PPMM,S6538,Inspect,Belt,Timing,,
S6500W1PPMM,S6540,Inspect,GearBox,,,
S6500W1PPMM,S6540,Inspect,Bolt,,,
S6500W1PPMM1,S6540,Inspect,Roll,Anvil,,
S6500W1PPMM1,S6540,Inspect,Arm,,,
S6500M1PPMM,S6540,Inspect,Belt,Timing,,
S6500W1PPMM,S6541,Inspect,Valve,,,
S6500W1PPMM,S6541,Inspect,Bolt,,,
S6500W1PPMM,S6541,Inspect,Filter,,,
S6500W1PPMM1,S6541,Inspect,Plate,,,
S6500W1PPMM1,S6541,Inspect,Cylinder,Hydraulic,,
S6500W1PPMM1,S6541,Inspect,Gauge,,,
S6500W1PPMM,S6542,Inspect,GearBox,,,
S6500W1PPMM,S6542,Inspect,Bolt,,,
S6500W1PPMM1,S6542,Inspect,Knife,Carbide,,
S6500W1PPMM1,S6542,Inspect,Bumper,Rubber,,
S6500W1PPMM1,S6542,Inspect,Block,Bolt,,
S6500W1PPMM1,S6542,Inspect,Cylinder,,,
S6500W1PPMM1,S6542,Inspect,Cylinder,Oil,,
S6500W1PPMM1,S6542,Inspect,Arm,,,
S6500W1PPMM1,S6542,Inspect,Roll,Steel,,
S6500M1PPMM,S6542,Inspect,Belt,Timing,,
S6500W1PPMM,S6543,Inspect,Valve,,,
S6500W1PPMM,S6543,Inspect,Hose,,,
S6500W1PPMM1,S6543,Inspect,Spray,Nozzle,,
S6500W1PPMM,S6546,Inspect,GearBox,,,
S6500W1PPMM,S6546,Inspect,Bolt,,,
S6500W1PPMM1,S6546,Inspect,Tile,,,
S6500W1PPMM1,S6546,Inspect,Belt,Conveyor,,
S6500W1PPMM1,S6546,Inspect,Arm,,,
S6500W1PPMM1,S6546,Inspect,Plate,,,
S6500M1PPMM,S6546,Inspect,Belt,Timing,,
S6500M1PPMM,S6546,Inspect,Belt,Conveyor,,
S6500M6PPMM,S6546,Inspect,Frame,,,
S6500W1PPMM1,S6524,Inspect,Guide,,,
S6500M1PPMM,S6524,Inspect,Belt,Timing,,
S6500M1PPMM,S6524,Inspect,Belt,Conveyor,,
S6500M6PPMM,S6524,Inspect,Frame,,,
S6500W1PPMM1,S6544,Inspect,Guide,,,
S6500M1PPMM,S6544,Inspect,Belt,Timing,,
S6500M1PPMM,S6544,Inspect,Belt,Conveyor,,
S6500M6PPMM,S6544,Inspect,Frame,,,
S0001W1PPMM4,S2010,Inspect,Filter,,,
S0001W1PPMM5,S2010,Inspect,Spray,Nozzle,,
S2010Y2PPMM,S2010,Hydraulic,Oil,Sampling,,
S2000M1PPMM,S2010,Inspect,Chucks,,,
S2010M3PPMM1,S2010,Inspect,Disk,Brake,,
S0001M6PPMM2,S2010,Inspect,Frame,,,
S0001W1PPMM4,S2015,Inspect,Mandrel,,,
S2000M1PPMM,S2015,Inspect,Chucks,,,
S0001W1PPMM4,S2016,Inspect,Mandrel,,,
S2000M1PPMM,S2016,Inspect,Chucks,,,
S0001W1PPMM4,S2017,Inspect,Mandrel,,,
S2000M1PPMM,S2017,Inspect,Chucks,,,
S0001W1PPMM4,S2026,Inspect,Hose,,,
S0001W1PPMM5,S2026,Inspect,Spray,Nozzle,,
S0001M6PPMM2,S2026,Inspect,Frame,,,
S0001W1PPMM4,S2045,Inspect,Bolt,,,
S0001W1PPMM4,S2045,Inspect,Regulator,,,
S0001W1PPMM4,S2045,Inspect,Hose,,,
S0001W1PPMM4,S2045,Inspect,Cylinder,,,
S0001W1PPMM5,S2045,Inspect,Roll,Steel,,
S0001W1PPMM5,S2045,Inspect,Spray,Nozzle,,
S0001W1PPMM5,S2045,Inspect,Cylinder,,,
S0001W1PPMM5,S2045,Inspect,Pre,,,
S0001M6PPMM2,S2045,Inspect,Frame,,,
S0001W1PPMM4,S2082,Inspect,Bolt,,,
S0001W1PPMM5,S2082,Inspect,Roll,Steel,,
S0001M6PPMM2,S2082,Inspect,Frame,,,
S0001W1PPMM4,S2083,Inspect,Bolt,,,
S0001W1PPMM4,S2083,Inspect,Guard,,,
S0001M6PPMM2,S2083,Inspect,Frame,,,
S0001W1PPMM4,S2084,Inspect,Guard,,,
S0001W1PPMM4,S2090,Inspect,Bolt,,,
S0001W1PPMM4,S2090,Inspect,GearBox,,,
S0001W1PPMM4,S2090,Inspect,Guard,,,
S0001W1PPMM5,S2090,Inspect,Roll,Steel,,
S2081M1PPMM,S2090,Inspect,Belts,,,
S0001M6PPMM2,S2090,Inspect,Frame,,,
S0001W1PPMM4,S2092,Inspect,Bolt,,,
S0001W1PPMM5,S2092,Inspect,Roll,Steel,,
S0001W1PPMM4,S2100,Inspect,Bolt,,,
S0001W1PPMM5,S2100,Inspect,Roll,Steel,,
S0001W1PPMM5,S2100,Inspect,Guide,,,
S0001M6PPMM2,S2100,Inspect,Frame,,,
S0001W1PPMM4,S2102,Inspect,Bolt,,,
S0001W1PPMM4,S2102,Inspect,GearBox,,,
S0001W1PPMM4,S2103,Inspect,Bolt,,,
S0001W1PPMM5,S2103,Inspect,Roll,Steel,,
S0001W1PPMM4,S2122,Inspect,Bolt,,,
S0001W1PPMM5,S2122,Inspect,Roll,Steel,,
S0001M6PPMM2,S2122,Inspect,Frame,,,
S0001W1PPMM4,S2131,Inspect,Bolt,,,
S0001W1PPMM5,S2131,Inspect,Roll,Steel,,
S0001W1PPMM4,S2138,Inspect,Bolt,,,
S0001W1PPMM4,S2138,Inspect,GearBox,,,
S0001W1PPMM4,S2138,Inspect,Guard,,,
S0001W1PPMM5,S2138,Inspect,Roll,Steel,,
S2081M1PPMM,S2138,Inspect,Belts,,,
S0001W1PPMM4,S2148,Inspect,Bolt,,,
S0001W1PPMM5,S2148,Inspect,Roll,Steel,,
S0001W1PPMM4,S2151,Inspect,Bolt,,,
S0001W1PPMM5,S2151,Inspect,Roll,,,
S0001W1PPMM5,S2025,Inspect,Spray,Nozzle,,
S0001M6PPMM2,S2025,Inspect,Frame,,,
S0001W1PPMM5,S2104,Inspect,Counterweight,,,
S0001M6PPMM2,S2020,Inspect,Frame,,,
S0001M6PPMM2,S2021,Inspect,Frame,,,
A0001W1PPMM1,C7728,Inspect,Trough,Screw,,
A0001W1PPMM1,C7728,Inspect,Gland,Packing,,
A0001W1PPMM1,C7728,Inspect,Bolt,,,
A0001W1PPMM1,C7728,Inspect,Guard,,,
A0001W1PPMM1,C7728,Inspect,GearBox,,,
A0001M6PPMM,C7728,Inspect,Frame,,,
A0001M3PPMM,C7728,Inspect,Belt,V,,
A0001W1PPMM1,C7732,Inspect,Guard,,,
A0001W1PPMM1,C7732,Inspect,Bolt,,,
A0001W1PPMM1,C7732,Inspect,GearBox,,,
A0001W1PPMM1,C7732,Inspect,Chute,,,
A0001M6PPMM,C7732,Inspect,Elevator,Body,,
A0001M6PPMM,C7732,Inspect,Elevator,Head,,
A0001M6PPMM,C7732,Inspect,Frame,,,
A0001M3PPMM,C7732,Inspect,Belt,V,,
A0001M3PPMM3,C7732,Inspect,Elevator,Belt,,
A0001M3PPMM3,C7732,Inspect,Bucket,,,
A0001W1PPMM1,S0118,Inspect,Trough,Screw,,
A0001W1PPMM1,S0118,Inspect,Gland,Packing,,
A0001W1PPMM1,S0118,Inspect,Bolt,,,
A0001W1PPMM1,S0118,Inspect,Guard,,,
A0001W1PPMM1,S0118,Inspect,GearBox,,,
A0001M6PPMM,S0118,Inspect,Frame,,,
A0001M3PPMM,S0118,Inspect,Belt,V,,
A0001W1PPMM1,S0121,Inspect,Guard,,,
A0001W1PPMM1,S0121,Inspect,Bolt,,,
A0001W1PPMM1,S0121,Inspect,GearBox,,,
A0001W1PPMM1,S0121,Inspect,Chute,,,
A0001M6PPMM,S0121,Inspect,Elevator,Body,,
A0001M6PPMM,S0121,Inspect,Elevator,Head,,
A0001M6PPMM,S0121,Inspect,Frame,,,
A0001M3PPMM,S0121,Inspect,Belt,V,,
A0001M3PPMM3,S0121,Inspect,Elevator,Belt,,
A0001M3PPMM3,S0121,Inspect,Bucket,,,
A0001W1PPMM1,S0122,Inspect,Trough,Screw,,
A0001W1PPMM1,S0122,Inspect,Gland,Packing,,
A0001W1PPMM1,S0122,Inspect,Bolt,,,
A0001W1PPMM1,S0122,Inspect,Guard,,,
A0001W1PPMM1,S0122,Inspect,GearBox,,,
A0001M6PPMM,S0122,Inspect,Frame,,,
A0001M3PPMM,S0122,Inspect,Belt,V,,
A0001W1PPMM1,S0268,Inspect,Guard,,,
A0001W1PPMM1,S0268,Inspect,Bolt,,,
A0001M6PPMM,S0268,Inspect,Frame,,,
A0001M3PPMM,S0268,Inspect,Belt,V,,
A0001W1PPMM1,S0282,Inspect,Trough,Screw,,
A0001W1PPMM1,S0282,Inspect,Gland,Packing,,
A0001W1PPMM1,S0282,Inspect,Bolt,,,
A0001W1PPMM1,S0282,Inspect,Guard,,,
A0001W1PPMM1,S0282,Inspect,GearBox,,,
A0001M6PPMM,S0282,Inspect,Frame,,,
A0001M3PPMM,S0282,Inspect,Belt,V,,
A0001M6PPMM,S0244,Inspect,Bin,,,
A0001M6PPMM,S0265,Inspect,Bin,,,
A0001M6PPMM,S0272,Inspect,Bin,,,
S3350W1PPMM,S3360,Inspect,GearBox,,,
S3350W1PPMM,S3360,Inspect,Guard,,,
S3350W1PPMM1,S3360,Inspect,Roll,Chrome,,
S3355M1PPMM,S3360,Inspect,Timing,Belts,,
S3350M6PPMM,S3360,Inspect,Frame,,,
S3350W1PPMM,S3375,Inspect,GearBox,,,
S3350W1PPMM,S3375,Inspect,Guard,,,
S3350M6PPMM,S3375,Inspect,Frame,,,
S3350W1PPMM,S3380,Inspect,Guard,,,
S3350M6PPMM,S3380,Inspect,Frame,,,
S3350W1PPMM,S3390,Inspect,GearBox,,,
S3350W1PPMM,S3390,Inspect,Guard,,,
S3350W1PPMM1,S3390,Inspect,Plate,"Wear,PC",,
S3350W1PPMM1,S3390,Inspect,Wheel,Carriage,,
S3350W1PPMM1,S3390,Inspect,Cylinders,,,
S3350W1PPMM1,S3390,Inspect,Guide,,,
S3355M1PPMM,S3390,Inspect,Timing,Belts,,
S3350M3PPMM,S3390,Inspect,Cylinder,,,
S3350M6PPMM,S3390,Inspect,Frame,,,
S3350W1PPMM,S3429,Inspect,GearBox,,,
S3350W1PPMM,S3429,Inspect,Guard,,,
S3355M1PPMM,S3429,Inspect,Timing,Belts,,
S3350W1PPMM,S3435,Inspect,GearBox,,,
S3350W1PPMM,S3435,Inspect,Regulator,,,
S3350W1PPMM,S3435,Inspect,Gauge,,,
S3350W1PPMM1,S3435,Inspect,Spray,Nozzle,,
S3350W1PPMM1,S3435,Inspect,Cylinders,,,
S3350W1PPMM1,S3435,Inspect,Roll,Steel,,
S3350M3PPMM,S3435,Inspect,Regulator,,,
S3350M3PPMM,S3435,Inspect,Hose,,,
S3350M3PPMM,S3435,Inspect,Cylinder,,,
S3350M6PPMM,S3435,Inspect,Frame,,,
S3350W1PPMM1,S3363,Inspect,Roll,Rubber,,
S3350W1PPMM1,S3363,Inspect,Cylinders,,,
S3350M3PPMM,S3363,Inspect,Cylinder,,,
S3350W1PPMM1,S3365,Inspect,Roll,Chrome,,
S3350M6PPMM,S3356,Inspect,Frame,,,
H2000W1PPMO,H2040,Inspect,Gauges,,,
H2000M6PPMM,H2040,Inspect,Frame,,,
H2000W1PPMO,H2043,Inspect,Guards,,,
H2000W1PPMO,H2043,Inspect,Bolts,,,
H2000M6PPMM,H2043,Inspect,Frame,,,
H2000M3PPMM1,H2043,Inspect,V-Belt,,,
H2000M3PPMM1,H2043,Clean,V-Belt,,,
H2000W1PPMO,H2058,Inspect,Diaphragm,Pump,,
H2000W1PPMO,H2058,Inspect,Valve,,,
H2000W1PPMO,H2058,Inspect,Bolts,,,
H2000W1PPMO,H2059,Inspect,Diaphragm,Pump,,
H2000W1PPMO,H2059,Inspect,Valve,,,
H2000W1PPMO,H2059,Inspect,Bolts,,,
H2000W1PPMO,H2062,Inspect,Tank,Body,,
H2000Y1PPMM,H2062,Inspect,Tank,Body,,
H2000W1PPMO,H2484,Inspect,Gauges,,,
H2000M6PPMM,H2484,Inspect,Frame,,,
H2000W1PPMO,H2486,Inspect,Guards,,,
H2000W1PPMO,H2486,Inspect,Bolts,,,
H2000M6PPMM,H2486,Inspect,Frame,,,
H2000M3PPMM1,H2486,Inspect,V-Belt,,,
H2000M3PPMM1,H2486,Clean,V-Belt,,,
H2000W1PPMO,H2496,Inspect,Tank,Body,,
H2000Y1PPMM,H2496,Inspect,Tank,Body,,
H2000M6PPMM,H2046,Inspect,Frame,,,
H2000M6PPMM,H2064,Inspect,Frame,,,
H2000M6PPMM,H2489,Inspect,Frame,,,
H2000M3PPMM,H2011,Inspect,Pipe,Fume,,
H2000M3PPMM,H2482,Inspect,Pipe,Fume,,
S0001W1PPMM16,S0606,Inspect,Guard,,,
S0001W1PPMM16,S0606,Inspect,Bolt,,,
S0001W1PPMM16,S0606,Inspect,GearBox,,,
S0001W1PPMM16,S0606,Inspect,Belt,Conveyor,,
S0001W1PPMM16,S0606,Inspect,LaneGuide,,,
S0001W1PPMM16,S0606,Inspect,Chute,,,
S0001M6PPMM7,S0606,Inspect,Frame,,,
S0001M3PPMM6,S0606,Inspect,Belts,V,,
S0001M1PPMM2,S0606,Inspect,Belt,Conveyor,,
S0001W1PPMM16,S0630,Inspect,Guard,,,
S0001W1PPMM16,S0630,Inspect,Bolt,,,
S0001W1PPMM16,S0630,Inspect,GearBox,,,
S0001W1PPMM16,S0630,Inspect,Belt,Conveyor,,
S0001W1PPMM16,S0630,Inspect,LaneGuide,,,
S0001W1PPMM16,S0630,Inspect,Chute,,,
S0001M6PPMM7,S0630,Inspect,Frame,,,
S0001M3PPMM6,S0630,Inspect,Belts,V,,
S0001M1PPMM2,S0630,Inspect,Belt,Conveyor,,
S0001W1PPMM16,S0642,Inspect,Elevator,Belt,,
S0001W1PPMM16,S0642,Inspect,Bolt,,,
S0001W1PPMM16,S0642,Inspect,Bucket,,,
S0001W1PPMM16,S0642,Inspect,Guard,,,
S0001W1PPMM16,S0642,Inspect,GearBox,,,
S0001W1PPMM16,S0642,Inspect,Chute,,,
S0001M6PPMM7,S0642,Inspect,Frame,,,
S0001M3PPMM6,S0642,Inspect,Belts,V,,
S0001W1PPMM16,S0643,Inspect,Elevator,Belt,,
S0001W1PPMM16,S0643,Inspect,Bolt,,,
S0001W1PPMM16,S0643,Inspect,Bucket,,,
S0001W1PPMM16,S0643,Inspect,Guard,,,
S0001W1PPMM16,S0643,Inspect,GearBox,,,
S0001W1PPMM16,S0643,Inspect,Chute,,,
S0001M6PPMM7,S0643,Inspect,Frame,,,
S0001M3PPMM6,S0643,Inspect,Belts,V,,
S0001W1PPMM16,S0656,Inspect,Guard,,,
S0001W1PPMM16,S0656,Inspect,Bolt,,,
S0001W1PPMM16,S0656,Inspect,GearBox,,,
S0001W1PPMM16,S0656,Inspect,Belt,Conveyor,,
S0001W1PPMM16,S0656,Inspect,LaneGuide,,,
S0001W1PPMM16,S0656,Inspect,Chute,,,
S0001M6PPMM7,S0656,Inspect,Frame,,,
S0001M3PPMM6,S0656,Inspect,Belts,V,,
S0001M1PPMM2,S0656,Inspect,Belt,Conveyor,,
S0001W1PPMM16,S0657,Inspect,Guard,,,
S0001W1PPMM16,S0657,Inspect,Bolt,,,
S0001W1PPMM16,S0657,Inspect,GearBox,,,
S0001W1PPMM16,S0657,Inspect,Belt,Conveyor,,
S0001W1PPMM16,S0657,Inspect,LaneGuide,,,
S0001W1PPMM16,S0657,Inspect,Chute,,,
S0001M6PPMM7,S0657,Inspect,Frame,,,
S0001M3PPMM6,S0657,Inspect,Belts,V,,
S0001M1PPMM2,S0657,Inspect,Belt,Conveyor,,
S0001W1PPMM16,S0890,Inspect,Trough,Screw,,
S0001W1PPMM16,S0890,Inspect,Gland,Packing,,
S0001W1PPMM16,S0890,Inspect,Bolt,,,
S0001W1PPMM16,S0890,Inspect,Guard,,,
S0001W1PPMM16,S0890,Inspect,GearBox,,,
S0001M6PPMM7,S0890,Inspect,Frame,,,
S0001M3PPMM6,S0890,Inspect,Belts,V,,
S0001W1PPMM16,S0895,Inspect,Trough,Screw,,
S0001W1PPMM16,S0895,Inspect,Gland,Packing,,
S0001W1PPMM16,S0895,Inspect,Bolt,,,
S0001W1PPMM16,S0895,Inspect,Guard,,,
S0001W1PPMM16,S0895,Inspect,GearBox,,,
S0001M6PPMM7,S0895,Inspect,Frame,,,
S0001M3PPMM6,S0895,Inspect,Belts,V,,
S0001W1PPMM16,S2703,Inspect,Trough,Screw,,
S0001W1PPMM16,S2703,Inspect,Gland,Packing,,
S0001W1PPMM16,S2703,Inspect,Bolt,,,
S0001W1PPMM16,S2703,Inspect,Guard,,,
S0001W1PPMM16,S2703,Inspect,GearBox,,,
S0001M6PPMM7,S2703,Inspect,Frame,,,
S0001M3PPMM6,S2703,Inspect,Belts,V,,
S0001W1PPMM16,S2704,Inspect,Trough,Screw,,
S0001W1PPMM16,S2704,Inspect,Gland,Packing,,
S0001W1PPMM16,S2704,Inspect,Bolt,,,
S0001W1PPMM16,S2704,Inspect,Guard,,,
S0001W1PPMM16,S2704,Inspect,GearBox,,,
S0001M6PPMM7,S2704,Inspect,Frame,,,
S0001M3PPMM6,S2704,Inspect,Belts,V,,
S0001W1PPMM16,S2705,Inspect,Trough,Screw,,
S0001W1PPMM16,S2705,Inspect,Gland,Packing,,
S0001W1PPMM16,S2705,Inspect,Bolt,,,
S0001W1PPMM16,S2705,Inspect,Guard,,,
S0001W1PPMM16,S2705,Inspect,GearBox,,,
S0001M6PPMM7,S2705,Inspect,Frame,,,
S0001M3PPMM6,S2705,Inspect,Belts,V,,
S0001W1PPMM16,S2706,Inspect,Trough,Screw,,
S0001W1PPMM16,S2706,Inspect,Gland,Packing,,
S0001W1PPMM16,S2706,Inspect,Bolt,,,
S0001W1PPMM16,S2706,Inspect,Guard,,,
S0001W1PPMM16,S2706,Inspect,GearBox,,,
S0001M6PPMM7,S2706,Inspect,Frame,,,
S0001M3PPMM6,S2706,Inspect,Belts,V,,
S0001W1PPMM16,S2707,Inspect,Trough,Screw,,
S0001W1PPMM16,S2707,Inspect,Gland,Packing,,
S0001W1PPMM16,S2707,Inspect,Bolt,,,
S0001W1PPMM16,S2707,Inspect,Guard,,,
S0001W1PPMM16,S2707,Inspect,GearBox,,,
S0001M6PPMM7,S2707,Inspect,Frame,,,
S0001M3PPMM6,S2707,Inspect,Belts,V,,
S0001W1PPMM16,S2708,Inspect,Trough,Screw,,
S0001W1PPMM16,S2708,Inspect,Gland,Packing,,
S0001W1PPMM16,S2708,Inspect,Bolt,,,
S0001W1PPMM16,S2708,Inspect,Guard,,,
S0001W1PPMM16,S2708,Inspect,GearBox,,,
S0001M6PPMM7,S2708,Inspect,Frame,,,
S0001M3PPMM6,S2708,Inspect,Belts,V,,
S0001W1PPMM16,S2710,Inspect,Trough,Screw,,
S0001W1PPMM16,S2710,Inspect,Gland,Packing,,
S0001W1PPMM16,S2710,Inspect,Bolt,,,
S0001W1PPMM16,S2710,Inspect,Guard,,,
S0001W1PPMM16,S2710,Inspect,GearBox,,,
S0001M6PPMM7,S2710,Inspect,Frame,,,
S0001M3PPMM6,S2710,Inspect,Belts,V,,
S0001W1PPMM16,S2726,Inspect,Trough,Screw,,
S0001W1PPMM16,S2726,Inspect,Gland,Packing,,
S0001W1PPMM16,S2726,Inspect,Bolt,,,
S0001W1PPMM16,S2726,Inspect,Guard,,,
S0001W1PPMM16,S2726,Inspect,GearBox,,,
S0001M6PPMM7,S2726,Inspect,Frame,,,
S0001M3PPMM6,S2726,Inspect,Belts,V,,
S0001W1PPMM16,S2727,Inspect,Trough,Screw,,
S0001W1PPMM16,S2727,Inspect,Gland,Packing,,
S0001W1PPMM16,S2727,Inspect,Bolt,,,
S0001W1PPMM16,S2727,Inspect,Guard,,,
S0001W1PPMM16,S2727,Inspect,GearBox,,,
S0001M6PPMM7,S2727,Inspect,Frame,,,
S0001M3PPMM6,S2727,Inspect,Belts,V,,
S0001W1PPMM16,S2728,Inspect,Trough,Screw,,
S0001W1PPMM16,S2728,Inspect,Gland,Packing,,
S0001W1PPMM16,S2728,Inspect,Bolt,,,
S0001W1PPMM16,S2728,Inspect,Guard,,,
S0001W1PPMM16,S2728,Inspect,GearBox,,,
S0001M6PPMM7,S2728,Inspect,Frame,,,
S0001M3PPMM6,S2728,Inspect,Belts,V,,
S0001W1PPMM16,S2729,Inspect,Trough,Screw,,
S0001W1PPMM16,S2729,Inspect,Gland,Packing,,
S0001W1PPMM16,S2729,Inspect,Bolt,,,
S0001W1PPMM16,S2729,Inspect,Guard,,,
S0001W1PPMM16,S2729,Inspect,GearBox,,,
S0001M6PPMM7,S2729,Inspect,Frame,,,
S0001M3PPMM6,S2729,Inspect,Belts,V,,
S0001W1PPMM16,S2732,Inspect,Elevator,Belt,,
S0001W1PPMM16,S2732,Inspect,Bolt,,,
S0001W1PPMM16,S2732,Inspect,Bucket,,,
S0001W1PPMM16,S2732,Inspect,Guard,,,
S0001W1PPMM16,S2732,Inspect,GearBox,,,
S0001W1PPMM16,S2732,Inspect,Chute,,,
S0001M6PPMM7,S2732,Inspect,Frame,,,
S0001M3PPMM6,S2732,Inspect,Belts,V,,
S0001W1PPMM16,S2740,Inspect,Guard,,,
S0001W1PPMM16,S2740,Inspect,Bolt,,,
S0001W1PPMM16,S2740,Inspect,GearBox,,,
S0001W1PPMM16,S2740,Inspect,Belt,Conveyor,,
S0001W1PPMM16,S2740,Inspect,LaneGuide,,,
S0001W1PPMM16,S2740,Inspect,Chute,,,
S0001M6PPMM7,S2740,Inspect,Frame,,,
S0001M3PPMM6,S2740,Inspect,Belts,V,,
S0001M1PPMM2,S2740,Inspect,Belt,Conveyor,,
S0001W1PPMM16,S2761,Inspect,Guard,,,
S0001W1PPMM16,S2761,Inspect,Bolt,,,
S0001W1PPMM16,S2761,Inspect,GearBox,,,
S0001W1PPMM16,S2761,Inspect,Belt,Conveyor,,
S0001W1PPMM16,S2761,Inspect,LaneGuide,,,
S0001W1PPMM16,S2761,Inspect,Chute,,,
S0001M6PPMM7,S2761,Inspect,Frame,,,
S0001M3PPMM6,S2761,Inspect,Belts,V,,
S0001M1PPMM2,S2761,Inspect,Belt,Conveyor,,
S0001W1PPMM16,S2763,Inspect,Guard,,,
S0001W1PPMM16,S2763,Inspect,Bolt,,,
S0001W1PPMM16,S2763,Inspect,GearBox,,,
S0001W1PPMM16,S2763,Inspect,Belt,Conveyor,,
S0001W1PPMM16,S2763,Inspect,LaneGuide,,,
S0001W1PPMM16,S2763,Inspect,Chute,,,
S0001M6PPMM7,S2763,Inspect,Frame,,,
S0001M3PPMM6,S2763,Inspect,Belts,V,,
S0001M1PPMM2,S2763,Inspect,Belt,Conveyor,,
S0001W1PPMM16,S2780,Inspect,Elevator,Belt,,
S0001W1PPMM16,S2780,Inspect,Bolt,,,
S0001W1PPMM16,S2780,Inspect,Bucket,,,
S0001W1PPMM16,S2780,Inspect,Guard,,,
S0001W1PPMM16,S2780,Inspect,GearBox,,,
S0001W1PPMM16,S2780,Inspect,Chute,,,
S0001M6PPMM7,S2780,Inspect,Frame,,,
S0001M3PPMM6,S2780,Inspect,Belts,V,,
S0001W1PPMM16,S2781,Inspect,Guard,,,
S0001W1PPMM16,S2781,Inspect,Bolt,,,
S0001W1PPMM16,S2781,Inspect,GearBox,,,
S0001W1PPMM16,S2781,Inspect,Belt,Conveyor,,
S0001W1PPMM16,S2781,Inspect,LaneGuide,,,
S0001W1PPMM16,S2781,Inspect,Chute,,,
S0001M6PPMM7,S2781,Inspect,Frame,,,
S0001M3PPMM6,S2781,Inspect,Belts,V,,
S0001M1PPMM2,S2781,Inspect,Belt,Conveyor,,
S2835M3PPMM,S2835,Inspect,Screen,,,
S0670W1PPMM,S0670,Inspect,Guard,,,
S0670W1PPMM,S0670,Inspect,Bolt,,,
S0670W1PPMM,S0670,Inspect,Gearbox,,,
S0670M6PPMM,S0670,Inspect,Frame,,,
S0601M3PPMM,S0670,Inspect,Spout,Granule,,
S0601M3PPMM,S0670,Inspect,Chute,,,
S0670M1PPMM,S0670,Inspect,Belts,Timing,,
S0670Y1LUBM,S0670,Replace,Gearbox,Oil,,
S0601M3PPMM,S0671,Inspect,Hose,,,
S0600M2PPMM,S0731,Inspect,Bins,,,
S0600M2PPMM,S0734,Inspect,Bins,,,
S0600M2PPMM,S0737,Inspect,Bins,,,
S0600M2PPMM,S0761,Inspect,Bins,,,
S0600M2PPMM,S0800,Inspect,Bins,,,
S0600M2PPMM,S0803,Inspect,Bins,,,
S0600M2PPMM,S0806,Inspect,Bins,,,
S0600M2PPMM,S0809,Inspect,Bins,,,
S0600M2PPMM,S0812,Inspect,Bins,,,
S0600M2PPMM,S0815,Inspect,Bins,,,
S0600M2PPMM,S0818,Inspect,Bins,,,
S0600M2PPMM,S0821,Inspect,Bins,,,
S0600M2PPMM,S0824,Inspect,Bins,,,
S0600M2PPMM,S0827,Inspect,Bins,,,
S0600M2PPMM,S0830,Inspect,Bins,,,
S0600M2PPMM,S0833,Inspect,Bins,,,
S0600M2PPMM,S0836,Inspect,Bins,,,
S0600M2PPMM,S0839,Inspect,Bins,,,
S0790M6PPMM,S0790,Inspect,Ducting,,,
A0001W1PPMM2,C7423,Inspect,Guard,,,
A0001W1PPMM2,C7423,Inspect,Bolt,,,
A0001W1PPMM2,C7423,Inspect,GearBox,,,
A0001W1PPMM2,C7423,Inspect,Belt,Conveyor,,
A0001W1PPMM2,C7423,Inspect,LaneGuide,,,
A0001W1PPMM2,C7423,Inspect,Chute,,,
A0001M6PPMM1,C7423,Inspect,Frame,,,
A0001M3PPMM1,C7423,Inspect,Belt,V,,
A0001M1PPMM,C7423,Inspect,Belt,Conveyor,,
A0001W1PPMM2,C7424,Inspect,Guard,,,
A0001W1PPMM2,C7424,Inspect,Bolt,,,
A0001W1PPMM2,C7424,Inspect,GearBox,,,
A0001W1PPMM2,C7424,Inspect,Belt,Conveyor,,
A0001W1PPMM2,C7424,Inspect,LaneGuide,,,
A0001W1PPMM2,C7424,Inspect,Chute,,,
A0001M6PPMM1,C7424,Inspect,Frame,,,
A0001M3PPMM1,C7424,Inspect,Belt,V,,
A0001M1PPMM,C7424,Inspect,Belt,Conveyor,,
A0001W1PPMM2,S0602,Inspect,Guard,,,
A0001W1PPMM2,S0602,Inspect,Bolt,,,
A0001W1PPMM2,S0602,Inspect,GearBox,,,
A0001W1PPMM2,S0602,Inspect,Belt,Conveyor,,
A0001W1PPMM2,S0602,Inspect,LaneGuide,,,
A0001W1PPMM2,S0602,Inspect,Chute,,,
A0001M6PPMM1,S0602,Inspect,Frame,,,
A0001M3PPMM1,S0602,Inspect,Belt,V,,
A0001M1PPMM,S0602,Inspect,Belt,Conveyor,,
A0001W1PPMM2,S0603,Inspect,Guard,,,
A0001W1PPMM2,S0603,Inspect,Bolt,,,
A0001W1PPMM2,S0603,Inspect,GearBox,,,
A0001W1PPMM2,S0603,Inspect,Belt,Conveyor,,
A0001W1PPMM2,S0603,Inspect,LaneGuide,,,
A0001W1PPMM2,S0603,Inspect,Chute,,,
A0001M6PPMM1,S0603,Inspect,Frame,,,
A0001M3PPMM1,S0603,Inspect,Belt,V,,
A0001M1PPMM,S0603,Inspect,Belt,Conveyor,,
A0001W1PPMM2,S0605,Inspect,Guard,,,
A0001W1PPMM2,S0605,Inspect,Bolt,,,
A0001W1PPMM2,S0605,Inspect,GearBox,,,
A0001W1PPMM2,S0605,Inspect,Belt,Conveyor,,
A0001W1PPMM2,S0605,Inspect,LaneGuide,,,
A0001W1PPMM2,S0605,Inspect,Chute,,,
A0001M6PPMM1,S0605,Inspect,Frame,,,
A0001M3PPMM1,S0605,Inspect,Belt,V,,
A0001M1PPMM,S0605,Inspect,Belt,Conveyor,,
C7402W1PPMM,C7409,Inspect,Guard,,,
C7402W1PPMM,C7409,Inspect,Bolt,,,
C7402W1PPMM,C7409,Inspect,GearBox,,,
C7402W1PPMM,C7409,Inspect,Belt,Conveyor,,
C7402W1PPMM,C7409,Inspect,LaneGuide,,,
C7402W1PPMM,C7409,Inspect,Chute,,,
C7402M6PPMM,C7409,Inspect,Frame,,,
C7402W1PPMM,C7410,Inspect,Elevator,Body,,
C7402W1PPMM,C7410,Inspect,Bolt,,,
C7402W1PPMM,C7410,Inspect,Bucket,,,
C7402W1PPMM,C7410,Inspect,Guard,,,
C7402W1PPMM,C7410,Inspect,GearBox,,,
C7402W1PPMM,C7410,Inspect,Chute,,,
C7402M6PPMM,C7410,Inspect,Elevator,Head,,
C7402M6PPMM,C7410,Inspect,Frame,,,
C7402M3PPMM,C7410,Inspect,Bucket,,,
C7402M3PPMM,C7410,Inspect,Elevator,Belt,,
C7402M3PPMM,C7410,Clean,Belt,,,
C7402M3PPMM,C7410,Monitor,Elevator,Belt,,
C7402W1PPMM,C7412,Inspect,Trough,Screw,,
C7402W1PPMM,C7412,Inspect,Bolt,,,
C7402W1PPMM,C7412,Inspect,Guard,,,
C7402W1PPMM,C7412,Inspect,GearBox,,,
C7402M6PPMM,C7412,Inspect,Frame,,,
C7402M3PPMM,C7412,Inspect,Packing,Gland,,
C7402W1PPMM,C7414,Inspect,Guard,,,
C7402W1PPMM,C7414,Inspect,Bolt,,,
C7402W1PPMM,C7414,Inspect,GearBox,,,
C7402W1PPMM,C7414,Inspect,Belt,Conveyor,,
C7402W1PPMM,C7414,Inspect,LaneGuide,,,
C7402W1PPMM,C7414,Inspect,Chute,,,
C7402M6PPMM,C7414,Inspect,Frame,,,
C7402W1PPMM,C7417,Inspect,Guard,,,
C7402W1PPMM,C7417,Inspect,Bolt,,,
C7402W1PPMM,C7417,Inspect,GearBox,,,
C7402W1PPMM,C7417,Inspect,Belt,Conveyor,,
C7402W1PPMM,C7417,Inspect,LaneGuide,,,
C7402W1PPMM,C7417,Inspect,Chute,,,
C7402M6PPMM,C7417,Inspect,Frame,,,
C7402M6PPMM,C7403,Inspect,Frame,,,
S0674W1PPMM,S0676,Inspect,Guard,,,
S0674W1PPMM,S0676,Inspect,Bolt,,,
S0674W1PPMM,S0676,Inspect,GearBox,,,
S0674W1PPMM,S0676,Inspect,Belt,Conveyor,,
S0674W1PPMM,S0676,Inspect,LaneGuide,,,
S0674W1PPMM,S0676,Inspect,Chute,,,
S0674W1PPMM,S0676,Clean,Chutes,,,
S0674M6PPMM,S0676,Inspect,Frame,,,
S0674M3PPMM1,S0676,Inspect,Belt,V,,
S0674M3PPMM1,S0676,Clean,Belt,V,,
S0674W1PPMM,S0686,Inspect,Elevator,Body,,
S0674W1PPMM,S0686,Inspect,Bolt,,,
S0674W1PPMM,S0686,Inspect,Bucket,,,
S0674W1PPMM,S0686,Inspect,Guard,,,
S0674W1PPMM,S0686,Inspect,GearBox,,,
S0674W1PPMM,S0686,Inspect,Chute,,,
S0674W1PPMM,S0686,Clean,Chutes,,,
S0674M6PPMM,S0686,Inspect,Frame,,,
S0674M6PPMM,S0686,Inspect,Elevator,Head,,
S0686M3PPMM,S0686,Inspect,Elevator,Belt,,
S0686M3PPMM,S0686,Clean,Elevator,Belt,,
S0686M3PPMM,S0686,Monitor,Elevator,Belt,,
S0686M3PPMM,S0686,Inspect,Buckets,,,
S0674M3PPMM1,S0686,Inspect,Belt,V,,
S0674M3PPMM1,S0686,Clean,Belt,V,,
S0674W1PPMM,S0692,Inspect,Guard,,,
S0674W1PPMM,S0692,Inspect,Bolt,,,
S0674W1PPMM,S0692,Inspect,GearBox,,,
S0674W1PPMM,S0692,Inspect,Belt,Conveyor,,
S0674W1PPMM,S0692,Inspect,LaneGuide,,,
S0674W1PPMM,S0692,Inspect,Chute,,,
S0674W1PPMM,S0692,Clean,Chutes,,,
S0674M6PPMM,S0692,Inspect,Frame,,,
S0674M3PPMM1,S0692,Inspect,Belt,V,,
S0674M3PPMM1,S0692,Clean,Belt,V,,
S0674W1PPMM,S0735,Inspect,Hose,Pneumatic,,
S0674M3PPMM,S0735,Inspect,Gates,,,
S0674W1PPMM,S0738,Inspect,Hose,Pneumatic,,
S0674M3PPMM,S0738,Inspect,Gates,,,
S0674W1PPMM,S0762,Inspect,Hose,Pneumatic,,
S0674M3PPMM,S0762,Inspect,Gates,,,
S0001W1PPMM7,S8062,Inspect,Bolt,,,
S0001W1PPMM7,S8062,Inspect,Guard,,,
S0001W1PPMM8,S8062,Inspect,Roller,Conveyor,,
S0001W1PPMM8,S8062,Inspect,Guide,,,
S0001M6PPMM3,S8062,Inspect,Belt,Timing,,
S0001M6PPMM3,S8062,Inspect,Belt,Conveyor,,
S0001M6PPMM4,S8062,Inspect,Frames,,,
S0001W1PPMM7,S8072,Inspect,Bolt,,,
S0001W1PPMM7,S8072,Inspect,Guard,,,
S0001W1PPMM7,S8072,Inspect,GearBox,,,
S0001W1PPMM8,S8072,Inspect,Guide,,,
S0001W1PPMM8,S8072,Inspect,Roller,Conveyor,,
S0001M6PPMM3,S8072,Inspect,Belt,Conveyor,,
S0001M6PPMM3,S8072,Inspect,Belt,Timing,,
S0001M6PPMM4,S8072,Inspect,Frames,,,
S0001W1PPMM7,S8075,Inspect,Bolt,,,
S0001W1PPMM7,S8075,Inspect,Guard,,,
S0001W1PPMM8,S8075,Inspect,Roller,Conveyor,,
S0001W1PPMM8,S8075,Inspect,Guide,,,
S0001M6PPMM3,S8075,Inspect,Belt,Timing,,
S0001M6PPMM3,S8075,Inspect,Belt,Conveyor,,
S0001M6PPMM4,S8075,Inspect,Frames,,,
S0001W1PPMM7,S8085,Inspect,Bolt,,,
S0001W1PPMM7,S8085,Inspect,Guard,,,
S0001W1PPMM7,S8085,Inspect,GearBox,,,
S0001W1PPMM8,S8085,Inspect,Guide,,,
S0001W1PPMM8,S8085,Inspect,Roller,Conveyor,,
S0001M6PPMM3,S8085,Inspect,Belt,Conveyor,,
S0001M6PPMM3,S8085,Inspect,Belt,Timing,,
S0001M6PPMM4,S8085,Inspect,Frames,,,
S0001W1PPMM7,S8151,Inspect,Bolt,,,
S0001W1PPMM7,S8151,Inspect,Guard,,,
S0001W1PPMM8,S8151,Inspect,Roller,Conveyor,,
S0001W1PPMM8,S8151,Inspect,Guide,,,
S0001M6PPMM3,S8151,Inspect,Belt,Timing,,
S0001M6PPMM3,S8151,Inspect,Belt,Conveyor,,
S0001M6PPMM4,S8151,Inspect,Frames,,,
S0001W1PPMM7,S8165,Inspect,Bolt,,,
S0001W1PPMM7,S8165,Inspect,Guard,,,
S0001W1PPMM7,S8165,Inspect,GearBox,,,
S0001W1PPMM8,S8165,Inspect,Guide,,,
S0001W1PPMM8,S8165,Inspect,Roller,Conveyor,,
S0001M6PPMM3,S8165,Inspect,Belt,Conveyor,,
S0001M6PPMM3,S8165,Inspect,Belt,Timing,,
S0001M6PPMM4,S8165,Inspect,Frames,,,
S0001W1PPMM7,S8168,Inspect,Bolt,,,
S0001W1PPMM7,S8168,Inspect,Guard,,,
S0001W1PPMM8,S8168,Inspect,Roller,Conveyor,,
S0001W1PPMM8,S8168,Inspect,Guide,,,
S0001M6PPMM3,S8168,Inspect,Belt,Timing,,
S0001M6PPMM3,S8168,Inspect,Belt,Conveyor,,
S0001M6PPMM4,S8168,Inspect,Frames,,,
S0001W1PPMM7,S8181,Inspect,Bolt,,,
S0001W1PPMM7,S8181,Inspect,Guard,,,
S0001W1PPMM7,S8181,Inspect,GearBox,,,
S0001W1PPMM8,S8181,Inspect,Guide,,,
S0001W1PPMM8,S8181,Inspect,Roller,Conveyor,,
S0001M6PPMM3,S8181,Inspect,Belt,Conveyor,,
S0001M6PPMM3,S8181,Inspect,Belt,Timing,,
S0001M6PPMM4,S8181,Inspect,Frames,,,
S0001W1PPMM7,S8210,Inspect,Bolt,,,
S0001W1PPMM7,S8210,Inspect,Guard,,,
S0001W1PPMM7,S8210,Inspect,GearBox,,,
S0001W1PPMM8,S8210,Inspect,Chain,Conveyor,,
S0001W1PPMM8,S8210,Inspect,Lug,,,
S0001W1PPMM8,S8210,Inspect,Guide,,,
S0001W1PPMM8,S8210,Inspect,Plate,,,
S0001W1PPMM8,S8210,Inspect,Roller,,,
S0001W1PPMM8,S8210,Inspect,Tile,Ceramic,,
S0001M6PPMM3,S8210,Inspect,Belt,Timing,,
S0001M6PPMM4,S8210,Inspect,Frames,,,
S0001W1PPMM7,S8212,Inspect,Bolt,,,
S0001W1PPMM7,S8212,Inspect,Guard,,,
S0001W1PPMM7,S8212,Inspect,GearBox,,,
S0001W1PPMM8,S8212,Inspect,Guide,,,
S0001W1PPMM8,S8212,Inspect,Tile,Ceramic,,
S0001W1PPMM8,S8212,Inspect,Roller,,,
S0001W1PPMM8,S8212,Inspect,Plate,,,
S0001M6PPMM3,S8212,Inspect,Belt,Timing,,
S0001M6PPMM3,S8212,Inspect,Belt,Conveyor,,
S0001M6PPMM4,S8212,Inspect,Frames,,,
S0001W1PPMM7,S8302,Inspect,Bolt,,,
S0001W1PPMM7,S8302,Inspect,Guard,,,
S0001W1PPMM8,S8302,Inspect,Guide,,,
S0001W1PPMM8,S8302,Inspect,Roller,Conveyor,,
S0001M6PPMM3,S8302,Inspect,Belt,Conveyor,,
S0001M6PPMM3,S8302,Inspect,Belt,Timing,,
S0001M6PPMM4,S8302,Inspect,Frames,,,
S0001W1PPMM7,S8304,Inspect,Bolt,,,
S0001W1PPMM7,S8304,Inspect,Guard,,,
S0001W1PPMM7,S8304,Inspect,GearBox,,,
S0001W1PPMM8,S8304,Inspect,Chain,Conveyor,,
S0001W1PPMM8,S8304,Inspect,Lug,,,
S0001W1PPMM8,S8304,Inspect,Guide,,,
S0001W1PPMM8,S8304,Inspect,Plate,,,
S0001W1PPMM8,S8304,Inspect,Roller,,,
S0001W1PPMM8,S8304,Inspect,Tile,Ceramic,,
S0001M6PPMM3,S8304,Inspect,Belt,Timing,,
S0001M6PPMM4,S8304,Inspect,Frames,,,
S0001W1PPMM7,S8306,Inspect,Bolt,,,
S0001W1PPMM7,S8306,Inspect,Guard,,,
S0001W1PPMM7,S8306,Inspect,GearBox,,,
S0001W1PPMM8,S8306,Inspect,Guide,,,
S0001W1PPMM8,S8306,Inspect,Tile,Ceramic,,
S0001W1PPMM8,S8306,Inspect,Roller,,,
S0001W1PPMM8,S8306,Inspect,Plate,,,
S0001M6PPMM3,S8306,Inspect,Belt,Timing,,
S0001M6PPMM3,S8306,Inspect,Belt,Conveyor,,
S0001M6PPMM4,S8306,Inspect,Frames,,,
S0001W1PPMM7,S8308,Inspect,Bolt,,,
S0001W1PPMM7,S8308,Inspect,Guard,,,
S0001W1PPMM8,S8308,Inspect,Guide,,,
S0001W1PPMM8,S8308,Inspect,Roller,,,
S0001M6PPMM3,S8308,Inspect,Belt,Conveyor,,
S0001M6PPMM3,S8308,Inspect,Belt,Timing,,
S0001M6PPMM4,S8308,Inspect,Frames,,,
S0001W1PPMM7,S8332,Inspect,Bolt,,,
S0001W1PPMM7,S8332,Inspect,Guard,,,
S0001W1PPMM7,S8332,Inspect,GearBox,,,
S0001W1PPMM8,S8332,Inspect,Chain,Conveyor,,
S0001W1PPMM8,S8332,Inspect,Lug,,,
S0001W1PPMM8,S8332,Inspect,Guide,,,
S0001W1PPMM8,S8332,Inspect,Roller,,,
S0001W1PPMM8,S8332,Inspect,Plate,,,
S0001M6PPMM3,S8332,Inspect,Belt,Timing,,
S0001M6PPMM4,S8332,Inspect,Frames,,,
S0001W1PPMM7,S8336,Inspect,Bolt,,,
S0001W1PPMM7,S8336,Inspect,Guard,,,
S0001W1PPMM8,S8336,Inspect,Roller,Conveyor,,
S0001M6PPMM3,S8336,Inspect,Belt,Timing,,
S0001M6PPMM4,S8336,Inspect,Frames,,,
S0001W1PPMM7,S9260,Inspect,Bolt,,,
S0001W1PPMM7,S9260,Inspect,Guard,,,
S0001W1PPMM7,S9260,Inspect,GearBox,,,
S0001W1PPMM8,S9260,Inspect,Chain,Conveyor,,
S0001W1PPMM8,S9260,Inspect,Lug,,,
S0001W1PPMM8,S9260,Inspect,Guide,,,
S0001W1PPMM8,S9260,Inspect,Roller,,,
S0001W1PPMM8,S9260,Inspect,Plate,,,
S0001M6PPMM3,S9260,Inspect,Belt,Timing,,
S0001M6PPMM4,S9260,Inspect,Frames,,,
S0001W1PPMM7,S9262,Inspect,Bolt,,,
S0001W1PPMM7,S9262,Inspect,Guard,,,
S0001W1PPMM8,S9262,Inspect,Roller,Conveyor,,
S0001M6PPMM3,S9262,Inspect,Belt,Timing,,
S0001M6PPMM4,S9262,Inspect,Frames,,,
S0001W1PPMM9,S7103,Inspect,Guard,,,
S0001W1PPMM9,S7103,Inspect,Bolt,,,
S0001W1PPMM10,S7103,Inspect,Tile,Ceramic,,
S0001M1PPMM1,S7103,Inspect,Belt,Conveyor,,
S0001M1PPMM1,S7103,Inspect,Belt,Timing,,
S0001M6PPMM5,S7103,Inspect,Frame,,,
S0001W1PPMM9,S7128,Inspect,Guard,,,
S0001W1PPMM9,S7128,Inspect,Bolt,,,
S0001W1PPMM10,S7128,Inspect,Finger,Diverter,,
S0001W1PPMM10,S7128,Inspect,Tile,Ceramic,,
S0001M1PPMM1,S7128,Inspect,Belt,Timing,,
S0001W1PPMM9,S7129,Inspect,Guard,,,
S0001W1PPMM9,S7129,Inspect,Bolt,,,
S0001W1PPMM10,S7129,Inspect,Tile,Ceramic,,
S0001M1PPMM1,S7129,Inspect,Belt,Conveyor,,
S0001M1PPMM1,S7129,Inspect,Belt,Timing,,
S0001M6PPMM5,S7129,Inspect,Frame,,,
S0001W1PPMM9,S7138,Inspect,Guard,,,
S0001W1PPMM9,S7138,Inspect,Bolt,,,
S0001W1PPMM10,S7138,Inspect,Tile,Ceramic,,
S0001M1PPMM1,S7138,Inspect,Belt,Conveyor,,
S0001M1PPMM1,S7138,Inspect,Belt,Timing,,
S0001M6PPMM5,S7138,Inspect,Frame,,,
S0001W1PPMM9,S7150,Inspect,Guard,,,
S0001W1PPMM9,S7150,Inspect,Bolt,,,
S0001W1PPMM10,S7150,Inspect,Tile,Ceramic,,
S0001M1PPMM1,S7150,Inspect,Belt,Conveyor,,
S0001M1PPMM1,S7150,Inspect,Belt,Timing,,
S0001M6PPMM5,S7150,Inspect,Frame,,,
S0001W1PPMM9,S7177,Inspect,Guard,,,
S0001W1PPMM9,S7177,Inspect,Bolt,,,
S0001W1PPMM10,S7177,Inspect,Finger,Diverter,,
S0001W1PPMM10,S7177,Inspect,Tile,Ceramic,,
S0001M1PPMM1,S7177,Inspect,Belt,Timing,,
S0001W1PPMM9,S7178,Inspect,Guard,,,
S0001W1PPMM9,S7178,Inspect,Bolt,,,
S0001W1PPMM10,S7178,Inspect,Tile,Ceramic,,
S0001M1PPMM1,S7178,Inspect,Belt,Conveyor,,
S0001M1PPMM1,S7178,Inspect,Belt,Timing,,
S0001M6PPMM5,S7178,Inspect,Frame,,,
S0001W1PPMM9,S7187,Inspect,Guard,,,
S0001W1PPMM9,S7187,Inspect,Bolt,,,
S0001W1PPMM10,S7187,Inspect,Tile,Ceramic,,
S0001M1PPMM1,S7187,Inspect,Belt,Conveyor,,
S0001M1PPMM1,S7187,Inspect,Belt,Timing,,
S0001M6PPMM5,S7187,Inspect,Frame,,,
S0001W1PPMM9,S8021,Inspect,Bolt,,,
S0001W1PPMM9,S8021,Inspect,Cylinder,Air,,
S0001W1PPMM9,S8021,Inspect,Guard,,,
S0001W1PPMM10,S8021,Inspect,Plate,,,
S0001W1PPMM10,S8021,Inspect,Cylinder,Air,,
S0001W1PPMM10,S8021,Inspect,GearBox,,,
S8020M1PPMM,S8021,Inspect,Star,Wheel,,
S0001W1PPMM9,S8022,Inspect,Bolt,,,
S0001W1PPMM9,S8022,Inspect,Cylinder,Air,,
S0001W1PPMM9,S8022,Inspect,Guard,,,
S0001W1PPMM10,S8022,Inspect,Plate,,,
S0001W1PPMM10,S8022,Inspect,Cylinder,Air,,
S0001W1PPMM10,S8022,Inspect,GearBox,,,
S8020M1PPMM,S8022,Inspect,Star,Wheel,,
S0001W1PPMM9,S8023,Inspect,Bolt,,,
S0001W1PPMM9,S8023,Inspect,Cylinder,Air,,
S0001W1PPMM9,S8023,Inspect,Guard,,,
S0001W1PPMM10,S8023,Inspect,Plate,,,
S0001W1PPMM10,S8023,Inspect,Cylinder,Air,,
S0001W1PPMM10,S8023,Inspect,GearBox,,,
S8020M1PPMM,S8023,Inspect,Star,Wheel,,
S0001W1PPMM9,S8024,Inspect,Bolt,,,
S0001W1PPMM9,S8024,Inspect,Cylinder,Air,,
S0001W1PPMM9,S8024,Inspect,Guard,,,
S0001W1PPMM10,S8024,Inspect,Plate,,,
S0001W1PPMM10,S8024,Inspect,Cylinder,Air,,
S0001W1PPMM10,S8024,Inspect,GearBox,,,
S8020M1PPMM,S8024,Inspect,Star,Wheel,,
S0001W1PPMM9,S8056,Inspect,Cylinder,Air,,
S0001W1PPMM9,S8056,Inspect,Bolt,,,
S0001W1PPMM10,S8056,Inspect,Cylinder,Air,,
S0001W1PPMM10,S8056,Inspect,GearBox,,,
S0001M1PPMM1,S8056,Inspect,Belt,Conveyor,,
S0001M6PPMM5,S8056,Inspect,Frame,,,
S0001W1PPMM9,S8057,Inspect,Cylinder,Air,,
S0001W1PPMM9,S8057,Inspect,Bolt,,,
S0001W1PPMM10,S8057,Inspect,Cylinder,Air,,
S0001W1PPMM10,S8057,Inspect,GearBox,,,
S0001M1PPMM1,S8057,Inspect,Belt,Conveyor,,
S0001M6PPMM5,S8057,Inspect,Frame,,,
S0001W1PPMM9,S8058,Inspect,Cylinder,Air,,
S0001W1PPMM9,S8058,Inspect,Bolt,,,
S0001W1PPMM10,S8058,Inspect,Cylinder,Air,,
S0001W1PPMM10,S8058,Inspect,GearBox,,,
S0001M1PPMM1,S8058,Inspect,Belt,Conveyor,,
S0001M6PPMM5,S8058,Inspect,Frame,,,
S0001W1PPMM9,S8059,Inspect,Cylinder,Air,,
S0001W1PPMM9,S8059,Inspect,Bolt,,,
S0001W1PPMM10,S8059,Inspect,Cylinder,Air,,
S0001W1PPMM10,S8059,Inspect,Gearbox,Oil,,
S0001M1PPMM1,S8059,Inspect,Belt,Conveyor,,
S0001M6PPMM5,S8059,Inspect,Frame,,,
S0001W1PPMM10,S8010,Inspect,Plate,,,
S0001W1PPMM10,S8010,Inspect,Tile,Ceramic,,
S0001W1PPMM10,S8010,Inspect,Knocker,,,
A0001W1PPMM,C8066,Inspect,Tank,Body,,
A0001W1PPMM,C8067,Inspect,Bolt,,,
A0001W1PPMM,C8067,Inspect,GearBox,,,
C8000M3PPMM,C8067,Inspect,V-Belts,,,
A0001W1PPMM,C8068,Inspect,Bolt,,,
C8000M1PPMM,C8068,Inspect,Valves,,,
C8000M3PPMM,C8068,Inspect,V-Belts,,,
C8000M6PPMM,C8068,Inspect,Pumps,,,
A0001W1PPMM,C8080,Inspect,Tank,Body,,
A0001W1PPMM,C8082,Inspect,Bolt,,,
A0001W1PPMM,C8082,Inspect,GearBox,,,
C8000M3PPMM,C8082,Inspect,V-Belts,,,
A0001W1PPMM,C8084,Inspect,Bolt,,,
C8000M1PPMM,C8084,Inspect,Valves,,,
C8000M3PPMM,C8084,Inspect,V-Belts,,,
C8000M6PPMM,C8084,Inspect,Pumps,,,
A0001W1PPMM,C8112,Inspect,Tank,Body,,
A0001W1PPMM,C8113,Inspect,Bolt,,,
A0001W1PPMM,C8113,Inspect,GearBox,,,
C8000M3PPMM,C8113,Inspect,V-Belts,,,
A0001W1PPMM,C8114,Inspect,Bolt,,,
C8000M1PPMM,C8114,Inspect,Valves,,,
C8000M3PPMM,C8114,Inspect,V-Belts,,,
C8000M6PPMM,C8114,Inspect,Pumps,,,
A0001W1PPMM,C8152,Inspect,Tank,Body,,
A0001W1PPMM,C8153,Inspect,Bolt,,,
A0001W1PPMM,C8153,Inspect,GearBox,,,
C8000M3PPMM,C8153,Inspect,V-Belts,,,
A0001W1PPMM,C8154,Inspect,Bolt,,,
C8000M1PPMM,C8154,Inspect,Valves,,,
C8000M3PPMM,C8154,Inspect,V-Belts,,,
C8000M6PPMM,C8154,Inspect,Pumps,,,
A0001W1PPMM,C8186,Inspect,Tank,Body,,
A0001W1PPMM,C8187,Inspect,Bolt,,,
A0001W1PPMM,C8187,Inspect,GearBox,,,
C8000M3PPMM,C8187,Inspect,V-Belts,,,
A0001W1PPMM,C8189,Inspect,Bolt,,,
C8000M1PPMM,C8189,Inspect,Valves,,,
C8000M3PPMM,C8189,Inspect,V-Belts,,,
C8000M6PPMM,C8189,Inspect,Pumps,,,
A0001W1PPMM,S4752,Inspect,Bolt,,,
A0001W1PPMM,S4752,Inspect,GearBox,,,
A0001W1PPMM,S4752,Inspect,Pneumatic,System,,
A0001W1PPMM,S4752,Inspect,Regulator,Pneumatic,,
A0001W1PPMM,S4752,Inspect,Gauge,,,
A0001W1PPMM,S4752,Inspect,Hose,Pneumatic,,
A0001W1PPMM,S4752,Inspect,Cylinder,Air,,
A0001W1PPMM,S4752,Inspect,Guard,,,
S4700W1PPMM2,S4752,Inspect,Scraper,,,
S4700W1PPMM2,S4752,Inspect,Cylinder,Air,,
S4700W1PPMM2,S4752,Inspect,Wheel,Applicator,,
S4700W1PPMM2,S4752,Inspect,Guide,,,
S4700W1PPMM2,S4752,Clean,Guides,,,
S4700M6PPMM,S4752,Inspect,Frame,,,
A0001W1PPMM,S4782,Inspect,Bolt,,,
A0001W1PPMM,S4782,Inspect,GearBox,,,
A0001W1PPMM,S4782,Inspect,Pneumatic,System,,
A0001W1PPMM,S4782,Inspect,Regulator,Pneumatic,,
A0001W1PPMM,S4782,Inspect,Gauge,,,
A0001W1PPMM,S4782,Inspect,Hose,Pneumatic,,
A0001W1PPMM,S4782,Inspect,Cylinder,Air,,
A0001W1PPMM,S4782,Inspect,Guard,,,
S4700W1PPMM2,S4782,Inspect,Scraper,,,
S4700W1PPMM2,S4782,Inspect,Cylinder,Air,,
S4700W1PPMM2,S4782,Inspect,Wheel,Carriage,,
S4700W1PPMM2,S4782,Inspect,Guide,,,
S4700W1PPMM2,S4782,Clean,Guides,,,
S4700M6PPMM,S4782,Inspect,Frame,,,
H1300W1PPMM,H1311,Inspect,Frame,,,
H1300W1PPMM,H1311,Inspect,Guard,,,
H1300W1PPMM,H1311,Inspect,Bolt,,,
H1300W1PPMM,H1315,Inspect,Bolt,,,
H1300M3PPMM,H1315,Inspect,Fan,,,
H1300M3PPMM,H1315,Inspect,Shaft,,,
H1300M3PPMM,H1315,Inspect,Belt,V,,
H1300M3PPMM,H1315,Inspect,Pulley,,,
H1300W1PPMM,H1375,Inspect,Valve,Solenoid,,
H1300W1PPMM,H1385,Inspect,Bolt,,,
H1300W1PPMM,H1385,Inspect,GearBox,,,
H1300M3PPMM,H1385,Inspect,Shaft,,,
H1300M3PPMM,H1385,Inspect,Shaft,,,
H1300M3PPMM,H1385,Inspect,Chain,,,
H1300M3PPMM,H1385,Inspect,Sprocket,,,
H1385Y1LUBM,H1385,Replace,Gearbox,Oil,,
H1010W1PPMM,H1011,Inspect,Frame,,,
H1010W1PPMM,H1011,Inspect,Guard,,,
H1010W1PPMM,H1011,Inspect,Bolt,,,
H1010W1PPMM,H1015,Inspect,Bolt,,,
H1010M3PPMM,H1015,Inspect,Fan,,,
H1010M3PPMM,H1015,Inspect,Shaft,Motor,,
H1010M3PPMM,H1015,Inspect,Belt,V,,
H1010M3PPMM,H1015,Inspect,Pulley,,,
H1010W1PPMM,H1023,Inspect,Valve,Solenoid,,
H1010W1PPMM,H1027,Inspect,Bolt,,,
H1010W1PPMM,H1027,Inspect,Gearbox,Oil,,
H1010M3PPMM,H1027,Inspect,Shaft,Airlock,,
H1010M3PPMM,H1027,Inspect,Shaft,Motor,,
H1010M3PPMM,H1027,Inspect,Chain,,,
H1010M3PPMM,H1027,Inspect,Sprocket,,,
H1027Y1LUBM,H1027,Replace,Gearbox,Oil,,
H1410W1PPMM,H1411,Inspect,Frame,,,
H1410W1PPMM,H1411,Inspect,Guard,,,
H1410W1PPMM,H1411,Inspect,Bolt,,,
H1410W1PPMM,H1415,Inspect,Bolt,,,
H1415M3PPMM,H1415,Inspect,Fan,,,
H1415M3PPMM,H1415,Inspect,Shaft,,,
H1415M3PPMM,H1415,Inspect,Belt,V,,
H1415M3PPMM,H1415,Inspect,Pulley,,,
H1410W1PPMM,H1423,Inspect,Valve,Solenoid,,
H1110W1PPMM,H1111,Inspect,Frame,,,
H1110W1PPMM,H1111,Inspect,Guard,,,
H1110W1PPMM,H1111,Inspect,Bolt,,,
H1110W1PPMM,H1115,Inspect,Bolt,,,
H1110M3PPMM,H1115,Inspect,Fan,,,
H1110M3PPMM,H1115,Inspect,Shaft,,,
H1110M3PPMM,H1115,Inspect,Belt,V,,
H1110M3PPMM,H1115,Inspect,Pulley,,,
H1110W1PPMM,H1123,Inspect,Valve,Solenoid,,
H1110W1PPMM,H1127,Inspect,Bolt,,,
H1110W1PPMM,H1127,Inspect,GearBox,,,
H1110M3PPMM,H1127,Inspect,Shaft,,,
H1110M3PPMM,H1127,Inspect,Shaft,,,
H1110M3PPMM,H1127,Inspect,Chain,,,
H1110M3PPMM,H1127,Inspect,Sprocket,,,
H1127Y1LUBM,H1127,Replace,Gearbox,Oil,,
S4501W1PPMM,S4504,Inspect,Tank,,,
S4501Y1PPMM,S4504,Inspect,Tank,Exterior,,
S4501W1PPMM,S4505,Inspect,Bolt,,,
S4501W1PPMM,S4506,Inspect,Tank,,,
S4501Y1PPMM,S4506,Inspect,Tank,Exterior,,
S4501W1PPMM,S4507,Inspect,Bolt,,,
S4501W1PPMM,S4508,Inspect,Pump,,,
S4501W1PPMM,S4508,Inspect,Hose,,,
S4501W1PPMM,S4508,Inspect,Bolt,,,
S4501W1PPMM,S4520,Inspect,Regulator,,,
S4501W1PPMM,S4520,Inspect,Gauge,,,
S4520W1PPMM1,S4520,Inspect,Painting,Wheel,,
S0001W1PPMM12,S8685,Inspect,Guard,,,
S0001W1PPMM12,S8685,Inspect,Bolt,,,
S0001W1PPMM12,S8685,Inspect,GearBox,,,
S0001W1PPMM12,S8685,Inspect,Cylinder,Air,,
S0001W1PPMM12,S8685,Inspect,Regulator,Pneumatic,,
S0001W1PPMM13,S8685,Inspect,Roller,conveyor,,
S0001W1PPMM13,S8685,Inspect,Cylinder,Air,,
S0001M6PPMM6,S8685,Inspect,Frame,,,
S0001M3PPMM3,S8685,Inspect,Regulator,,,
S0001M3PPMM4,S8685,Inspect,Belt,V,,
S0001W1PPMM12,S8693,Inspect,GearBox,,,
S0001W1PPMM12,S8693,Inspect,Guard,,,
S0001W1PPMM13,S8693,Inspect,Guide,,,
S0001W1PPMM13,S8693,Inspect,Arm,,,
S0001W1PPMM13,S8693,Inspect,Roller,,,
S0001M6PPMM6,S8693,Inspect,Frame,,,
S0001M3PPMM4,S8693,Inspect,Belt,V,,
S0001M3PPMM4,S8693,Inspect,Belt,Conveyor,,
S0001W1PPMM12,S8715,Inspect,Guard,,,
S0001W1PPMM12,S8715,Inspect,GearBox,,,
S0001W1PPMM13,S8715,Inspect,Guide,,,
S0001W1PPMM13,S8715,Inspect,Roller,,,
S0001W1PPMM13,S8715,Inspect,Arm,,,
S0001M6PPMM6,S8715,Inspect,Frame,,,
S0001M3PPMM4,S8715,Inspect,Belt,V,,
S0001M3PPMM4,S8715,Inspect,Belt,Conveyor,,
S0001W1PPMM12,S8726,Inspect,GearBox,,,
S0001W1PPMM13,S8726,Inspect,Guide,,,
S0001W1PPMM13,S8726,Inspect,Chain,conveyor,,
S0001W1PPMM13,S8726,Lubircate,Chain,Conveyor,,
S0001W1PPMM13,S8726,Inspect,Lug,,,
S0001M6PPMM6,S8726,Inspect,Frame,,,
S0001M3PPMM4,S8726,Inspect,Belt,V,,
S0001M3PPMM4,S8726,Inspect,Belt,Conveyor,,
S0001W1PPMM12,S8730,Inspect,GearBox,,,
S0001W1PPMM13,S8730,Inspect,Guide,,,
S0001W1PPMM13,S8730,Inspect,Roller,,,
S0001M6PPMM6,S8730,Inspect,Frame,,,
S0001M3PPMM4,S8730,Inspect,Belt,Conveyor,,
S0001W1PPMM12,S8734,Inspect,GearBox,,,
S0001W1PPMM12,S8734,Inspect,Cylinder,Air,,
S0001W1PPMM12,S8734,Inspect,Bolt,,,
S0001W1PPMM12,S8734,Inspect,Regulator,Pneumatic,,
S0001W1PPMM13,S8734,Inspect,Guide,,,
S0001W1PPMM13,S8734,Inspect,Cylinder,Air,,
S0001M6PPMM6,S8734,Inspect,Frame,,,
S0001M3PPMM3,S8734,Inspect,Regulator,,,
S0001M3PPMM4,S8734,Inspect,Belt,Conveyor,,
S0001W1PPMM12,S8736,Inspect,GearBox,,,
S0001W1PPMM12,S8736,Inspect,Cylinder,Air,,
S0001W1PPMM12,S8736,Inspect,Bolt,,,
S0001W1PPMM12,S8736,Inspect,Regulator,Pneumatic,,
S0001W1PPMM13,S8736,Inspect,Guide,,,
S0001W1PPMM13,S8736,Inspect,Cylinder,Air,,
S0001M6PPMM6,S8736,Inspect,Frame,,,
S0001M3PPMM3,S8736,Inspect,Regulator,,,
S0001M3PPMM4,S8736,Inspect,belt,Timing,,
S0001M3PPMM4,S8736,Inspect,Belt,Conveyor,,
S0001W1PPMM12,S8741,Inspect,GearBox,,,
S0001W1PPMM13,S8741,Inspect,Guide,,,
S0001W1PPMM13,S8741,Inspect,Roller,,,
S0001M6PPMM6,S8741,Inspect,Frame,,,
S0001M3PPMM4,S8741,Inspect,Belt,Conveyor,,
S0001W1PPMM12,S8745,Inspect,Guard,,,
S0001W1PPMM12,S8745,Inspect,Bolt,,,
S0001W1PPMM12,S8745,Inspect,Cylinder,,,
S0001W1PPMM12,S8745,Inspect,Gauge,,,
S0001M6PPMM6,S8745,Inspect,Frame,,,
S0001W1PPMM12,S8750,Inspect,Cylinder,,,
S0001W1PPMM12,S8750,Inspect,Gauge,,,
S0001W1PPMM12,S8756,Inspect,GearBox,,,
S0001W1PPMM12,S8756,Inspect,Cylinder,Air,,
S0001W1PPMM12,S8756,Inspect,Bolt,,,
S0001W1PPMM12,S8756,Inspect,Regulator,Pneumatic,,
S0001W1PPMM13,S8756,Inspect,Cylinder,Air,,
S0001M3PPMM3,S8756,Inspect,Regulator,,,
S0001W1PPMM12,S8760,Inspect,Guard,,,
S0001W1PPMM12,S8760,Inspect,Bolt,,,
S0001W1PPMM12,S8760,Inspect,GearBox,,,
S0001W1PPMM12,S8760,Inspect,Cylinder,Air,,
S0001W1PPMM12,S8760,Inspect,Regulator,Pneumatic,,
S0001W1PPMM13,S8760,Inspect,Cylinder,Air,,
S0001W1PPMM13,S8760,Inspect,Chain,conveyor,,
S0001W1PPMM13,S8760,Lubircate,Chain,Conveyor,,
S0001W1PPMM13,S8760,Inspect,Arm,,,
S0001M6PPMM6,S8760,Inspect,Frame,,,
S0001M3PPMM3,S8760,Inspect,Regulator,,,
S0001W1PPMM12,S8765,Inspect,Cylinder,Air,,
S0001W1PPMM12,S8765,Inspect,Bolt,,,
S0001W1PPMM12,S8765,Inspect,Regulator,Pneumatic,,
S0001W1PPMM13,S8765,Inspect,Cylinder,Air,,
S0001M3PPMM3,S8765,Inspect,Regulator,,,
S0001W1PPMM12,S8772,Inspect,Guard,,,
S0001W1PPMM12,S8772,Inspect,Bolt,,,
S0001M6PPMM6,S8772,Inspect,Frame,,,
S0001W1PPMM12,S8776,Inspect,Regulator,Pneumatic,,
S0001W1PPMM12,S8776,Inspect,Gauge,,,
S0001W1PPMM12,S8776,Inspect,Cylinder,Air,,
S0001W1PPMM12,S8776,Inspect,Bolt,,,
S0001W1PPMM13,S8776,Inspect,Cylinder,Air,,
S0001W1PPMM13,S8776,Inspect,Lug,,,
S0001M3PPMM3,S8776,Inspect,Regulator,,,
S0001W1PPMM12,S8778,Inspect,Guard,,,
S0001W1PPMM12,S8778,Inspect,Bolt,,,
S0001W1PPMM12,S8778,Inspect,GearBox,,,
S0001W1PPMM13,S8778,Inspect,Guide,,,
S0001W1PPMM13,S8778,Inspect,Chain,conveyor,,
S0001W1PPMM13,S8778,Lubircate,Chain,Conveyor,,
S0001W1PPMM13,S8778,Inspect,Arm,,,
S0001M6PPMM6,S8778,Inspect,Frame,,,
S0001M3PPMM4,S8778,Inspect,Belt,Conveyor,,
S0001W1PPMM12,S8781,Inspect,Guard,,,
S0001W1PPMM12,S8781,Inspect,Bolt,,,
S0001W1PPMM12,S8781,Inspect,GearBox,,,
S0001W1PPMM13,S8781,Inspect,Arm,,,
S0001W1PPMM13,S8781,Inspect,Guide,,,
S0001W1PPMM13,S8781,Inspect,Roller,Conveyor,,
S0001M6PPMM6,S8781,Inspect,Frame,,,
S0001M3PPMM4,S8781,Inspect,Belt,Conveyor,,
S0001W1PPMM15,S9485,Inspect,Guard,,,
S0001W1PPMM15,S9485,Inspect,Bolt,,,
S0001W1PPMM15,S9485,Inspect,GearBox,,,
S0001W1PPMM15,S9485,Inspect,Cylinder,Air,,
S0001W1PPMM15,S9485,Inspect,Regulator,Pneumatic,,
S0001W1PPMM11,S9485,Inspect,Roller,Conveyor,,
S0001W1PPMM11,S9485,Inspect,Cylinder,Air,,
S9300M6PPMM,S9485,Inspect,Frame,,,
S0001M3PPMM2,S9485,Inspect,Regulator,,,
S9300M3PPMM,S9485,Inspect,belt,V,,
S0001W1PPMM15,S9493,Inspect,GearBox,,,
S0001W1PPMM15,S9493,Inspect,Guard,,,
S0001W1PPMM11,S9493,Inspect,Guide,,,
S0001W1PPMM11,S9493,Inspect,Arm,,,
S0001W1PPMM11,S9493,Inspect,Roller,,,
S9300M6PPMM,S9493,Inspect,Frame,,,
S9300M3PPMM,S9493,Inspect,belt,V,,
S9300M3PPMM,S9493,Inspect,belt,Conveyor,,
S0001W1PPMM15,S9515,Inspect,GearBox,,,
S0001W1PPMM15,S9515,Inspect,Guard,,,
S0001W1PPMM11,S9515,Inspect,Guide,,,
S0001W1PPMM11,S9515,Inspect,Roller,,,
S0001W1PPMM11,S9515,Inspect,Arm,,,
S9300M6PPMM,S9515,Inspect,Frame,,,
S9300M3PPMM,S9515,Inspect,belt,V,,
S9300M3PPMM,S9515,Inspect,belt,Conveyor,,
S0001W1PPMM15,S9526,Inspect,GearBox,,,
S0001W1PPMM11,S9526,Inspect,Guide,,,
S0001W1PPMM11,S9526,Inspect,Chain,Conveyor,,
S0001W1PPMM11,S9526,Lubircate,Chain,Conveyor,,
S0001W1PPMM11,S9526,Inspect,Lug,,,
S9300M6PPMM,S9526,Inspect,Frame,,,
S9300M3PPMM,S9526,Inspect,belt,V,,
S9300M3PPMM,S9526,Inspect,belt,Conveyor,,
S0001W1PPMM15,S9530,Inspect,GearBox,,,
S0001W1PPMM11,S9530,Inspect,Guide,,,
S0001W1PPMM11,S9530,Inspect,Roller,,,
S9300M6PPMM,S9530,Inspect,Frame,,,
S9300M3PPMM,S9530,Inspect,belt,Conveyor,,
S0001W1PPMM15,S9534,Inspect,GearBox,,,
S0001W1PPMM15,S9534,Inspect,Cylinder,Air,,
S0001W1PPMM15,S9534,Inspect,Bolt,,,
S0001W1PPMM15,S9534,Inspect,Regulator,Pneumatic,,
S0001W1PPMM11,S9534,Inspect,Guide,,,
S0001W1PPMM11,S9534,Inspect,Cylinder,Air,,
S9300M6PPMM,S9534,Inspect,Frame,,,
S0001M3PPMM2,S9534,Inspect,Regulator,,,
S9300M3PPMM,S9534,Inspect,belt,Conveyor,,
S0001W1PPMM15,S9536,Inspect,GearBox,,,
S0001W1PPMM15,S9536,Inspect,Cylinder,Air,,
S0001W1PPMM15,S9536,Inspect,Bolt,,,
S0001W1PPMM15,S9536,Inspect,Regulator,Pneumatic,,
S0001W1PPMM11,S9536,Inspect,Guide,,,
S0001W1PPMM11,S9536,Inspect,Cylinder,Air,,
S9300M6PPMM,S9536,Inspect,Frame,,,
S0001M3PPMM2,S9536,Inspect,Regulator,,,
S9300M3PPMM,S9536,Inspect,belt,Timing,,
S9300M3PPMM,S9536,Inspect,belt,Conveyor,,
S0001W1PPMM15,S9541,Inspect,GearBox,,,
S0001W1PPMM11,S9541,Inspect,Guide,,,
S0001W1PPMM11,S9541,Inspect,Roller,,,
S9300M6PPMM,S9541,Inspect,Frame,,,
S9300M3PPMM,S9541,Inspect,belt,Conveyor,,
S0001W1PPMM15,S9545,Inspect,Guard,,,
S0001W1PPMM15,S9545,Inspect,Bolt,,,
S0001W1PPMM15,S9545,Inspect,Cylinder,,,
S0001W1PPMM15,S9545,Inspect,Gauge,,,
S9300M6PPMM,S9545,Inspect,Frame,,,
S0001W1PPMM15,S9550,Inspect,Cylinder,,,
S0001W1PPMM15,S9550,Inspect,Gauge,,,
S0001W1PPMM15,S9556,Inspect,GearBox,,,
S0001W1PPMM15,S9556,Inspect,Cylinder,Air,,
S0001W1PPMM15,S9556,Inspect,Bolt,,,
S0001W1PPMM15,S9556,Inspect,Regulator,Pneumatic,,
S0001W1PPMM11,S9556,Inspect,Cylinder,Air,,
S0001M3PPMM2,S9556,Inspect,Regulator,,,
S0001W1PPMM15,S9560,Inspect,Guard,,,
S0001W1PPMM15,S9560,Inspect,Bolt,,,
S0001W1PPMM15,S9560,Inspect,GearBox,,,
S0001W1PPMM15,S9560,Inspect,Cylinder,Air,,
S0001W1PPMM15,S9560,Inspect,Regulator,Pneumatic,,
S0001W1PPMM11,S9560,Inspect,Cylinder,Air,,
S0001W1PPMM11,S9560,Inspect,Chain,Conveyor,,
S0001W1PPMM11,S9560,Lubircate,Chain,Conveyor,,
S0001W1PPMM11,S9560,Inspect,Arm,,,
S9300M6PPMM,S9560,Inspect,Frame,,,
S0001M3PPMM2,S9560,Inspect,Regulator,,,
S0001W1PPMM15,S9565,Inspect,Cylinder,Air,,
S0001W1PPMM15,S9565,Inspect,Bolt,,,
S0001W1PPMM15,S9565,Inspect,Regulator,Pneumatic,,
S0001W1PPMM11,S9565,Inspect,Cylinder,Air,,
S0001M3PPMM2,S9565,Inspect,Regulator,,,
S0001W1PPMM15,S9572,Inspect,Guard,,,
S0001W1PPMM15,S9572,Inspect,Bolt,,,
S9300M6PPMM,S9572,Inspect,Frame,,,
S0001W1PPMM15,S9576,Inspect,Regulator,Pneumatic,,
S0001W1PPMM15,S9576,Inspect,Gauge,,,
S0001W1PPMM15,S9576,Inspect,Cylinder,Air,,
S0001W1PPMM15,S9576,Inspect,Bolt,,,
S0001W1PPMM11,S9576,Inspect,Cylinder,Air,,
S0001W1PPMM11,S9576,Inspect,Lug,,,
S0001M3PPMM2,S9576,Inspect,Regulator,,,
S0001W1PPMM15,S9578,Inspect,Guard,,,
S0001W1PPMM15,S9578,Inspect,Bolt,,,
S0001W1PPMM15,S9578,Inspect,GearBox,,,
S0001W1PPMM11,S9578,Inspect,Guide,,,
S0001W1PPMM11,S9578,Inspect,Chain,Conveyor,,
S0001W1PPMM11,S9578,Lubircate,Chain,Conveyor,,
S0001W1PPMM11,S9578,Inspect,Arm,,,
S9300M6PPMM,S9578,Inspect,Frame,,,
S9300M3PPMM,S9578,Inspect,belt,Conveyor,,
S0001W1PPMM15,S9581,Inspect,Guard,,,
S0001W1PPMM15,S9581,Inspect,Bolt,,,
S0001W1PPMM15,S9581,Inspect,GearBox,,,
S0001W1PPMM11,S9581,Inspect,Arm,,,
S0001W1PPMM11,S9581,Inspect,Guide,,,
S0001W1PPMM11,S9581,Inspect,Roller,Conveyor,,
S9300M6PPMM,S9581,Inspect,Frame,,,
S9300M3PPMM,S9581,Inspect,Belt,Conveyor,,
S4603W1PPMM,S4620,Inspect,Roll,Steel,,
S4603W1PPMM1,S4620,Inspect,Guard,,,
S4603W1PPMM1,S4620,Inspect,GearBox,,,
S4603W1PPMM1,S4620,Inspect,Bolt,,,
S4603M1PPMM,S4620,Inspect,Belts,Timing,,
S4603W1PPMM,S4621,Inspect,Roll,Rubber,,
S4603W1PPMM,S4621,Inspect,Roll,Chrome,,
S4603W1PPMM,S4621,Inspect,Roll,Steel,,
S4603W1PPMM,S4621,Inspect,Scraper,,,
S4603W1PPMM,S4621,Measure,Roll,Thickness,Chrome,
S4603W1PPMM1,S4621,Inspect,Bolt,,,
S4603W1PPMM1,S4621,Inspect,GearBox,,,
S4603W1PPMM1,S4621,Inspect,Guard,,,
S4603M1PPMM,S4621,Inspect,Belts,Timing,,
S4603W1PPMM,S4630,Inspect,Plate,"Wear,PC",,
S4603W1PPMM1,S4630,Inspect,Bolt,,,
S4603W1PPMM,S4635,Inspect,Cylinders,,,
S4603W1PPMM,S4635,Inspect,Gauge,,,
S4603W1PPMM1,S4635,Inspect,Filter,,,
S4603W1PPMM1,S4635,Inspect,Valve,,,
S4635Y2PPMM,S4635,Inspect,Hydaulic,Oil,,
S4603W1PPMM,S4662,Inspect,Knife,Carbide,,
S4603W1PPMM,S4662,Inspect,Bumper,Rubber,,
S4603W1PPMM,S4662,Inspect,Block,Bolt,,
S4603W1PPMM,S4662,Inspect,Arm,,,
S4603W1PPMM,S4662,Inspect,Roll,Steel,,
S4603W1PPMM,S4662,Inspect,Cylinder,,,
S4603W1PPMM,S4662,Inspect,Cylinder,Oil,,
S4603W1PPMM1,S4662,Inspect,Bolt,,,
S4603W1PPMM1,S4662,Inspect,Guard,,,
S4603W1PPMM1,S4662,Inspect,GearBox,,,
S4603M1PPMM,S4662,Inspect,Belts,Timing,,
S4603W1PPMM,S4665,Inspect,Arm,,,
S4603W1PPMM,S4665,Inspect,Roll,Anvil,,
S4603W1PPMM1,S4665,Inspect,Bolt,,,
S4603W1PPMM1,S4665,Inspect,Guard,,,
S4603W1PPMM1,S4665,Inspect,GearBox,,,
S4603M1PPMM,S4665,Inspect,Belts,Timing,,
S4603W1PPMM,S4670,Inspect,Spray,Nozzle,,
S4603W1PPMM1,S4670,Inspect,Hose,,,
S4603W1PPMM1,S4670,Inspect,Valve,,,
S4670M6PPMM,S4670,Replace,Filters,,,
S4603W1PPMM,S4671,Inspect,Rolls,Steel,,
S4603W1PPMM1,S4671,Inspect,Bolt,,,
S4603W1PPMM1,S4605,Inspect,Guard,,,
S4603W1PPMM1,S4605,Inspect,Bolt,,,
S4605M6PPMM,S4605,Inspect,Frame,,,
S0400W1PPMM,S0421,Inspect,Packing,Seal,,
S0400W1PPMM,S0421,Inspect,Guard,,,
S0400W1PPMM,S0421,Inspect,Bolts,,,
S0400M6PPMM1,S0421,Inspect,Frame,,,
S0400M3PPMM,S0421,Inspect,V-Belt,,,
S0400W1PPMM,S0426,Inspect,Joints,,,
S0400W1PPMM,S0431,Inspect,Guard,,,
S0400W1PPMM,S0431,Inspect,Bolts,,,
S0400M6PPMM1,S0431,Inspect,Frame,,,
S0400M3PPMM,S0431,Inspect,V-Belt,,,
S0400W1PPMM,S0462,Inspect,Packing,Seal,,
S0400W1PPMM,S0462,Inspect,Guard,,,
S0400W1PPMM,S0462,Inspect,Bolts,,,
S0400M6PPMM1,S0462,Inspect,Frame,,,
S0400M3PPMM,S0462,Inspect,V-Belt,,,
S0400W1PPMM,S0464,Inspect,Packing,Seal,,
S0400W1PPMM,S0464,Inspect,Guard,,,
S0400W1PPMM,S0464,Inspect,Bolts,,,
S0400M6PPMM1,S0464,Inspect,Frame,,,
S0400M3PPMM,S0464,Inspect,V-Belt,,,
S0400W1PPMM,S0465,Inspect,Guard,,,
S0400W1PPMM,S0465,Inspect,Bolts,,,
S0400M6PPMM1,S0465,Inspect,Frame,,,
S0400M3PPMM,S0465,Inspect,V-Belt,,,
S0400W1PPMM,S0468,Inspect,Tank,Body,,
S0400W1PPMM,S0470,Inspect,Gearbox,Oil,,
S0400M3PPMM,S0470,Inspect,V-Belt,,,
S0400W1PPMM,S0482,Inspect,Packing,Seal,,
S0400W1PPMM,S0482,Inspect,Guard,,,
S0400W1PPMM,S0482,Inspect,Bolts,,,
S0400M6PPMM1,S0482,Inspect,Frame,,,
S0400M3PPMM,S0482,Inspect,V-Belt,,,
S0400W1PPMM,S0483,Inspect,Joints,,,
S0400W1PPMM,S0504,Inspect,Tank,Body,,
S0400W1PPMM,S0506,Inspect,Gearbox,Oil,,
S0400M3PPMM,S0506,Inspect,V-Belt,,,
S0400W1PPMM,S0510,Inspect,Packing,Seal,,
S0400W1PPMM,S0510,Inspect,Guard,,,
S0400W1PPMM,S0510,Inspect,Bolts,,,
S0400M6PPMM1,S0510,Inspect,Frame,,,
S0400M3PPMM,S0510,Inspect,V-Belt,,,
S0400W1PPMM,S0512,Inspect,Joints,,,
C8000W1PPMM,C8006,Inspect,Cylinder,Air,,
C8000W1PPMM,C8006,Inspect,Gauge,,,
C8000W1PPMM1,C8006,Inspect,Plate,,,
C8000W1PPMM1,C8006,Inspect,Cylinder,Air,,
C8000M3PPMM1,C8006,Inspect,Chute,,,
C8000M3PPMM1,C8006,Inspect,Gate,,,
C8000W1PPMM,C8009,Inspect,GearBox,,,
C8000W1PPMM,C8009,Inspect,Bolt,,,
C8000W1PPMM,C8009,Inspect,Guard,,,
C8000W1PPMM,C8010,Inspect,Cylinder,Air,,
C8000W1PPMM,C8010,Inspect,Gauge,,,
C8000W1PPMM1,C8010,Inspect,Plate,,,
C8000W1PPMM1,C8010,Inspect,Cylinder,Air,,
C8000M3PPMM1,C8010,Inspect,Chute,,,
C8000M3PPMM1,C8010,Inspect,Gate,,,
C8000W1PPMM,C8014,Inspect,GearBox,,,
C8000W1PPMM,C8014,Inspect,Bolt,,,
C8000W1PPMM,C8014,Inspect,Guard,,,
C8000W1PPMM,C8040,Inspect,Tank,,,
C8000Y1PPMM1,C8040,Inspect,Tank,,,
C8000W1PPMM,C8043,Inspect,Bolt,,,
C8000W1PPMM,C8043,Inspect,Guard,,,
C8025M6PPMM,C8043,Inspect,Pump,Rotor,,
C8000M3PPMM2,C8043,Inspect,V-Belts,,,
C8000W1PPMM,C8044,Inspect,Bolt,,,
C8000W1PPMM,C8044,Inspect,GearBox,,,
C8000M3PPMM2,C8044,Inspect,V-Belts,,,
C8000W1PPMM,C8046,Inspect,Bolt,,,
C8000W1PPMM,C8046,Inspect,Guard,,,
C8025M6PPMM,C8046,Inspect,Pump,Rotor,,
C8000M3PPMM2,C8046,Inspect,V-Belts,,,
C8000W1PPMM,C8054,Inspect,Tank,,,
C8000Y1PPMM1,C8054,Inspect,Tank,,,
C8000W1PPMM,C8058,Inspect,Bolt,,,
C8000W1PPMM,C8058,Inspect,GearBox,,,
C8000M3PPMM2,C8058,Inspect,V-Belts,,,
C8000W1PPMM,C8062,Inspect,Bolt,,,
C8000W1PPMM,C8062,Inspect,Guard,,,
C8025M6PPMM,C8062,Inspect,Pump,Rotor,,
C8000M3PPMM2,C8062,Inspect,V-Belts,,,
C8000W1PPMM,C8200,Inspect,Tank,,,
C8000Y1PPMM1,C8200,Inspect,Tank,,,
C8000W1PPMM,C8203,Inspect,Packing,Seal,,
S0001W1PPMM6,S0351,Inspect,Bolt,,,
S0001W1PPMM6,S0351,Inspect,GearBox,,,
S0001W1PPMM6,S0351,Inspect,Guard,,,
S0001M6PPMM1,S0351,Inspect,Frame,,,
S0001M3PPMM,S0351,Inspect,Screw,,,
S0001M3PPMM,S0351,Inspect,Packing,Gland,,
S0001M3PPMM1,S0351,Inspect,Hoses,,,
S0001W1PPMM6,S2407,Inspect,GearBox,,,
S0001W1PPMM6,S2407,Inspect,Bolt,,,
S2400W1PPMM,S2407,Inspect,Roll,Steel,,
S0001M6PPMM1,S2407,Inspect,Frame,,,
S2400M3PPMM,S2407,Inspect,Chute,,,
S2400M3PPMM,S2407,Inspect,Gate,,,
S0001W1PPMM6,S2414,Inspect,GearBox,,,
S0001W1PPMM6,S2414,Inspect,Bolt,,,
S2400W1PPMM,S2414,Inspect,Arm,,,
S2400W1PPMM,S2414,Inspect,Rail,Iron,,
S2400W1PPMM,S2414,Inspect,Wheel,Applicator,,
S2400W1PPMM,S2414,Inspect,Pin,,,
S0001M6PPMM1,S2414,Inspect,Frame,,,
S0001M3PPMM1,S2414,Inspect,Hoses,,,
S0001W1PPMM6,S2420,Inspect,GearBox,,,
S0001W1PPMM6,S2420,Inspect,Bolt,,,
S2400W1PPMM,S2420,Inspect,Roll,Steel,,
S0001M6PPMM1,S2420,Inspect,Frame,,,
S0001W1PPMM6,S2421,Inspect,GearBox,,,
S0001W1PPMM6,S2421,Inspect,Bolt,,,
S2400W1PPMM,S2421,Inspect,Roll,Steel,,
S0001M6PPMM1,S2421,Inspect,Frame,,,
S0001W1PPMM6,S2422,Inspect,GearBox,,,
S0001W1PPMM6,S2422,Inspect,Bolt,,,
S2400W1PPMM,S2422,Inspect,Roll,Steel,,
S0001M6PPMM1,S2422,Inspect,Frame,,,
S0001W1PPMM6,S2423,Inspect,GearBox,,,
S0001W1PPMM6,S2423,Inspect,Bolt,,,
S2400W1PPMM,S2423,Inspect,Roll,Steel,,
S0001M6PPMM1,S2423,Inspect,Frame,,,
S0001W1PPMM6,S2424,Inspect,GearBox,,,
S0001W1PPMM6,S2424,Inspect,Bolt,,,
S2400W1PPMM,S2424,Inspect,Roll,Steel,,
S0001M6PPMM1,S2424,Inspect,Frame,,,
S0001W1PPMM6,S2440,Inspect,GearBox,,,
S0001W1PPMM6,S2440,Inspect,Bolt,,,
S2400W1PPMM,S2440,Inspect,Plate,,,
S2400W1PPMM,S2440,Inspect,Roll,Steel,,
S0001M6PPMM1,S2440,Inspect,Frame,,,
S2400M3PPMM,S2440,Inspect,Chute,,,
S2400M3PPMM,S2440,Inspect,Gate,,,
S0001W1PPMM6,S2442,Inspect,GearBox,,,
S0001W1PPMM6,S2442,Inspect,Bolt,,,
S2400W1PPMM,S2442,Inspect,Plate,,,
S2400W1PPMM,S2442,Inspect,Roll,Steel,,
S0001M6PPMM1,S2442,Inspect,Frame,,,
S2400M3PPMM,S2442,Inspect,Chute,,,
S2400M3PPMM,S2442,Inspect,Gate,,,
S0001W1PPMM6,S2470,Inspect,GearBox,,,
S0001W1PPMM6,S2470,Inspect,Bolt,,,
S2400W1PPMM,S2470,Inspect,Plate,,,
S2400W1PPMM,S2470,Inspect,Roll,Steel,,
S0001M6PPMM1,S2470,Inspect,Frame,,,
S2400M3PPMM,S2470,Inspect,Chute,,,
S2400M3PPMM,S2470,Inspect,Gate,,,
S0001W1PPMM6,S2472,Inspect,GearBox,,,
S0001W1PPMM6,S2472,Inspect,Bolt,,,
S2400W1PPMM,S2472,Inspect,Plate,,,
S2400W1PPMM,S2472,Inspect,Roll,Steel,,
S0001M6PPMM1,S2472,Inspect,Frame,,,
S2400M3PPMM,S2472,Inspect,Chute,,,
S2400M3PPMM,S2472,Inspect,Gate,,,
S0001W1PPMM6,S2520,Inspect,Bolt,,,
S0001W1PPMM6,S2520,Inspect,GearBox,,,
S0001W1PPMM6,S2520,Inspect,Guard,,,
S2400W1PPMM,S2520,Inspect,Roll,Chrome,,
S2400W1PPMM,S2520,Inspect,Scraper,,,
S0001M6PPMM1,S2520,Inspect,Frame,,,
S2510M1PPMM,S2520,Inspect,Timing,Belts,,
S0001W1PPMM6,S2550,Inspect,Bolt,,,
S0001W1PPMM6,S2550,Inspect,GearBox,,,
S0001W1PPMM6,S2550,Inspect,Guard,,,
S2400W1PPMM,S2550,Inspect,Roll,Chrome,,
S2400W1PPMM,S2550,Inspect,Scraper,,,
S0001M6PPMM1,S2550,Inspect,Frame,,,
S2510M1PPMM,S2550,Inspect,Timing,Belts,,
S0001W1PPMM6,S2570,Inspect,Bolt,,,
S0001W1PPMM6,S2570,Inspect,GearBox,,,
S0001W1PPMM6,S2570,Inspect,Guard,,,
S2400W1PPMM,S2570,Inspect,Roll,Chrome,,
S2400W1PPMM,S2570,Inspect,Scraper,,,
S0001M6PPMM1,S2570,Inspect,Frame,,,
S2510M1PPMM,S2570,Inspect,Timing,Belts,,
S0001W1PPMM6,S2590,Inspect,Bolt,,,
S0001W1PPMM6,S2590,Inspect,GearBox,,,
S0001W1PPMM6,S2590,Inspect,Guard,,,
S2400W1PPMM,S2590,Inspect,Roll,Chrome,,
S2400W1PPMM,S2590,Inspect,Scraper,,,
S0001M6PPMM1,S2590,Inspect,Frame,,,
S2510M1PPMM,S2590,Inspect,Timing,Belts,,
S0001W1PPMM6,S2791,Inspect,Bolt,,,
S0001W1PPMM6,S2791,Inspect,GearBox,,,
S0001W1PPMM6,S2791,Inspect,Guard,,,
S0001M6PPMM1,S2791,Inspect,Frame,,,
S0001M3PPMM,S2791,Inspect,Screw,,,
S0001M3PPMM,S2791,Inspect,Packing,Gland,,
S0001M3PPMM1,S2791,Inspect,Hoses,,,
S0001M6PPMM1,S2530,Inspect,Frame,,,
S2400M3PPMM,S2530,Inspect,Chute,,,
S2400M3PPMM,S2530,Inspect,Gate,,,
S0001M6PPMM1,S2913,Inspect,Frame,,,
S0001M6PPMM1,S3005,Inspect,Frame,,,
S6200W1PPMM,S6237,Inspect,Roll,Ceramic,Flange,
S6200W1PPMM1,S6237,Inspect,Bolt,,,
S6200W1PPMM1,S6237,Inspect,GearBox,,,
S6200W1PPMM1,S6237,Inspect,Guard,,,
S6200M1PPMM,S6237,Inspect,Belts,,,
S6200W1PPMM,S6240,Inspect,Spray,Nozzle,,
S6200W1PPMM,S6240,Inspect,Tile,Ceramic,,
S6200W1PPMM,S6240,Inspect,Guide,,,
S6200W1PPMM,S6240,Clean,Guide,,,
S6200W1PPMM,S6240,Inspect,Knife,,,
S6200W1PPMM1,S6240,Inspect,Valve,,,
S6200W1PPMM1,S6240,Inspect,Regulator,Pneumatic,,
S6200W1PPMM1,S6240,Inspect,Gauge,,,
S6200M3PPMM,S6240,Inspect,Regulator,,,
S6200M3PPMM,S6240,Inspect,Hoses,,,
S6240M6PPMM1,S6240,Replace,Filter,Water,,
S6200M6PPMM,S6240,Inspect,Frame,,,
S6200W1PPMM,S6241,Inspect,Roll,Anvil,,
S6200W1PPMM1,S6241,Inspect,Bolt,,,
S6200W1PPMM1,S6241,Inspect,GearBox,,,
S6200W1PPMM1,S6241,Inspect,Guard,,,
S6200M1PPMM,S6241,Inspect,Belts,,,
S6200W1PPMM,S6265,Inspect,Tile,Ceramic,,
S6200W1PPMM,S6265,Inspect,Guide,,,
S6200W1PPMM,S6265,Clean,Guide,,,
S6200W1PPMM,S6265,Inspect,Roll,Ceramic,Flange,
S6200W1PPMM,S6265,Inspect,Bellow,,,
S6200W1PPMM1,S6265,Inspect,Bolt,,,
S6200W1PPMM1,S6265,Inspect,GearBox,,,
S6200W1PPMM1,S6265,Inspect,Guard,,,
S6200W1PPMM1,S6265,Inspect,Regulator,Pneumatic,,
S6200W1PPMM1,S6265,Inspect,Gauge,,,
S6200M3PPMM,S6265,Inspect,Regulator,,,
S6200M3PPMM,S6265,Inspect,Hoses,,,
S6200M1PPMM,S6265,Inspect,Belts,,,
S6200W1PPMM,S6266,Inspect,Ring,,,
S6200W1PPMM,S6266,Inspect,Collar,,,
S6200W1PPMM,S6266,Inspect,Strip,,,
S6200W1PPMM,S6266,Inspect,Tile,Ceramic,,
S6200W1PPMM,S6266,Inspect,Guide,,,
S6200W1PPMM,S6266,Clean,Guide,,,
S6200W1PPMM,S6267,Inspect,Ring,,,
S6200W1PPMM,S6267,Inspect,Collar,,,
S6200W1PPMM,S6267,Inspect,Strip,,,
S6200W1PPMM,S6267,Inspect,Tile,Ceramic,,
S6200W1PPMM,S6267,Inspect,Guide,,,
S6200W1PPMM,S6267,Clean,Guide,,,
S6200W1PPMM,S6268,Inspect,Ring,,,
S6200W1PPMM,S6268,Inspect,Collar,,,
S6200W1PPMM,S6268,Inspect,Strip,,,
S6200W1PPMM,S6268,Inspect,Tile,Ceramic,,
S6200W1PPMM,S6268,Inspect,Guide,,,
S6200W1PPMM,S6268,Clean,Guide,,,
S6200W1PPMM,S6269,Inspect,Ring,,,
S6200W1PPMM,S6269,Inspect,Collar,,,
S6200W1PPMM,S6269,Inspect,Strip,,,
S6200W1PPMM,S6269,Inspect,Tile,Ceramic,,
S6200W1PPMM,S6269,Inspect,Guide,,,
S6200W1PPMM,S6269,Clean,Guide,,,
S6200W1PPMM1,S6201,Inspect,Bolt,,,
S6200W1PPMM1,S6201,Inspect,Guard,,,
S6201Y1PPMM,S6201,Inspect,Catwalk,,,
S6200M6PPMM,S6201,Inspect,Frame,,,
S0001W1PPMM14,S4031,Inspect,Tank,,,
S0001W1PPMM14,S4031,Inspect,Pipe,,,
S0001Y1PPMM,S4031,Inspect,Tank,Body,,
S0001Y1PPMM,S4031,Clean,Tank,,,
S0001W1PPMM14,S4033,Inspect,Tank,,,
S0001W1PPMM14,S4033,Inspect,Pipe,,,
S0001Y1PPMM,S4033,Inspect,Tank,Body,,
S0001Y1PPMM,S4033,Clean,Tank,,,
S0001W1PPMM14,S4037,Inspect,Bolt,,,
S0001M3PPMM5,S4037,Inspect,Pumps,,,
S0001W1PPMM14,S4039,Inspect,Pipe,,,
S0001W1PPMM14,S4039,Inspect,Hose,,,
S0001W1PPMM14,S4039,Inspect,Bolt,,,
S0001W1PPMM14,S4039,Inspect,Filter,,,
S0001W1PPMM14,S4404,Inspect,Tank,,,
S0001W1PPMM14,S4404,Inspect,Pipe,,,
S0001Y1PPMM,S4404,Inspect,Tank,Body,,
S0001Y1PPMM,S4404,Clean,Tank,,,
S0001W1PPMM14,S4406,Inspect,Tank,,,
S0001W1PPMM14,S4406,Inspect,Pipe,,,
S0001Y1PPMM,S4406,Inspect,Tank,Body,,
S0001Y1PPMM,S4406,Clean,Tank,,,
S0001W1PPMM14,S4408,Inspect,Bolt,,,
S0001M3PPMM5,S4408,Inspect,Pumps,,,
S0001W1PPMM14,S4410,Inspect,Pipe,,,
S0001W1PPMM14,S4410,Inspect,Hose,,,
S0001W1PPMM14,S4410,Inspect,Bolt,,,
S0001W1PPMM14,S4410,Inspect,Filter,,,
S8592W1PPMM,S8594,Inspect,GearBox,,,
S8592W1PPMM,S8594,Inspect,Guard,,,
S8592W1PPMM1,S8594,Inspect,Bolt,,,
S8592W1PPMM1,S8594,Inspect,Belt,Conveyor,,
S8592M6PPMM,S8594,Inspect,Frame,,,
S8592W1PPMM,S8596,Inspect,GearBox,,,
S8592W1PPMM,S8596,Inspect,Guard,,,
S8592W1PPMM1,S8596,Inspect,Bolt,,,
S8592W1PPMM1,S8596,Inspect,Chain,,,
S8592W1PPMM1,S8596,Lubricate,Chain,,,
S8592W1PPMM1,S8596,Inspect,Belt,Conveyor,,
S8592W1PPMM1,S8596,Inspect,Roller,,,
S8592W1PPMM1,S8596,Inspect,Cylinders,,,
S8592W1PPMM1,S8596,Inspect,Arm,,,
S8592M1PPMM,S8596,Inspect,Sprocket,,,
S8592M3PPMM,S8596,Inspect,Cylinder,,,
S8592M6PPMM,S8596,Inspect,Frame,,,
S8592W1PPMM,S8599,Inspect,Hose,,,
S8592W1PPMM,S8599,Inspect,Guard,,,
S8592W1PPMM1,S8599,Inspect,Cylinders,Actuator,,
S8592W1PPMM1,S8599,Inspect,Arm,,,
S8592W1PPMM1,S8599,Inspect,Roll,Steel,,
S8592W1PPMM1,S8599,Inspect,Bolt,,,
S8592W1PPMM1,S8599,Inspect,Cylinders,Tensioner,,
S8592M1PPMM,S8599,Inspect,Belt,Timing,,
S8592M3PPMM,S8599,Inspect,Roller,,,
S8592M3PPMM,S8599,Inspect,Cylinder,,,
S8592M3PPMM,S8599,Inspect,Regulator,,,
S8592Y1PPMM,S8599,Inspect,Counterweight,,,
S8592W1PPMM,S8610,Inspect,GearBox,,,
S8592W1PPMM,S8610,Inspect,Hose,,,
S8592W1PPMM,S8610,Inspect,Guard,,,
S8592W1PPMM1,S8610,Inspect,Chain,,,
S8592W1PPMM1,S8610,Lubricate,Chain,,,
S8592W1PPMM1,S8610,Inspect,Roller,,,
S8592W1PPMM1,S8610,Inspect,Bolt,,,
S8592W1PPMM1,S8610,Inspect,Cylinders,,,
S8592M1PPMM,S8610,Inspect,Sprocket,,,
S8592M3PPMM,S8610,Inspect,Cylinder,,,
S8592M3PPMM,S8610,Inspect,Regulator,,,
S8592M6PPMM,S8610,Inspect,Bearing,,,
S8592W1PPMM,S8618,Inspect,Hose,,,
S8592W1PPMM1,S8618,Inspect,Knife,Carbide,,
S8592W1PPMM1,S8618,Inspect,Cylinders,,,
S8592W1PPMM1,S8618,Inspect,Bolt,,,
S8618M2PPMM,S8618,Replace,Knives,,,
S8592M3PPMM,S8618,Inspect,Cylinder,,,
S8592M3PPMM,S8618,Inspect,Regulator,,,
S8592W1PPMM,S8626,Inspect,Hose,,,
S8592W1PPMM1,S8626,Inspect,Chain,,,
S8592W1PPMM1,S8626,Lubricate,Chain,,,
S8592W1PPMM1,S8626,Inspect,Guide,,,
S8592W1PPMM1,S8626,Clean,Guides,,,
S8592W1PPMM1,S8626,Clean,Bar,,,
S8592W1PPMM1,S8626,Inspect,Bar,,,
S8592W1PPMM1,S8626,Inspect,Cylinders,,,
S8592W1PPMM1,S8626,Inspect,Bolt,,,
S8592M1PPMM,S8626,Inspect,Belt,Timing,,
S8592M1PPMM,S8626,Inspect,Sprocket,,,
S8592M1PPMM,S8626,Replace,Pins,,,
S8592M3PPMM,S8626,Inspect,Cylinder,,,
S8592M3PPMM,S8626,Inspect,Regulator,,,
S8592W1PPMM,S8628,Inspect,GearBox,,,
S8592W1PPMM1,S8628,Inspect,Bolt,,,
S8592W1PPMM1,S8628,Inspect,Chain,,,
S8592W1PPMM1,S8628,Lubricate,Chain,,,
S8592W1PPMM1,S8628,Inspect,Belt,Conveyor,,
S8592M1PPMM,S8628,Inspect,Sprocket,,,
S8592M6PPMM,S8628,Inspect,Frame,,,
S8592W1PPMM,S8630,Inspect,GearBox,,,
S8592W1PPMM1,S8630,Inspect,Bolt,,,
S8592W1PPMM1,S8630,Inspect,Chain,,,
S8592W1PPMM1,S8630,Lubricate,Chain,,,
S8592W1PPMM1,S8630,Inspect,Roller,,,
S8592M1PPMM,S8630,Inspect,Sprocket,,,
S8592M6PPMM,S8630,Inspect,Frame,,,
S8592W1PPMM,S8638,Inspect,GearBox,,,
S8592W1PPMM1,S8638,Inspect,Bolt,,,
S8592W1PPMM1,S8638,Inspect,Belt,Conveyor,,
S8592W1PPMM1,S8638,Inspect,Chain,,,
S8592W1PPMM1,S8638,Lubricate,Chain,,,
S8592M1PPMM,S8638,Inspect,Sprocket,,,
S8592W1PPMM,S8653,Inspect,GearBox,,,
S8592W1PPMM,S8653,Inspect,Guard,,,
S8592W1PPMM1,S8653,Inspect,Bolt,,,
S8592W1PPMM1,S8653,Inspect,Roller,,,
S8592M1PPMM,S8653,Inspect,Belt,V,,
S8592M6PPMM,S8653,Inspect,Frame,,,
S8592W1PPMM,S8655,Inspect,GearBox,,,
S8592W1PPMM,S8655,Inspect,Hose,,,
S8592W1PPMM1,S8655,Inspect,Bolt,,,
S8592W1PPMM1,S8655,Inspect,Chain,,,
S8592W1PPMM1,S8655,Lubricate,Chain,,,
S8592W1PPMM1,S8655,Inspect,Roller,,,
S8592W1PPMM1,S8655,Inspect,Cylinders,,,
S8592M1PPMM,S8655,Inspect,Sprocket,,,
S8592M3PPMM,S8655,Inspect,Cylinder,,,
S8592M3PPMM,S8655,Inspect,Regulator,,,
S8592M6PPMM,S8655,Inspect,Frame,,,
S9386W1PPMM,S9388,Inspect,GearBox,,,
S9386W1PPMM,S9388,Inspect,Guard,,,
S9386W1PPMM1,S9388,Inspect,Bolt,,,
S9386W1PPMM1,S9388,Inspect,Belt,Conveyor,,
S9386M6PPMM,S9388,Inspect,Frame,,,
S9386Y1PPMM,S9388,Inspect,Counterweight,,,
S9386W1PPMM,S9390,Inspect,GearBox,,,
S9386W1PPMM,S9390,Inspect,Guard,,,
S9386W1PPMM1,S9390,Inspect,Bolt,,,
S9386W1PPMM1,S9390,Inspect,Chain,,,
S9386W1PPMM1,S9390,Lubricate,Chain,,,
S9386W1PPMM1,S9390,Inspect,Belt,Conveyor,,
S9386W1PPMM1,S9390,Inspect,Roller,,,
S9386W1PPMM1,S9390,Inspect,Cylinders,,,
S9386W1PPMM1,S9390,Inspect,Arm,,,
S9386M1PPMM,S9390,Inspect,Sprocket,,,
S9386M3PPMM,S9390,Inspect,Cylinder,,,
S9386M6PPMM,S9390,Inspect,Frame,,,
S9386W1PPMM,S9392,Inspect,Hose,,,
S9386W1PPMM,S9392,Inspect,Guard,,,
S9386W1PPMM1,S9392,Inspect,Cylinders,Actuator,,
S9386W1PPMM1,S9392,Inspect,Arm,,,
S9386W1PPMM1,S9392,Inspect,Roll,Steel,,
S9386W1PPMM1,S9392,Inspect,Bolt,,,
S9386W1PPMM1,S9392,Inspect,Cylinders,Tensioner,,
S9386M1PPMM,S9392,Inspect,Belt,Timing,,
S9386M3PPMM,S9392,Inspect,Roller,,,
S9386M3PPMM,S9392,Inspect,Cylinder,,,
S9386M3PPMM,S9392,Inspect,Regulator,,,
S9386W1PPMM,S9410,Inspect,GearBox,,,
S9386W1PPMM,S9410,Inspect,Hose,,,
S9386W1PPMM,S9410,Inspect,Guard,,,
S9386W1PPMM1,S9410,Inspect,Chain,,,
S9386W1PPMM1,S9410,Lubricate,Chain,,,
S9386W1PPMM1,S9410,Inspect,Roller,,,
S9386W1PPMM1,S9410,Inspect,Bolt,,,
S9386W1PPMM1,S9410,Inspect,Cylinders,,,
S9386M1PPMM,S9410,Inspect,Sprocket,,,
S9386M3PPMM,S9410,Inspect,Cylinder,,,
S9386M3PPMM,S9410,Inspect,Regulator,,,
S9386M6PPMM,S9410,Inspect,Bearing,,,
S9386W1PPMM,S9418,Inspect,Hose,,,
S9386W1PPMM1,S9418,Inspect,Knife,Carbide,,
S9386W1PPMM1,S9418,Inspect,Cylinders,,,
S9386W1PPMM1,S9418,Inspect,Bolt,,,
S9386M3PPMM,S9418,Inspect,Cylinder,,,
S9386M3PPMM,S9418,Inspect,Regulator,,,
S9386W1PPMM,S9426,Inspect,Hose,,,
S9386W1PPMM1,S9426,Inspect,Chain,,,
S9386W1PPMM1,S9426,Lubricate,Chain,,,
S9386W1PPMM1,S9426,Inspect,Guide,,,
S9386W1PPMM1,S9426,Clean,Guides,,,
S9386W1PPMM1,S9426,Clean,Bar,,,
S9386W1PPMM1,S9426,Inspect,Bar,,,
S9386W1PPMM1,S9426,Inspect,Cylinders,,,
S9386W1PPMM1,S9426,Inspect,Bolt,,,
S9386M1PPMM,S9426,Inspect,Belt,Timing,,
S9386M1PPMM,S9426,Inspect,Sprocket,,,
S9386M1PPMM,S9426,Replace,Pins,,,
S9386M3PPMM,S9426,Inspect,Cylinder,,,
S9386M3PPMM,S9426,Inspect,Regulator,,,
S9386W1PPMM,S9428,Inspect,GearBox,,,
S9386W1PPMM1,S9428,Inspect,Bolt,,,
S9386W1PPMM1,S9428,Inspect,Chain,,,
S9386W1PPMM1,S9428,Lubricate,Chain,,,
S9386W1PPMM1,S9428,Inspect,Belt,Conveyor,,
S9386M1PPMM,S9428,Inspect,Sprocket,,,
S9386M6PPMM,S9428,Inspect,Frame,,,
S9386W1PPMM,S9430,Inspect,GearBox,,,
S9386W1PPMM1,S9430,Inspect,Bolt,,,
S9386W1PPMM1,S9430,Inspect,Chain,,,
S9386W1PPMM1,S9430,Lubricate,Chain,,,
S9386W1PPMM1,S9430,Inspect,Roller,,,
S9386M1PPMM,S9430,Inspect,Sprocket,,,
S9386M6PPMM,S9430,Inspect,Frame,,,
S9386W1PPMM,S9438,Inspect,GearBox,,,
S9386W1PPMM1,S9438,Inspect,Bolt,,,
S9386W1PPMM1,S9438,Inspect,Belt,Conveyor,,
S9386W1PPMM1,S9438,Inspect,Chain,,,
S9386W1PPMM1,S9438,Lubricate,Chain,,,
S9386M1PPMM,S9438,Inspect,Sprocket,,,
S9386W1PPMM,S9453,Inspect,GearBox,,,
S9386W1PPMM,S9453,Inspect,Guard,,,
S9386W1PPMM1,S9453,Inspect,Bolt,,,
S9386W1PPMM1,S9453,Inspect,Roller,,,
S9386M1PPMM,S9453,Inspect,Belt,V,,
S9386M6PPMM,S9453,Inspect,Frame,,,
S9386W1PPMM,S9455,Inspect,GearBox,,,
S9386W1PPMM,S9455,Inspect,Hose,,,
S9386W1PPMM1,S9455,Inspect,Bolt,,,
S9386W1PPMM1,S9455,Inspect,Chain,,,
S9386W1PPMM1,S9455,Lubricate,Chain,,,
S9386W1PPMM1,S9455,Inspect,Roller,,,
S9386W1PPMM1,S9455,Inspect,Cylinders,,,
S9386M1PPMM,S9455,Inspect,Sprocket,,,
S9386M3PPMM,S9455,Inspect,Cylinder,,,
S9386M3PPMM,S9455,Inspect,Regulator,,,
S9386M6PPMM,S9455,Inspect,Frame,,,
S8592W1PPMM1,S8614,Inspect,Arm,,,
S8592W1PPMM1,S8614,Inspect,Cylinders,,,
S8592W1PPMM1,S8614,Inspect,Bolt,,,
S8592W1PPMM1,S8614,Inspect,Roller,,,
S8592M3PPMM,S8614,Inspect,Cylinder,,,
S8592M6PPMM,S8614,Inspect,Frame,,,
S8592W1PPMM1,S8616,Inspect,Bolt,,,
S8592M1PPMM,S8616,Replace,Timing,Belt,,
S8592Y1PPMM,S8616,Replace,Pinch,Rolls,Assembly,
S8592W1PPMM1,S8636,Inspect,Bolt,,,
S8592W1PPMM1,S8636,Inspect,Tunnel,,,
S8592M1PPMM,S8636,Inspect,Belt,V,,
S8636M1PPMM1,S8636,Inspect,Filter,Air,,
S8592Y1PPMM,S8636,Inspect,Guide,,,
S8592Y1PPMM,S8636,Inspect,Damper,,,
S8636Y1PPMM1,S8636,Inspect,Ignitor,,,
S8636Y1PPMM1,S8636,Inspect,Flame,Rod,,
S8636Y1PPMM1,S8636,Inspect,Gas,Burner,,
S8636Y1PPMM1,S8636,Inspect,UV,Sensor,,
S8636Y1PPMM1,S8636,Clean,Gas,Burner,,
S8636Y1PPMM1,S8636,Inspect,Gas,Piping,,
S8636Y1PPMM1,S8636,Inspect,Safety,Valve,,
S8636Y1PPMM1,S8636,Inspect,Primary,Manual,Gas,Valve
S8636Y1PPMM1,S8636,Inspect,Regulator,,,
S8636Y1PPMM1,S8636,Inspect,Gas,Low,Pressure,Switch
S8636Y1PPMM1,S8636,Inspect,Gas,High,Pressure,Switch
S8636Y1PPMM1,S8636,Inspect,Secondary,Manual,Gas,Valve
S9386W1PPMM1,S9414,Inspect,Arm,,,
S9386W1PPMM1,S9414,Inspect,Cylinders,,,
S9386W1PPMM1,S9414,Inspect,Bolt,,,
S9386W1PPMM1,S9414,Inspect,Roller,,,
S9386M3PPMM,S9414,Inspect,Cylinder,,,
S9386M6PPMM,S9414,Inspect,Frame,,,
S9386W1PPMM1,S9416,Inspect,Bolt,,,
S9386M1PPMM,S9416,Replace,Timing,Belt,,
S9416M2PPMM,S9416,Replace,Knives,,,
S9386Y1PPMM,S9416,Replace,Pinch,Rolls,Assembly,
S9386W1PPMM1,S9436,Inspect,Bolt,,,
S9386W1PPMM1,S9436,Inspect,Tunnel,,,
S9386M1PPMM,S9436,Inspect,Belt,V,,
S9436M1PPMM1,S9436,Inspect,Filter,Air,,
S9386Y1PPMM,S9436,Inspect,Guide,,,
S9386Y1PPMM,S9436,Inspect,Damper,,,
S9436Y1PPMM1,S9436,Inspect,Ignitor,,,
S9436Y1PPMM1,S9436,Inspect,Flame,Rod,,
S9436Y1PPMM1,S9436,Inspect,Gas,Burner,,
S9436Y1PPMM1,S9436,Inspect,UV,Sensor,,
S9436Y1PPMM1,S9436,Clean,Gas,Burner,,
S9436Y1PPMM1,S9436,Inspect,Gas,Piping,,
S9436Y1PPMM1,S9436,Inspect,Safety,Valve,,
S9436Y1PPMM1,S9436,Inspect,Primary,Manual,Gas,Valve
S9436Y1PPMM1,S9436,Inspect,Regulator,,,
S9436Y1PPMM1,S9436,Inspect,Gas,Low,Pressure,Switch
S9436Y1PPMM1,S9436,Inspect,Gas,High,Pressure,Switch
S9436Y1PPMM1,S9436,Inspect,Secondary,Manual,Gas,Valve
