A0001,Combronde Operations,http://operations.connect.na.local/support/Reliability/Combronde/PlantAssetDocuments/Combronde_Plant_Layout.pdf,,Combronde_Plant_Layout.pdf,Opérations de Combronde
B0001,Insulation Line,http://operations.connect.na.local/support/Reliability/Combronde/PlantAssetDocuments/Combronde_Plant_Layout.pdf,,Combronde_Plant_Layout.pdf,Ligne d'isolation
B1003,MDI Unloading Station,http://operations.connect.na.local/support/Reliability/Combronde/PlantAssetDocuments/Unloading_Stations.pdf,,Unloading_Stations.pdf,Station de dépotage du MDI
B1003,MDI Unloading Station,http://operations.connect.na.local/support/Reliability/Combronde/PlantAssetDocuments/ISO_Tank_Farm_PID.pdf,,ISO_Tank_Farm_PID.pdf,Station de dépotage du MDI
B1005,MDI Unloading Pump,http://operations.connect.na.local/support/Reliability/Combronde/PlantAssetDocuments/Unloading_Stations.pdf,,Unloading_Stations.pdf,Pompe de dépotage du MDI
B1005,MDI Unloading Pump,http://operations.connect.na.local/support/Reliability/Combronde/PlantAssetDocuments/ISO_Tank_Farm_PID.pdf,,ISO_Tank_Farm_PID.pdf,Pompe de dépotage du MDI
B1010,MDI Tank T11,http://operations.connect.na.local/support/Reliability/Combronde/PlantAssetDocuments/Tank_Farm.pdf,,Tank_Farm.pdf,Cuve du MDI T11
B1010,MDI Tank T11,http://operations.connect.na.local/support/Reliability/Combronde/PlantAssetDocuments/ISO_Tank_Farm_PID.pdf,,ISO_Tank_Farm_PID.pdf,Cuve du MDI T11
B1013,MDI Tank T12,http://operations.connect.na.local/support/Reliability/Combronde/PlantAssetDocuments/Tank_Farm.pdf,,Tank_Farm.pdf,Cuve du MDI T12
B1013,MDI Tank T12,http://operations.connect.na.local/support/Reliability/Combronde/PlantAssetDocuments/ISO_Tank_Farm_PID.pdf,,ISO_Tank_Farm_PID.pdf,Cuve du MDI T12
B1016,MDI Tank T13,http://operations.connect.na.local/support/Reliability/Combronde/PlantAssetDocuments/Tank_Farm.pdf,,Tank_Farm.pdf,Cuve du MDI T13
B1016,MDI Tank T13,http://operations.connect.na.local/support/Reliability/Combronde/PlantAssetDocuments/ISO_Tank_Farm_PID.pdf,,ISO_Tank_Farm_PID.pdf,Cuve du MDI T13
B1040,MDI Tanks Transfer Pump,http://operations.connect.na.local/support/Reliability/Combronde/PlantAssetDocuments/Tank_Farm.pdf,,Tank_Farm.pdf,Pompe transfert de la cuve MDI
B1040,MDI Tanks Transfer Pump,http://operations.connect.na.local/support/Reliability/Combronde/PlantAssetDocuments/ISO_Tank_Farm_PID.pdf,,ISO_Tank_Farm_PID.pdf,Pompe transfert de la cuve MDI
B1050,MDI Heat Exchanger,http://operations.connect.na.local/support/Reliability/Combronde/PlantAssetDocuments/Pump-Mixing_Room.pdf,,Pump-Mixing_Room.pdf,Échangeur thermique du MDI
B1050,MDI Heat Exchanger,http://operations.connect.na.local/support/Reliability/Combronde/PlantAssetDocuments/ISO_MDI-Polyol_Heat_Exchangers.pdf,,ISO_MDI-Polyol_Heat_Exchangers.pdf,Échangeur thermique du MDI
B1053,MDI Chiller Unit,http://operations.connect.na.local/support/Reliability/Combronde/PlantAssetDocuments/Tank_Farm.pdf,,Tank_Farm.pdf,Unité de refroidissement du MDI
B1053,MDI Chiller Unit,http://operations.connect.na.local/support/Reliability/Combronde/PlantAssetDocuments/ISO_Tank_Farm_PID.pdf,,ISO_Tank_Farm_PID.pdf,Unité de refroidissement du MDI
B1054,MDI Metering Heat Exchanger 1,http://operations.connect.na.local/support/Reliability/Combronde/PlantAssetDocuments/Pump-Mixing_Room.pdf,,Pump-Mixing_Room.pdf,Échangeur thermique doseuse du MDI 1
B1054,MDI Metering Heat Exchanger 1,http://operations.connect.na.local/support/Reliability/Combronde/PlantAssetDocuments/ISO_MDI-Polyol_Metering_PnID.pdf,,ISO_MDI-Polyol_Metering_PnID.pdf,Échangeur thermique doseuse du MDI 1
B1055,MDI Metering Heat Exchanger 2,http://operations.connect.na.local/support/Reliability/Combronde/PlantAssetDocuments/Pump-Mixing_Room.pdf,,Pump-Mixing_Room.pdf,Échangeur thermique doseuse du MDI 2
B1055,MDI Metering Heat Exchanger 2,http://operations.connect.na.local/support/Reliability/Combronde/PlantAssetDocuments/ISO_MDI-Polyol_Metering_PnID.pdf,,ISO_MDI-Polyol_Metering_PnID.pdf,Échangeur thermique doseuse du MDI 2
B1056,MDI Metering Heat Exchanger 3,http://operations.connect.na.local/support/Reliability/Combronde/PlantAssetDocuments/Pump-Mixing_Room.pdf,,Pump-Mixing_Room.pdf,Échangeur thermique doseuse du MDI 3
B1056,MDI Metering Heat Exchanger 3,http://operations.connect.na.local/support/Reliability/Combronde/PlantAssetDocuments/ISO_MDI-Polyol_Metering_PnID.pdf,,ISO_MDI-Polyol_Metering_PnID.pdf,Échangeur thermique doseuse du MDI 3
B1060,MDI Metering Pump 1,http://operations.connect.na.local/support/Reliability/Combronde/PlantAssetDocuments/Pump-Mixing_Room.pdf,,Pump-Mixing_Room.pdf,Pompe doseuse du MDI 1
B1060,MDI Metering Pump 1,http://operations.connect.na.local/support/Reliability/Combronde/PlantAssetDocuments/ISO_MDI-Polyol_Metering_PnID.pdf,,ISO_MDI-Polyol_Metering_PnID.pdf,Pompe doseuse du MDI 1
B1061,MDI Metering Pump 2,http://operations.connect.na.local/support/Reliability/Combronde/PlantAssetDocuments/Pump-Mixing_Room.pdf,,Pump-Mixing_Room.pdf,Pompe doseuse du MDI 2
B1061,MDI Metering Pump 2,http://operations.connect.na.local/support/Reliability/Combronde/PlantAssetDocuments/ISO_MDI-Polyol_Metering_PnID.pdf,,ISO_MDI-Polyol_Metering_PnID.pdf,Pompe doseuse du MDI 2
B1062,MDI Metering Pump 3,http://operations.connect.na.local/support/Reliability/Combronde/PlantAssetDocuments/Pump-Mixing_Room.pdf,,Pump-Mixing_Room.pdf,Pompe doseuse du MDI 3
B1062,MDI Metering Pump 3,http://operations.connect.na.local/support/Reliability/Combronde/PlantAssetDocuments/ISO_MDI-Polyol_Metering_PnID.pdf,,ISO_MDI-Polyol_Metering_PnID.pdf,Pompe doseuse du MDI 3
B1070,MDI Piping System,http://operations.connect.na.local/support/Reliability/Combronde/PlantAssetDocuments/Tank_Farm.pdf,,Tank_Farm.pdf,Système tuyauterie du MDI
B1070,MDI Piping System,http://operations.connect.na.local/support/Reliability/Combronde/PlantAssetDocuments/ISO_MDI-Polyol_Metering_PnID.pdf,,ISO_MDI-Polyol_Metering_PnID.pdf,Système tuyauterie du MDI
B1103,Polyol Unloading Station,http://operations.connect.na.local/support/Reliability/Combronde/PlantAssetDocuments/Unloading_Stations.pdf,,Unloading_Stations.pdf,Station de dépotage du Polyol
B1103,Polyol Unloading Station,http://operations.connect.na.local/support/Reliability/Combronde/PlantAssetDocuments/ISO_Tank_Farm_PID.pdf,,ISO_Tank_Farm_PID.pdf,Station de dépotage du Polyol
B1105,Polyol Unloading Pump,http://operations.connect.na.local/support/Reliability/Combronde/PlantAssetDocuments/Unloading_Stations.pdf,,Unloading_Stations.pdf,Pompe de dépotage du Polyol
B1105,Polyol Unloading Pump,http://operations.connect.na.local/support/Reliability/Combronde/PlantAssetDocuments/ISO_Tank_Farm_PID.pdf,,ISO_Tank_Farm_PID.pdf,Pompe de dépotage du Polyol
B1110,Polyol Tank T21,http://operations.connect.na.local/support/Reliability/Combronde/PlantAssetDocuments/Tank_Farm.pdf,,Tank_Farm.pdf,Cuve du Polyol T21
B1110,Polyol Tank T21,http://operations.connect.na.local/support/Reliability/Combronde/PlantAssetDocuments/ISO_Tank_Farm_PID.pdf,,ISO_Tank_Farm_PID.pdf,Cuve du Polyol T21
B1111,Polyol Tank Transfer Pump 1,http://operations.connect.na.local/support/Reliability/Combronde/PlantAssetDocuments/Tank_Farm.pdf,,Tank_Farm.pdf,Pompe transfert de la cuve Polyol 1
B1111,Polyol Tank Transfer Pump 1,http://operations.connect.na.local/support/Reliability/Combronde/PlantAssetDocuments/ISO_Tank_Farm_PID.pdf,,ISO_Tank_Farm_PID.pdf,Pompe transfert de la cuve Polyol 1
B1114,Polyol Tank T22,http://operations.connect.na.local/support/Reliability/Combronde/PlantAssetDocuments/Tank_Farm.pdf,,Tank_Farm.pdf,Cuve du Polyol T22
B1114,Polyol Tank T22,http://operations.connect.na.local/support/Reliability/Combronde/PlantAssetDocuments/ISO_Tank_Farm_PID.pdf,,ISO_Tank_Farm_PID.pdf,Cuve du Polyol T22
B1115,Polyol Tank Transfer Pump 2,http://operations.connect.na.local/support/Reliability/Combronde/PlantAssetDocuments/Tank_Farm.pdf,,Tank_Farm.pdf,Pompe transfert de la cuve Polyol 2
B1115,Polyol Tank Transfer Pump 2,http://operations.connect.na.local/support/Reliability/Combronde/PlantAssetDocuments/ISO_Tank_Farm_PID.pdf,,ISO_Tank_Farm_PID.pdf,Pompe transfert de la cuve Polyol 2
B1118,Polyol Tank T23,http://operations.connect.na.local/support/Reliability/Combronde/PlantAssetDocuments/Tank_Farm.pdf,,Tank_Farm.pdf,Cuve du Polyol T23
B1118,Polyol Tank T23,http://operations.connect.na.local/support/Reliability/Combronde/PlantAssetDocuments/ISO_Tank_Farm_PID.pdf,,ISO_Tank_Farm_PID.pdf,Cuve du Polyol T23
B1119,Polyol Tank Transfer Pump 3,http://operations.connect.na.local/support/Reliability/Combronde/PlantAssetDocuments/Tank_Farm.pdf,,Tank_Farm.pdf,Pompe transfert de la cuve Polyol 3
B1119,Polyol Tank Transfer Pump 3,http://operations.connect.na.local/support/Reliability/Combronde/PlantAssetDocuments/ISO_Tank_Farm_PID.pdf,,ISO_Tank_Farm_PID.pdf,Pompe transfert de la cuve Polyol 3
B1122,Polyol Test Tank T24,http://operations.connect.na.local/support/Reliability/Combronde/PlantAssetDocuments/Tank_Farm.pdf,,Tank_Farm.pdf,Cuve du Polyol T24
B1122,Polyol Test Tank T24,http://operations.connect.na.local/support/Reliability/Combronde/PlantAssetDocuments/ISO_Tank_Farm_PID.pdf,,ISO_Tank_Farm_PID.pdf,Cuve du Polyol T24
B1123,Polyol Test Tank Transfer Pump,http://operations.connect.na.local/support/Reliability/Combronde/PlantAssetDocuments/Tank_Farm.pdf,,Tank_Farm.pdf,Pompe transfert de la cuve Polyol 4
B1123,Polyol Test Tank Transfer Pump,http://operations.connect.na.local/support/Reliability/Combronde/PlantAssetDocuments/ISO_Tank_Farm_PID.pdf,,ISO_Tank_Farm_PID.pdf,Pompe transfert de la cuve Polyol 4
B1135,Polyol Heat Exchanger,http://operations.connect.na.local/support/Reliability/Combronde/PlantAssetDocuments/Pump-Mixing_Room.pdf,,Pump-Mixing_Room.pdf,Échangeur thermique du Polyol
B1135,Polyol Heat Exchanger,http://operations.connect.na.local/support/Reliability/Combronde/PlantAssetDocuments/ISO_MDI-Polyol_Heat_Exchangers.pdf,,ISO_MDI-Polyol_Heat_Exchangers.pdf,Échangeur thermique du Polyol
B1138,Polyol Chiller Unit,http://operations.connect.na.local/support/Reliability/Combronde/PlantAssetDocuments/Tank_Farm.pdf,,Tank_Farm.pdf,Unité de refroidissement du Polyol
B1138,Polyol Chiller Unit,http://operations.connect.na.local/support/Reliability/Combronde/PlantAssetDocuments/ISO_Tank_Farm_PID.pdf,,ISO_Tank_Farm_PID.pdf,Unité de refroidissement du Polyol
B1140,Polyol Piping System,http://operations.connect.na.local/support/Reliability/Combronde/PlantAssetDocuments/Tank_Farm.pdf,,Tank_Farm.pdf,Système tuyauterie du Polyol
B1140,Polyol Piping System,http://operations.connect.na.local/support/Reliability/Combronde/PlantAssetDocuments/ISO_Tank_Farm_PID.pdf,,ISO_Tank_Farm_PID.pdf,Système tuyauterie du Polyol
B1203,Octoate Unloading Station,http://operations.connect.na.local/support/Reliability/Combronde/PlantAssetDocuments/Unloading_Stations.pdf,,Unloading_Stations.pdf,Station de dépotage de l'Octoate
B1203,Octoate Unloading Station,http://operations.connect.na.local/support/Reliability/Combronde/PlantAssetDocuments/ISO_Tank_Farm_PID.pdf,,ISO_Tank_Farm_PID.pdf,Station de dépotage de l'Octoate
B1205,Octoate Unloading Pump ,http://operations.connect.na.local/support/Reliability/Combronde/PlantAssetDocuments/Unloading_Stations.pdf,,Unloading_Stations.pdf,Pompe de dépotage de l'Octoate
B1205,Octoate Unloading Pump ,http://operations.connect.na.local/support/Reliability/Combronde/PlantAssetDocuments/ISO_Tank_Farm_PID.pdf,,ISO_Tank_Farm_PID.pdf,Pompe de dépotage de l'Octoate
B1215,Octoate Tank T51,http://operations.connect.na.local/support/Reliability/Combronde/PlantAssetDocuments/Tank_Farm.pdf,,Tank_Farm.pdf,Cuve de l'Octoate
B1215,Octoate Tank T51,http://operations.connect.na.local/support/Reliability/Combronde/PlantAssetDocuments/ISO_Tank_Farm_PID.pdf,,ISO_Tank_Farm_PID.pdf,Cuve de l'Octoate
B1216,Octoate Tank Transfer Pump ,http://operations.connect.na.local/support/Reliability/Combronde/PlantAssetDocuments/Tank_Farm.pdf,,Tank_Farm.pdf,Pompe transfert de la cuve Octoate
B1216,Octoate Tank Transfer Pump ,http://operations.connect.na.local/support/Reliability/Combronde/PlantAssetDocuments/ISO_Tank_Farm_PID.pdf,,ISO_Tank_Farm_PID.pdf,Pompe transfert de la cuve Octoate
B1230,Octoate Piping System,http://operations.connect.na.local/support/Reliability/Combronde/PlantAssetDocuments/Tank_Farm.pdf,,Tank_Farm.pdf,Système tuyauterie de l'octoate
B1230,Octoate Piping System,http://operations.connect.na.local/support/Reliability/Combronde/PlantAssetDocuments/ISO_Tank_Farm_PID.pdf,,ISO_Tank_Farm_PID.pdf,Système tuyauterie de l'octoate
B1303,Flame Retardant (TCPP) Unloading Station ,http://operations.connect.na.local/support/Reliability/Combronde/PlantAssetDocuments/Unloading_Stations.pdf,,Unloading_Stations.pdf,Station de dépotage de l'ignifuge (TCPP)
B1303,Flame Retardant (TCPP) Unloading Station ,http://operations.connect.na.local/support/Reliability/Combronde/PlantAssetDocuments/ISO_Tank_Farm_PID.pdf,,ISO_Tank_Farm_PID.pdf,Station de dépotage de l'ignifuge (TCPP)
B1305,Flame Retardant (TCPP) Unloading Pump,http://operations.connect.na.local/support/Reliability/Combronde/PlantAssetDocuments/Unloading_Stations.pdf,,Unloading_Stations.pdf,Pompe de dépotage de l'ignifuge (TCPP)
B1305,Flame Retardant (TCPP) Unloading Pump,http://operations.connect.na.local/support/Reliability/Combronde/PlantAssetDocuments/ISO_Tank_Farm_PID.pdf,,ISO_Tank_Farm_PID.pdf,Pompe de dépotage de l'ignifuge (TCPP)
B1315,Flame Retardant (TCPP) Storage Tank T31,http://operations.connect.na.local/support/Reliability/Combronde/PlantAssetDocuments/Tank_Farm.pdf,,Tank_Farm.pdf,Cuve de l'ignifuge (TCPP) T31
B1315,Flame Retardant (TCPP) Storage Tank T31,http://operations.connect.na.local/support/Reliability/Combronde/PlantAssetDocuments/ISO_Tank_Farm_PID.pdf,,ISO_Tank_Farm_PID.pdf,Cuve de l'ignifuge (TCPP) T31
B1316,Flame Retardant (TCPP) Tank Transfer Pump,http://operations.connect.na.local/support/Reliability/Combronde/PlantAssetDocuments/Tank_Farm.pdf,,Tank_Farm.pdf,Pompe transfert de la cuve ignifuge (TCPP)
B1316,Flame Retardant (TCPP) Tank Transfer Pump,http://operations.connect.na.local/support/Reliability/Combronde/PlantAssetDocuments/ISO_Tank_Farm_PID.pdf,,ISO_Tank_Farm_PID.pdf,Pompe transfert de la cuve ignifuge (TCPP)
B1330,Flame Retardant (TCPP) Piping System,http://operations.connect.na.local/support/Reliability/Combronde/PlantAssetDocuments/Tank_Farm.pdf,,Tank_Farm.pdf,Système tuyauterie de l'ignifuge (TCPP)
B1330,Flame Retardant (TCPP) Piping System,http://operations.connect.na.local/support/Reliability/Combronde/PlantAssetDocuments/ISO_Tank_Farm_PID.pdf,,ISO_Tank_Farm_PID.pdf,Système tuyauterie de l'ignifuge (TCPP)
B1353,Silicone Unloading Station,http://operations.connect.na.local/support/Reliability/Combronde/PlantAssetDocuments/Unloading_Stations.pdf,,Unloading_Stations.pdf,Station de dépotage du Silicone
B1353,Silicone Unloading Station,http://operations.connect.na.local/support/Reliability/Combronde/PlantAssetDocuments/ISO_Tank_Farm_PID.pdf,,ISO_Tank_Farm_PID.pdf,Station de dépotage du Silicone
B1356,Silicone Unloading Pump ,http://operations.connect.na.local/support/Reliability/Combronde/PlantAssetDocuments/Unloading_Stations.pdf,,Unloading_Stations.pdf,Pompe de dépotage du Silicone
B1356,Silicone Unloading Pump ,http://operations.connect.na.local/support/Reliability/Combronde/PlantAssetDocuments/ISO_Tank_Farm_PID.pdf,,ISO_Tank_Farm_PID.pdf,Pompe de dépotage du Silicone
B1360,Silicone Tank T41,http://operations.connect.na.local/support/Reliability/Combronde/PlantAssetDocuments/Tank_Farm.pdf,,Tank_Farm.pdf,Cuve Silicone T41
B1360,Silicone Tank T41,http://operations.connect.na.local/support/Reliability/Combronde/PlantAssetDocuments/ISO_Tank_Farm_PID.pdf,,ISO_Tank_Farm_PID.pdf,Cuve Silicone T41
B1365,Silicone Tank Transfer Pump ,http://operations.connect.na.local/support/Reliability/Combronde/PlantAssetDocuments/Tank_Farm.pdf,,Tank_Farm.pdf,Pompe transfert de la cuve silicone
B1365,Silicone Tank Transfer Pump ,http://operations.connect.na.local/support/Reliability/Combronde/PlantAssetDocuments/ISO_Tank_Farm_PID.pdf,,ISO_Tank_Farm_PID.pdf,Pompe transfert de la cuve silicone
B1370,Silicone Piping System,http://operations.connect.na.local/support/Reliability/Combronde/PlantAssetDocuments/Tank_Farm.pdf,,Tank_Farm.pdf,Système tuyauterie du Silicone
B1370,Silicone Piping System,http://operations.connect.na.local/support/Reliability/Combronde/PlantAssetDocuments/ISO_Tank_Farm_PID.pdf,,ISO_Tank_Farm_PID.pdf,Système tuyauterie du Silicone
B1403,Flame Retardant (TCPP) IBC Pump,http://operations.connect.na.local/support/Reliability/Combronde/PlantAssetDocuments/Additives_Storage-IBC_Stations.pdf,,Additives_Storage-IBC_Stations.pdf,Pompe IBC de l'ignifuge(TCPP)
B1403,Flame Retardant (TCPP) IBC Pump,http://operations.connect.na.local/support/Reliability/Combronde/PlantAssetDocuments/ISO_Metering_Pumps.pdf,,ISO_Metering_Pumps.pdf,Pompe IBC de l'ignifuge(TCPP)
B1405,Flame Retardant (TCPP) Expansion Vessel,http://operations.connect.na.local/support/Reliability/Combronde/PlantAssetDocuments/Additives_Storage-IBC_Stations.pdf,,Additives_Storage-IBC_Stations.pdf,Vase d'expansion de l'ignifuge (TCPP)
B1405,Flame Retardant (TCPP) Expansion Vessel,http://operations.connect.na.local/support/Reliability/Combronde/PlantAssetDocuments/ISO_Metering_Pumps.pdf,,ISO_Metering_Pumps.pdf,Vase d'expansion de l'ignifuge (TCPP)
B1407,Flame Retardant (TCPP) Metering Pump,http://operations.connect.na.local/support/Reliability/Combronde/PlantAssetDocuments/Pump-Mixing_Room.pdf,,Pump-Mixing_Room.pdf,Pompe doseuse de l'ignifuge (TCPP)
B1407,Flame Retardant (TCPP) Metering Pump,http://operations.connect.na.local/support/Reliability/Combronde/PlantAssetDocuments/ISO_Metering_Pumps.pdf,,ISO_Metering_Pumps.pdf,Pompe doseuse de l'ignifuge (TCPP)
B1410,Silicone IBC Pump,http://operations.connect.na.local/support/Reliability/Combronde/PlantAssetDocuments/Additives_Storage-IBC_Stations.pdf,,Additives_Storage-IBC_Stations.pdf,Pompe IBC du Silicone
B1410,Silicone IBC Pump,http://operations.connect.na.local/support/Reliability/Combronde/PlantAssetDocuments/ISO_Metering_Pumps.pdf,,ISO_Metering_Pumps.pdf,Pompe IBC du Silicone
B1412,Silicone Expansion Vessel,http://operations.connect.na.local/support/Reliability/Combronde/PlantAssetDocuments/Additives_Storage-IBC_Stations.pdf,,Additives_Storage-IBC_Stations.pdf,Vase d'expansion du Silicone
B1412,Silicone Expansion Vessel,http://operations.connect.na.local/support/Reliability/Combronde/PlantAssetDocuments/ISO_Metering_Pumps.pdf,,ISO_Metering_Pumps.pdf,Vase d'expansion du Silicone
B1414,Silicone Metering Pump,http://operations.connect.na.local/support/Reliability/Combronde/PlantAssetDocuments/Pump-Mixing_Room.pdf,,Pump-Mixing_Room.pdf,Pompe doseuse du Silicone
B1414,Silicone Metering Pump,http://operations.connect.na.local/support/Reliability/Combronde/PlantAssetDocuments/ISO_Metering_Pumps.pdf,,ISO_Metering_Pumps.pdf,Pompe doseuse du Silicone
B1431,Amine IBC Pump 1,http://operations.connect.na.local/support/Reliability/Combronde/PlantAssetDocuments/Additives_Storage-IBC_Stations.pdf,,Additives_Storage-IBC_Stations.pdf,Pompe IBC Amine 1
B1431,Amine IBC Pump 1,http://operations.connect.na.local/support/Reliability/Combronde/PlantAssetDocuments/ISO_Metering_Pumps.pdf,,ISO_Metering_Pumps.pdf,Pompe IBC Amine 1
B1432,Amine IBC Pump 2,http://operations.connect.na.local/support/Reliability/Combronde/PlantAssetDocuments/Additives_Storage-IBC_Stations.pdf,,Additives_Storage-IBC_Stations.pdf,Pompe IBC Amine 2
B1432,Amine IBC Pump 2,http://operations.connect.na.local/support/Reliability/Combronde/PlantAssetDocuments/ISO_Metering_Pumps.pdf,,ISO_Metering_Pumps.pdf,Pompe IBC Amine 2
B1433,Amine Expansion Vessel 1,http://operations.connect.na.local/support/Reliability/Combronde/PlantAssetDocuments/Additives_Storage-IBC_Stations.pdf,,Additives_Storage-IBC_Stations.pdf,Vase d'expansion Amine 1
B1433,Amine Expansion Vessel 1,http://operations.connect.na.local/support/Reliability/Combronde/PlantAssetDocuments/ISO_Metering_Pumps.pdf,,ISO_Metering_Pumps.pdf,Vase d'expansion Amine 1
B1434,Amine Expansion Vessel 2,http://operations.connect.na.local/support/Reliability/Combronde/PlantAssetDocuments/Additives_Storage-IBC_Stations.pdf,,Additives_Storage-IBC_Stations.pdf,Vase expansion Amine 2
B1434,Amine Expansion Vessel 2,http://operations.connect.na.local/support/Reliability/Combronde/PlantAssetDocuments/ISO_Metering_Pumps.pdf,,ISO_Metering_Pumps.pdf,Vase expansion Amine 2
B1436,Amine Metering Pump,http://operations.connect.na.local/support/Reliability/Combronde/PlantAssetDocuments/Pump-Mixing_Room.pdf,,Pump-Mixing_Room.pdf,Pompe doseuse Amine
B1436,Amine Metering Pump,http://operations.connect.na.local/support/Reliability/Combronde/PlantAssetDocuments/ISO_Metering_Pumps.pdf,,ISO_Metering_Pumps.pdf,Pompe doseuse Amine
B1437,Amine Piping System,http://operations.connect.na.local/support/Reliability/Combronde/PlantAssetDocuments/Additives_Storage-IBC_Stations.pdf,,Additives_Storage-IBC_Stations.pdf,Système tuyauterie Amine
B1437,Amine Piping System,http://operations.connect.na.local/support/Reliability/Combronde/PlantAssetDocuments/ISO_Metering_Pumps.pdf,,ISO_Metering_Pumps.pdf,Système tuyauterie Amine
B1439,Acetate IBC Pump,http://operations.connect.na.local/support/Reliability/Combronde/PlantAssetDocuments/Additives_Storage-IBC_Stations.pdf,,Additives_Storage-IBC_Stations.pdf,Pompe IBC Acétate
B1439,Acetate IBC Pump,http://operations.connect.na.local/support/Reliability/Combronde/PlantAssetDocuments/ISO_Metering_Pumps.pdf,,ISO_Metering_Pumps.pdf,Pompe IBC Acétate
B1441,Acetate Expansion Vessel,http://operations.connect.na.local/support/Reliability/Combronde/PlantAssetDocuments/Additives_Storage-IBC_Stations.pdf,,Additives_Storage-IBC_Stations.pdf,Vase d'expansion Acétate
B1441,Acetate Expansion Vessel,http://operations.connect.na.local/support/Reliability/Combronde/PlantAssetDocuments/ISO_Metering_Pumps.pdf,,ISO_Metering_Pumps.pdf,Vase d'expansion Acétate
B1443,Acetate Metering Pump,http://operations.connect.na.local/support/Reliability/Combronde/PlantAssetDocuments/Pump-Mixing_Room.pdf,,Pump-Mixing_Room.pdf,Pompe doseuse Acétate
B1443,Acetate Metering Pump,http://operations.connect.na.local/support/Reliability/Combronde/PlantAssetDocuments/ISO_Metering_Pumps.pdf,,ISO_Metering_Pumps.pdf,Pompe doseuse Acétate
B1444,Acetate Piping System,http://operations.connect.na.local/support/Reliability/Combronde/PlantAssetDocuments/Additives_Storage-IBC_Stations.pdf,,Additives_Storage-IBC_Stations.pdf,Système tuyauterie Acétate
B1444,Acetate Piping System,http://operations.connect.na.local/support/Reliability/Combronde/PlantAssetDocuments/ISO_Metering_Pumps.pdf,,ISO_Metering_Pumps.pdf,Système tuyauterie Acétate
B1446,Octoate IBC Pump,http://operations.connect.na.local/support/Reliability/Combronde/PlantAssetDocuments/Additives_Storage-IBC_Stations.pdf,,Additives_Storage-IBC_Stations.pdf,Pompe IBC Octoate
B1446,Octoate IBC Pump,http://operations.connect.na.local/support/Reliability/Combronde/PlantAssetDocuments/ISO_Metering_Pumps.pdf,,ISO_Metering_Pumps.pdf,Pompe IBC Octoate
B1448,Octoate Expansion Vessel,http://operations.connect.na.local/support/Reliability/Combronde/PlantAssetDocuments/Additives_Storage-IBC_Stations.pdf,,Additives_Storage-IBC_Stations.pdf,Vase d'expansion Octoate
B1448,Octoate Expansion Vessel,http://operations.connect.na.local/support/Reliability/Combronde/PlantAssetDocuments/ISO_Metering_Pumps.pdf,,ISO_Metering_Pumps.pdf,Vase d'expansion Octoate
B1450,Octoate Metering Pump,http://operations.connect.na.local/support/Reliability/Combronde/PlantAssetDocuments/Pump-Mixing_Room.pdf,,Pump-Mixing_Room.pdf,Pompe doseuse Octoate
B1450,Octoate Metering Pump,http://operations.connect.na.local/support/Reliability/Combronde/PlantAssetDocuments/ISO_Metering_Pumps.pdf,,ISO_Metering_Pumps.pdf,Pompe doseuse Octoate
B1453,Additive Water IBC Pump,http://operations.connect.na.local/support/Reliability/Combronde/PlantAssetDocuments/Additives_Storage-IBC_Stations.pdf,,Additives_Storage-IBC_Stations.pdf,Pompe IBC eau additive
B1453,Additive Water IBC Pump,http://operations.connect.na.local/support/Reliability/Combronde/PlantAssetDocuments/ISO_Metering_Pumps.pdf,,ISO_Metering_Pumps.pdf,Pompe IBC eau additive
B1455,Additive Water Expanion Vessel,http://operations.connect.na.local/support/Reliability/Combronde/PlantAssetDocuments/Additives_Storage-IBC_Stations.pdf,,Additives_Storage-IBC_Stations.pdf,Vase d'expansion eau additive
B1455,Additive Water Expanion Vessel,http://operations.connect.na.local/support/Reliability/Combronde/PlantAssetDocuments/ISO_Metering_Pumps.pdf,,ISO_Metering_Pumps.pdf,Vase d'expansion eau additive
B1457,Additive Water Metering Pump,http://operations.connect.na.local/support/Reliability/Combronde/PlantAssetDocuments/Pump-Mixing_Room.pdf,,Pump-Mixing_Room.pdf,Pompe doseuse de l'eau additive
B1457,Additive Water Metering Pump,http://operations.connect.na.local/support/Reliability/Combronde/PlantAssetDocuments/ISO_Metering_Pumps.pdf,,ISO_Metering_Pumps.pdf,Pompe doseuse de l'eau additive
B1458,Additive Water Piping System,http://operations.connect.na.local/support/Reliability/Combronde/PlantAssetDocuments/Additives_Storage-IBC_Stations.pdf,,Additives_Storage-IBC_Stations.pdf,Système tuyauterie de l'eau additive
B1458,Additive Water Piping System,http://operations.connect.na.local/support/Reliability/Combronde/PlantAssetDocuments/ISO_Metering_Pumps.pdf,,ISO_Metering_Pumps.pdf,Système tuyauterie de l'eau additive
B1460,Additive IBC Pump (Spare),http://operations.connect.na.local/support/Reliability/Combronde/PlantAssetDocuments/Additives_Storage-IBC_Stations.pdf,,Additives_Storage-IBC_Stations.pdf,Pompe IBC d'additif ( pièce de rechange)
B1460,Additive IBC Pump (Spare),http://operations.connect.na.local/support/Reliability/Combronde/PlantAssetDocuments/ISO_Metering_Pumps.pdf,,ISO_Metering_Pumps.pdf,Pompe IBC d'additif ( pièce de rechange)
B1462,Additive Expansion Vessel (Spare),http://operations.connect.na.local/support/Reliability/Combronde/PlantAssetDocuments/Additives_Storage-IBC_Stations.pdf,,Additives_Storage-IBC_Stations.pdf,Vase d'expansion d'additif ( pièce de rechange)
B1462,Additive Expansion Vessel (Spare),http://operations.connect.na.local/support/Reliability/Combronde/PlantAssetDocuments/ISO_Metering_Pumps.pdf,,ISO_Metering_Pumps.pdf,Vase d'expansion d'additif ( pièce de rechange)
B1464,Additive Metering Pump 1 (Spare),http://operations.connect.na.local/support/Reliability/Combronde/PlantAssetDocuments/Pump-Mixing_Room.pdf,,Pump-Mixing_Room.pdf,Pompe doseuse d'additif 1 ( pièce de rechange)
B1464,Additive Metering Pump 1 (Spare),http://operations.connect.na.local/support/Reliability/Combronde/PlantAssetDocuments/ISO_Metering_Pumps.pdf,,ISO_Metering_Pumps.pdf,Pompe doseuse d'additif 1 ( pièce de rechange)
B1465,Additive Metering Pump 2 (Spare),http://operations.connect.na.local/support/Reliability/Combronde/PlantAssetDocuments/Pump-Mixing_Room.pdf,,Pump-Mixing_Room.pdf,Pompe doseuse d'additif 2 ( pièce de rechange)
B1465,Additive Metering Pump 2 (Spare),http://operations.connect.na.local/support/Reliability/Combronde/PlantAssetDocuments/ISO_Metering_Pumps.pdf,,ISO_Metering_Pumps.pdf,Pompe doseuse d'additif 2 ( pièce de rechange)
B1603,Pentane Unloading Station,http://operations.connect.na.local/support/Reliability/Combronde/PlantAssetDocuments/Pentane_Unloading_Station.pdf,,Pentane_Unloading_Station.pdf,Station de dépotage du Pentane
B1603,Pentane Unloading Station,http://operations.connect.na.local/support/Reliability/Combronde/PlantAssetDocuments/ISO_Tank_Farm_PID.pdf,,ISO_Tank_Farm_PID.pdf,Station de dépotage du Pentane
B1605,Pentane Unloading Pump,http://operations.connect.na.local/support/Reliability/Combronde/PlantAssetDocuments/Pentane_Unloading_Station.pdf,,Pentane_Unloading_Station.pdf,Pompe de dépotage du Pentane
B1605,Pentane Unloading Pump,http://operations.connect.na.local/support/Reliability/Combronde/PlantAssetDocuments/ISO_Tank_Farm_PID.pdf,,ISO_Tank_Farm_PID.pdf,Pompe de dépotage du Pentane
B1610,Pentane Storage Tank 1,http://operations.connect.na.local/support/Reliability/Combronde/PlantAssetDocuments/Pentane_Storage.pdf,,Pentane_Storage.pdf,Cuve de stockage 1 du Pentane 
B1610,Pentane Storage Tank 1,http://operations.connect.na.local/support/Reliability/Combronde/PlantAssetDocuments/ISO_Tank_Farm_PID.pdf,,ISO_Tank_Farm_PID.pdf,Cuve de stockage 1 du Pentane 
B1611,Pentane Storage Tank 2,http://operations.connect.na.local/support/Reliability/Combronde/PlantAssetDocuments/Pentane_Storage.pdf,,Pentane_Storage.pdf,Cuve de stockage 2 de Pentane
B1611,Pentane Storage Tank 2,http://operations.connect.na.local/support/Reliability/Combronde/PlantAssetDocuments/ISO_Tank_Farm_PID.pdf,,ISO_Tank_Farm_PID.pdf,Cuve de stockage 2 de Pentane
B1615,Pentane Tank Transfer Pump 1,http://operations.connect.na.local/support/Reliability/Combronde/PlantAssetDocuments/Pentane_Storage.pdf,,Pentane_Storage.pdf,Pompe transfert de la cuve pentane 1
B1615,Pentane Tank Transfer Pump 1,http://operations.connect.na.local/support/Reliability/Combronde/PlantAssetDocuments/ISO_Tank_Farm_PID.pdf,,ISO_Tank_Farm_PID.pdf,Pompe transfert de la cuve pentane 1
B1617,Pentane Tank Transfer Pump 2,http://operations.connect.na.local/support/Reliability/Combronde/PlantAssetDocuments/Pentane_Storage.pdf,,Pentane_Storage.pdf,Pompe transfert de la cuve pentane 2
B1617,Pentane Tank Transfer Pump 2,http://operations.connect.na.local/support/Reliability/Combronde/PlantAssetDocuments/ISO_Tank_Farm_PID.pdf,,ISO_Tank_Farm_PID.pdf,Pompe transfert de la cuve pentane 2
B1620,Pentane Retention Tank,http://operations.connect.na.local/support/Reliability/Combronde/PlantAssetDocuments/Pentane_Storage.pdf,,Pentane_Storage.pdf,Cuve rétention du pentane
B1620,Pentane Retention Tank,http://operations.connect.na.local/support/Reliability/Combronde/PlantAssetDocuments/ISO_Tank_Farm_PID.pdf,,ISO_Tank_Farm_PID.pdf,Cuve rétention du pentane
B1623,Pentane Retention Tank Pump,http://operations.connect.na.local/support/Reliability/Combronde/PlantAssetDocuments/Pentane_Storage.pdf,,Pentane_Storage.pdf,Pompe transfert de la cuve rétention du pentane
B1623,Pentane Retention Tank Pump,http://operations.connect.na.local/support/Reliability/Combronde/PlantAssetDocuments/ISO_Tank_Farm_PID.pdf,,ISO_Tank_Farm_PID.pdf,Pompe transfert de la cuve rétention du pentane
B1637,Pentane Chiller Unit,http://operations.connect.na.local/support/Reliability/Combronde/PlantAssetDocuments/Pentane_Storage.pdf,,Pentane_Storage.pdf,Unité de refroidissement du Pentane
B1637,Pentane Chiller Unit,http://operations.connect.na.local/support/Reliability/Combronde/PlantAssetDocuments/ISO_Tank_Farm_PID.pdf,,ISO_Tank_Farm_PID.pdf,Unité de refroidissement du Pentane
B1638,Pentane Metering Heat Exchanger 1,http://operations.connect.na.local/support/Reliability/Combronde/PlantAssetDocuments/Pump-Mixing_Room.pdf,,Pump-Mixing_Room.pdf,Échangeur thermique doseuse du pentane 1
B1638,Pentane Metering Heat Exchanger 1,http://operations.connect.na.local/support/Reliability/Combronde/PlantAssetDocuments/ISO_Pentane_Metering_Pumps.pdf,,ISO_Pentane_Metering_Pumps.pdf,Échangeur thermique doseuse du pentane 1
B1639,Pentane Metering Heat Exchanger 2,http://operations.connect.na.local/support/Reliability/Combronde/PlantAssetDocuments/Pump-Mixing_Room.pdf,,Pump-Mixing_Room.pdf,Échangeur thermique doseuse du pentane 2
B1639,Pentane Metering Heat Exchanger 2,http://operations.connect.na.local/support/Reliability/Combronde/PlantAssetDocuments/ISO_Pentane_Metering_Pumps.pdf,,ISO_Pentane_Metering_Pumps.pdf,Échangeur thermique doseuse du pentane 2
B1641,Pentane Metering Heat Exchanger 3,http://operations.connect.na.local/support/Reliability/Combronde/PlantAssetDocuments/Pump-Mixing_Room.pdf,,Pump-Mixing_Room.pdf,Échangeur thermique doseuse du pentane 3
B1641,Pentane Metering Heat Exchanger 3,http://operations.connect.na.local/support/Reliability/Combronde/PlantAssetDocuments/ISO_Pentane_Metering_Pumps.pdf,,ISO_Pentane_Metering_Pumps.pdf,Échangeur thermique doseuse du pentane 3
B1642,Pentane Metering Tri-pump 1,http://operations.connect.na.local/support/Reliability/Combronde/PlantAssetDocuments/Pump-Mixing_Room.pdf,,Pump-Mixing_Room.pdf,Tri-pompe doseuse du pentane 1
B1642,Pentane Metering Tri-pump 1,http://operations.connect.na.local/support/Reliability/Combronde/PlantAssetDocuments/ISO_Pentane_Metering_Pumps.pdf,,ISO_Pentane_Metering_Pumps.pdf,Tri-pompe doseuse du pentane 1
B1643,Pentane Metering Tri-pump 2,http://operations.connect.na.local/support/Reliability/Combronde/PlantAssetDocuments/Pump-Mixing_Room.pdf,,Pump-Mixing_Room.pdf,Tri-pompe doseuse du pentane 2
B1643,Pentane Metering Tri-pump 2,http://operations.connect.na.local/support/Reliability/Combronde/PlantAssetDocuments/ISO_Pentane_Metering_Pumps.pdf,,ISO_Pentane_Metering_Pumps.pdf,Tri-pompe doseuse du pentane 2
B1644,Pentane Metering Tri-pump 3,http://operations.connect.na.local/support/Reliability/Combronde/PlantAssetDocuments/Pump-Mixing_Room.pdf,,Pump-Mixing_Room.pdf,Tri-pompe doseuse du pentane 3
B1644,Pentane Metering Tri-pump 3,http://operations.connect.na.local/support/Reliability/Combronde/PlantAssetDocuments/ISO_Pentane_Metering_Pumps.pdf,,ISO_Pentane_Metering_Pumps.pdf,Tri-pompe doseuse du pentane 3
B1648,Pentane Piping System,http://operations.connect.na.local/support/Reliability/Combronde/PlantAssetDocuments/Pentane_Storage.pdf,,Pentane_Storage.pdf,Système tuyauterie du pentane
B1648,Pentane Piping System,http://operations.connect.na.local/support/Reliability/Combronde/PlantAssetDocuments/ISO_Tank_Farm_PID.pdf,,ISO_Tank_Farm_PID.pdf,Système tuyauterie du pentane
B1800,Polyol Mix Delivery System,http://operations.connect.na.local/support/Reliability/Combronde/PlantAssetDocuments/Polyol_Mix_Delivery_System.pdf,,Polyol_Mix_Delivery_System.pdf,Unité de distribution et de mélange du Polyol
B1802,Polyol Mix Static Mixer,http://operations.connect.na.local/support/Reliability/Combronde/PlantAssetDocuments/Polyol_Mix_Delivery_System.pdf,,Polyol_Mix_Delivery_System.pdf,Mélangeur statique de Polyol
B1802,Polyol Mix Static Mixer,http://operations.connect.na.local/support/Reliability/Combronde/PlantAssetDocuments/ISO_MDI-Polyol_Metering_PnID.pdf,,ISO_MDI-Polyol_Metering_PnID.pdf,Mélangeur statique de Polyol
B1803,Polyol Mix Dynamic Mixer,http://operations.connect.na.local/support/Reliability/Combronde/PlantAssetDocuments/Polyol_Mix_Delivery_System.pdf,,Polyol_Mix_Delivery_System.pdf,Mélangeur dynamique de Polyol
B1803,Polyol Mix Dynamic Mixer,http://operations.connect.na.local/support/Reliability/Combronde/PlantAssetDocuments/ISO_MDI-Polyol_Metering_PnID.pdf,,ISO_MDI-Polyol_Metering_PnID.pdf,Mélangeur dynamique de Polyol
B1805,Polyol Mix Delivery Pump (Booster),http://operations.connect.na.local/support/Reliability/Combronde/PlantAssetDocuments/Polyol_Mix_Delivery_System.pdf,,Polyol_Mix_Delivery_System.pdf,Pompe de distribution et de mélange de Polyol (Booster)
B1805,Polyol Mix Delivery Pump (Booster),http://operations.connect.na.local/support/Reliability/Combronde/PlantAssetDocuments/ISO_MDI-Polyol_Metering_PnID.pdf,,ISO_MDI-Polyol_Metering_PnID.pdf,Pompe de distribution et de mélange de Polyol (Booster)
B1813,Polyol Mix Heat Exchanger 1,http://operations.connect.na.local/support/Reliability/Combronde/PlantAssetDocuments/Polyol_Mix_Delivery_System.pdf,,Polyol_Mix_Delivery_System.pdf,Échangeur thermique de mélange de polyol 1
B1813,Polyol Mix Heat Exchanger 1,http://operations.connect.na.local/support/Reliability/Combronde/PlantAssetDocuments/ISO_MDI-Polyol_Metering_PnID.pdf,,ISO_MDI-Polyol_Metering_PnID.pdf,Échangeur thermique de mélange de polyol 1
B1815,Polyol Mix Heat Exchanger 2,http://operations.connect.na.local/support/Reliability/Combronde/PlantAssetDocuments/Polyol_Mix_Delivery_System.pdf,,Polyol_Mix_Delivery_System.pdf,Échangeur thermique de mélange de polyol 2
B1815,Polyol Mix Heat Exchanger 2,http://operations.connect.na.local/support/Reliability/Combronde/PlantAssetDocuments/ISO_MDI-Polyol_Metering_PnID.pdf,,ISO_MDI-Polyol_Metering_PnID.pdf,Échangeur thermique de mélange de polyol 2
B1817,Polyol Mix Heat Exchanger 3,http://operations.connect.na.local/support/Reliability/Combronde/PlantAssetDocuments/Polyol_Mix_Delivery_System.pdf,,Polyol_Mix_Delivery_System.pdf,Échangeur thermique de mélange de polyol 3
B1817,Polyol Mix Heat Exchanger 3,http://operations.connect.na.local/support/Reliability/Combronde/PlantAssetDocuments/ISO_MDI-Polyol_Metering_PnID.pdf,,ISO_MDI-Polyol_Metering_PnID.pdf,Échangeur thermique de mélange de polyol 3
B1820,Polyol Mix Metering Pump 1,http://operations.connect.na.local/support/Reliability/Combronde/PlantAssetDocuments/Polyol_Mix_Delivery_System.pdf,,Polyol_Mix_Delivery_System.pdf,Pompe doseuse de mélange de polyol 1
B1820,Polyol Mix Metering Pump 1,http://operations.connect.na.local/support/Reliability/Combronde/PlantAssetDocuments/ISO_MDI-Polyol_Metering_PnID.pdf,,ISO_MDI-Polyol_Metering_PnID.pdf,Pompe doseuse de mélange de polyol 1
B1822,Polyol Mix Metering Pump 2,http://operations.connect.na.local/support/Reliability/Combronde/PlantAssetDocuments/Polyol_Mix_Delivery_System.pdf,,Polyol_Mix_Delivery_System.pdf,Pompe doseuse de mélange de polyol 2
B1822,Polyol Mix Metering Pump 2,http://operations.connect.na.local/support/Reliability/Combronde/PlantAssetDocuments/ISO_MDI-Polyol_Metering_PnID.pdf,,ISO_MDI-Polyol_Metering_PnID.pdf,Pompe doseuse de mélange de polyol 2
B1824,Polyol Mix Metering Pump 3,http://operations.connect.na.local/support/Reliability/Combronde/PlantAssetDocuments/Polyol_Mix_Delivery_System.pdf,,Polyol_Mix_Delivery_System.pdf,Pompe doseuse de mélange de polyol 3
B1824,Polyol Mix Metering Pump 3,http://operations.connect.na.local/support/Reliability/Combronde/PlantAssetDocuments/ISO_MDI-Polyol_Metering_PnID.pdf,,ISO_MDI-Polyol_Metering_PnID.pdf,Pompe doseuse de mélange de polyol 3
B1827,Polyol Mix Piping System,http://operations.connect.na.local/support/Reliability/Combronde/PlantAssetDocuments/Polyol_Mix_Delivery_System.pdf,,Polyol_Mix_Delivery_System.pdf,Système tuyauterie de mélange de polyol
B1827,Polyol Mix Piping System,http://operations.connect.na.local/support/Reliability/Combronde/PlantAssetDocuments/ISO_MDI-Polyol_Metering_PnID.pdf,,ISO_MDI-Polyol_Metering_PnID.pdf,Système tuyauterie de mélange de polyol
B3000,Unwinding System,http://operations.connect.na.local/support/Reliability/Combronde/PlantAssetDocuments/Unwind_Stand.pdf,,Unwind_Stand.pdf,Système de déroulement
B3010,Unwind Stand System 1 (Upper),http://operations.connect.na.local/support/Reliability/Combronde/PlantAssetDocuments/Unwind_Stand.pdf,,Unwind_Stand.pdf,Unité de déroulement (supérieure)
B3020,Unwind Stand System 2 (Lower),http://operations.connect.na.local/support/Reliability/Combronde/PlantAssetDocuments/Unwind_Stand.pdf,,Unwind_Stand.pdf,Unité de déroulement (inférieure)
B3030,Unwinding Web Guide 1 (Upper),http://operations.connect.na.local/support/Reliability/Combronde/PlantAssetDocuments/Unwind_Stand.pdf,,Unwind_Stand.pdf,Guide de déroulement facing 1 (supérieur)
B3035,"Unwinding Exit Rolls (Upper, 3 Rolls)",http://operations.connect.na.local/support/Reliability/Combronde/PlantAssetDocuments/Unwind_Stand.pdf,,Unwind_Stand.pdf,"Rouleaux de sortie de déroulement (supérieur, trois rouleaux)"
B3040,"Unwinding Pour Table Entry Rolls 1 (Upper, 3 Rolls)",http://operations.connect.na.local/support/Reliability/Combronde/PlantAssetDocuments/Unwind_Stand.pdf,,Unwind_Stand.pdf,"Rouleaux de déroulement 1 entrée table de coulée (supérieur, trois rouleaux)"
B3050,Unwinding Web Guide 2 (Lower),http://operations.connect.na.local/support/Reliability/Combronde/PlantAssetDocuments/Unwind_Stand.pdf,,Unwind_Stand.pdf,Guide de déroulement facing 2 (inférieur)
B3055,"Unwinding Pour Table Entry Rolls 2 (Lower, 4 Rolls)",http://operations.connect.na.local/support/Reliability/Combronde/PlantAssetDocuments/Unwind_Stand.pdf,,Unwind_Stand.pdf,"Rouleaux de déroulement 2 entrée table de coulée (inférieur, quatre rouleaux)"
B3200,Portal and Pouring Table System,http://operations.connect.na.local/support/Reliability/Combronde/PlantAssetDocuments/Pour_Table.pdf,,Pour_Table.pdf,Ensemble portique et table de coulée
B3210,Pouring Table,http://operations.connect.na.local/support/Reliability/Combronde/PlantAssetDocuments/Pour_Table.pdf,,Pour_Table.pdf,Table de coulée
B3220,Pouring Table Application Gun 1 (Mix Head),http://operations.connect.na.local/support/Reliability/Combronde/PlantAssetDocuments/Pour_Table.pdf,,Pour_Table.pdf,Injecteur 1 table de coulée ( tête de mélange)
B3221,Pouring Table Application Gun 2 (Mix Head),http://operations.connect.na.local/support/Reliability/Combronde/PlantAssetDocuments/Pour_Table.pdf,,Pour_Table.pdf,Injecteur 2 table de coulée ( tête de mélange)
B3222,Pouring Table Application Gun 3 (Mix Head),http://operations.connect.na.local/support/Reliability/Combronde/PlantAssetDocuments/Pour_Table.pdf,,Pour_Table.pdf,Injecteur 3 table de coulée ( tête de mélange)
B3225,Pouring Table Application Hydraulic System,http://operations.connect.na.local/support/Reliability/Combronde/PlantAssetDocuments/Pour_Table.pdf,,Pour_Table.pdf,Ensemble hydraulique table de coulée
B3230,Pouring Table Application Piping System,http://operations.connect.na.local/support/Reliability/Combronde/PlantAssetDocuments/Pour_Table.pdf,,Pour_Table.pdf,Ensemble tuyauterie table de coulée
B3400,Laminator System,http://operations.connect.na.local/support/Reliability/Combronde/PlantAssetDocuments/Laminator.pdf,,Laminator.pdf,Ensemble laminateur
B3410,Laminator,http://operations.connect.na.local/support/Reliability/Combronde/PlantAssetDocuments/Laminator.pdf,,Laminator.pdf,Laminateur
B3420,Laminator Heat Tunnel,http://operations.connect.na.local/support/Reliability/Combronde/PlantAssetDocuments/Laminator.pdf,,Laminator.pdf,Tunnel de chauffe laminateur
B3430,Laminator Heater (Upper),http://operations.connect.na.local/support/Reliability/Combronde/PlantAssetDocuments/Laminator.pdf,,Laminator.pdf,Unité de chauffage laminateur (supérieure)
B3431,Laminator Heater (Lower),http://operations.connect.na.local/support/Reliability/Combronde/PlantAssetDocuments/Laminator.pdf,,Laminator.pdf,Unité de chauffage laminateur (inférieure)
B3434,Laminator Brush Scraping System (Upper),http://operations.connect.na.local/support/Reliability/Combronde/PlantAssetDocuments/Laminator.pdf,,Laminator.pdf,Système de raclage laminateur (supérieur)
B3435,Laminator Brush Scraping System (Lower),http://operations.connect.na.local/support/Reliability/Combronde/PlantAssetDocuments/Laminator.pdf,,Laminator.pdf,Système de raclage laminateur (inférieur)
B3440,Laminator Release Agent Spray System,http://operations.connect.na.local/support/Reliability/Combronde/PlantAssetDocuments/Laminator.pdf,,Laminator.pdf,Système de pulvérisation agent de démoulage
B3600,Double Cross Cut Saw System (CCS),http://operations.connect.na.local/support/Reliability/Combronde/PlantAssetDocuments/CCS.pdf,,CCS.pdf,Système scie à tronçonner double (CCS)
B3610,CCS Entry Roller Conveyor,http://operations.connect.na.local/support/Reliability/Combronde/PlantAssetDocuments/CCS.pdf,,CCS.pdf,Convoyeur à rouleau d'entrée CCS
B3620,CCS Perforating Unit ,http://operations.connect.na.local/support/Reliability/Combronde/PlantAssetDocuments/CCS.pdf,,CCS.pdf,Unité de perforation CCS
B3630,CCS Unit (Double Diagonal),http://operations.connect.na.local/support/Reliability/Combronde/PlantAssetDocuments/CCS.pdf,,CCS.pdf,Unité de coupe CCS (double diagonale)
B3633,CCS Feeding Conveyor,http://operations.connect.na.local/support/Reliability/Combronde/PlantAssetDocuments/CCS.pdf,,CCS.pdf,Convoyeur d'alimentation CCS
B3640,CCS Exit Roller Conveyor (Accelerated),http://operations.connect.na.local/support/Reliability/Combronde/PlantAssetDocuments/CCS.pdf,,CCS.pdf,Convoyeur à rouleau de sortie CCS (accéléré)
B3641,CCS Exit Roller Conveyor,http://operations.connect.na.local/support/Reliability/Combronde/PlantAssetDocuments/CCS.pdf,,CCS.pdf,Convoyeur à rouleau de sortie CCS
B3645,CCS Board Cutter (Endline),http://operations.connect.na.local/support/Reliability/Combronde/PlantAssetDocuments/CCS.pdf,,CCS.pdf,Scie à panneaux CCS (fin de ligne)
B3800,Cooling Towers,http://operations.connect.na.local/support/Reliability/Combronde/PlantAssetDocuments/Cooling_Section.pdf,,Cooling_Section.pdf,Les tours de refroidissement
B3811,Cooling Tower Entry Roller Conveyor 1 (Reject),http://operations.connect.na.local/support/Reliability/Combronde/PlantAssetDocuments/Cooling_Section.pdf,,Cooling_Section.pdf,Convoyeur à rouleau d'entrée de la tour de refroidissement 1 (rebut)
B3812,Cooling Tower Entry Roller Conveyor 2 (Reject),http://operations.connect.na.local/support/Reliability/Combronde/PlantAssetDocuments/Cooling_Section.pdf,,Cooling_Section.pdf,Convoyeur à rouleau d'entrée de la tour de refroidissement 2 (rebut)
B3830,Cooling Tower A1,http://operations.connect.na.local/support/Reliability/Combronde/PlantAssetDocuments/Cooling_Section.pdf,,Cooling_Section.pdf,Tour de refroidissement A1
B3831,Cooling Tower A2,http://operations.connect.na.local/support/Reliability/Combronde/PlantAssetDocuments/Cooling_Section.pdf,,Cooling_Section.pdf,Tour de refroidissement A2
B3832,Cooling Tower B1,http://operations.connect.na.local/support/Reliability/Combronde/PlantAssetDocuments/Cooling_Section.pdf,,Cooling_Section.pdf,Tour de refroidissement B1
B3833,Cooling Tower B2,http://operations.connect.na.local/support/Reliability/Combronde/PlantAssetDocuments/Cooling_Section.pdf,,Cooling_Section.pdf,Tour de refroidissement B2
B3834,Cooling Tower C1,http://operations.connect.na.local/support/Reliability/Combronde/PlantAssetDocuments/Cooling_Section.pdf,,Cooling_Section.pdf,Tour de refroidissement C1
B3835,Cooling Tower C2,http://operations.connect.na.local/support/Reliability/Combronde/PlantAssetDocuments/Cooling_Section.pdf,,Cooling_Section.pdf,Tour de refroidissement C2
B3836,Cooling Tower D1 (Buffer),http://operations.connect.na.local/support/Reliability/Combronde/PlantAssetDocuments/Cooling_Section.pdf,,Cooling_Section.pdf,Tour de refroidissement D1 (Buffer)
B3837,Cooling Tower D2 (Buffer),http://operations.connect.na.local/support/Reliability/Combronde/PlantAssetDocuments/Cooling_Section.pdf,,Cooling_Section.pdf,Tour de refroidissement D2 (Buffer)
B3845,Cooling Tower Intermediate Cross Conveyor 1 (A1-B1),http://operations.connect.na.local/support/Reliability/Combronde/PlantAssetDocuments/Cooling_Section.pdf,,Cooling_Section.pdf,Convoyeur transversal intermédiaire de tour de refroidissement 1 (A1-B1)
B3846,Cooling Tower Intermediate Cross Conveyor 2 (A2-B2),http://operations.connect.na.local/support/Reliability/Combronde/PlantAssetDocuments/Cooling_Section.pdf,,Cooling_Section.pdf,Convoyeur transversal intermédiaire de tour de refroidissement 2 (A2-B2)
B3847,Cooling Tower Intermediate Cross Conveyor 3 (B1-C1),http://operations.connect.na.local/support/Reliability/Combronde/PlantAssetDocuments/Cooling_Section.pdf,,Cooling_Section.pdf,Convoyeur transversal intermédiaire de tour de refroidissement 3 (B1-C1)
B3848,Cooling Tower Intermediate Cross Conveyor 4 (B2-C2),http://operations.connect.na.local/support/Reliability/Combronde/PlantAssetDocuments/Cooling_Section.pdf,,Cooling_Section.pdf,Convoyeur transversal intermédiaire de tour de refroidissement 4 (B2-C2)
B3880,Cooling Tower Exit Roller Cross Conveyor 1,http://operations.connect.na.local/support/Reliability/Combronde/PlantAssetDocuments/Cooling_Section.pdf,,Cooling_Section.pdf,Convoyeur transversal à rouleau de sortie de tour de refroidissement 1
B3885,Cooling Tower Exit Roller Cross Conveyor 2,http://operations.connect.na.local/support/Reliability/Combronde/PlantAssetDocuments/Cooling_Section.pdf,,Cooling_Section.pdf,Convoyeur transversal à rouleau de sortie de tour de refroidissement 2
B4800,Profiling System (Long Side Cutter),http://operations.connect.na.local/support/Reliability/Combronde/PlantAssetDocuments/Profiling_System.pdf,,Profiling_System.pdf,Système à profiler ( coupe côté long)
B4810,Profiling Entry Roller Conveyor,http://operations.connect.na.local/support/Reliability/Combronde/PlantAssetDocuments/Profiling_System.pdf,,Profiling_System.pdf,Convoyeur à rouleaux d'entrée de profilage
B4830,Profiling Saw Unit,http://operations.connect.na.local/support/Reliability/Combronde/PlantAssetDocuments/Profiling_System.pdf,,Profiling_System.pdf,Unité de scie de profilage
B4840,Profiling Exit Belt Conveyor,http://operations.connect.na.local/support/Reliability/Combronde/PlantAssetDocuments/Profiling_System.pdf,,Profiling_System.pdf,Convoyeur à courroies de sortie de profilage
B4842,Profiling Exit Roller Conveyor,http://operations.connect.na.local/support/Reliability/Combronde/PlantAssetDocuments/Profiling_System.pdf,,Profiling_System.pdf,Convoyeur à rouleau de sortie de profilage
B4845,Profiling Reject Roller Conveyor,http://operations.connect.na.local/support/Reliability/Combronde/PlantAssetDocuments/Profiling_System.pdf,,Profiling_System.pdf,Convoyeur à rouleau de rebut de profilage
B5200,Gang Saw System (Multi Blade),http://operations.connect.na.local/support/Reliability/Combronde/PlantAssetDocuments/Multi_Blade_Saw.pdf,,Multi_Blade_Saw.pdf,Système à scie à lames multiples (Multi Blade)
B5210,Gang Saw Unit Entry Chain Conveyor,http://operations.connect.na.local/support/Reliability/Combronde/PlantAssetDocuments/Multi_Blade_Saw.pdf,,Multi_Blade_Saw.pdf,"Convoyeur à chaîne, entrée multi-scies"
B5220,Gang Saw Unit Pushing Bars,http://operations.connect.na.local/support/Reliability/Combronde/PlantAssetDocuments/Multi_Blade_Saw.pdf,,Multi_Blade_Saw.pdf,Barres de poussée d'unité scie à lames multiples
B5240,Gang Saw Unit,http://operations.connect.na.local/support/Reliability/Combronde/PlantAssetDocuments/Multi_Blade_Saw.pdf,,Multi_Blade_Saw.pdf,Unité scie à lames multiples
B5270,Gang Saw Exit Roller Conveyor,http://operations.connect.na.local/support/Reliability/Combronde/PlantAssetDocuments/Multi_Blade_Saw.pdf,,Multi_Blade_Saw.pdf,Convoyeur à rouleaux sortie multi-scie
B5500,Board Distribution System,http://operations.connect.na.local/support/Reliability/Combronde/PlantAssetDocuments/Board_Distribution_System.pdf,,Board_Distribution_System.pdf,Distributeur de panneaux
B5505,Board Distributor Feeding Conveyor B,http://operations.connect.na.local/support/Reliability/Combronde/PlantAssetDocuments/Board_Distribution_System.pdf,,Board_Distribution_System.pdf,Convoyeur d'alimentation du distributeur de panneaux (B)
B5510,Board Distributor,http://operations.connect.na.local/support/Reliability/Combronde/PlantAssetDocuments/Board_Distribution_System.pdf,,Board_Distribution_System.pdf,Distributeur de panneaux
B5515,Board Distributor Feeding Conveyor A,http://operations.connect.na.local/support/Reliability/Combronde/PlantAssetDocuments/Board_Distribution_System.pdf,,Board_Distribution_System.pdf,Convoyeur d'alimentation du distributeur de panneaux (A)
B5520,Board Distributor Exit Buffer Conveyor A,http://operations.connect.na.local/support/Reliability/Combronde/PlantAssetDocuments/Board_Distribution_System.pdf,,Board_Distribution_System.pdf,Convoyeur tampon sortie distributeur de panneaux (A)
B5525,Board Distributor Exit Buffer Conveyor B,http://operations.connect.na.local/support/Reliability/Combronde/PlantAssetDocuments/Board_Distribution_System.pdf,,Board_Distribution_System.pdf,Convoyeur tampon sortie distributeur de panneaux (B)
B5800,Side Cutting System,http://operations.connect.na.local/support/Reliability/Combronde/PlantAssetDocuments/Side_Cutting_System.pdf,,Side_Cutting_System.pdf,Système de coupe latérale
B5810,Side Cutter Lane A,http://operations.connect.na.local/support/Reliability/Combronde/PlantAssetDocuments/Side_Cutting_System.pdf,,Side_Cutting_System.pdf,Side cutter voie A
B5830,Side Cutter Lane B,http://operations.connect.na.local/support/Reliability/Combronde/PlantAssetDocuments/Side_Cutting_System.pdf,,Side_Cutting_System.pdf,Side cutter voie B
B6200,Stacking System,http://operations.connect.na.local/support/Reliability/Combronde/PlantAssetDocuments/Stacked_Conveying_System.pdf,,Stacked_Conveying_System.pdf,Système d'empilage
B6245,Stacking Unit Lane A,http://operations.connect.na.local/support/Reliability/Combronde/PlantAssetDocuments/Stacked_Conveying_System.pdf,,Stacked_Conveying_System.pdf,Voie d'unité d'empilage (A)
B6247,Stacking Unit Lane B,http://operations.connect.na.local/support/Reliability/Combronde/PlantAssetDocuments/Stacked_Conveying_System.pdf,,Stacked_Conveying_System.pdf,Voie d'unité d'empilage (B)
B6500,Stacked Conveying System,http://operations.connect.na.local/support/Reliability/Combronde/PlantAssetDocuments/Stacked_Conveying_System.pdf,,Stacked_Conveying_System.pdf,Système de transport produit empilé
B6505,"Stacked Roller Conveyor (Lane A, with Cross Conveyors)",http://operations.connect.na.local/support/Reliability/Combronde/PlantAssetDocuments/Stacked_Conveying_System.pdf,,Stacked_Conveying_System.pdf,"Convoyeur à rouleaux ( Voie A, avec convoyeur transversal)"
B6510,Stacked Belt Conveyor (Lane A),http://operations.connect.na.local/support/Reliability/Combronde/PlantAssetDocuments/Stacked_Conveying_System.pdf,,Stacked_Conveying_System.pdf,Convoyeur à courroies ( Voie A)
B6514,"Stacked Exit Belt Conveyor (Lane A, with Turning Station)",http://operations.connect.na.local/support/Reliability/Combronde/PlantAssetDocuments/Stacked_Conveying_System.pdf,,Stacked_Conveying_System.pdf,Convoyeur de sortie à courroies ( Voie A avec station de retournement)
B6524,"Stacked Roller Conveyor (Lane B, with Cross Conveyors)",http://operations.connect.na.local/support/Reliability/Combronde/PlantAssetDocuments/Stacked_Conveying_System.pdf,,Stacked_Conveying_System.pdf,"Convoyeur à rouleaux ( Voie B, avec convoyeur transversal)"
B6527,Stacked Belt Conveyor (Lane B),http://operations.connect.na.local/support/Reliability/Combronde/PlantAssetDocuments/Stacked_Conveying_System.pdf,,Stacked_Conveying_System.pdf,Convoyeurs à courroies ( Voie B)
B6535,"Stacked Exit Belt Conveyor (Lane B, with Turning Station)",http://operations.connect.na.local/support/Reliability/Combronde/PlantAssetDocuments/Stacked_Conveying_System.pdf,,Stacked_Conveying_System.pdf,Convoyeur de sortie à courroies ( Voie B avec station de retournement)
B7200,Packaging System Lane A (Desco),http://operations.connect.na.local/support/Reliability/Combronde/PlantAssetDocuments/Packaging_System_(Desco).pdf,,Packaging_System_(Desco).pdf,Unité d'emballage voie A (Desco A)
B7245,"Packaging Device (Desco, Lane A)",http://operations.connect.na.local/support/Reliability/Combronde/PlantAssetDocuments/Packaging_System_(Desco).pdf,,Packaging_System_(Desco).pdf,"Dispositif d'emballage ( Desco, voie A)"
B7250,Packaging Feeding Belt Conveyor (Lane A),http://operations.connect.na.local/support/Reliability/Combronde/PlantAssetDocuments/Packaging_System_(Desco).pdf,,Packaging_System_(Desco).pdf,Convoyeur d'alimentation à courroies (Voie A)
B7255,"Packaging Film Dispensers (Desco, Lane A)",http://operations.connect.na.local/support/Reliability/Combronde/PlantAssetDocuments/Packaging_System_(Desco).pdf,,Packaging_System_(Desco).pdf,"Distributeurs de film d'emballage ( Desco, voie A)"
B7260,Packaging Exit Belt Conveyor (Lane A),http://operations.connect.na.local/support/Reliability/Combronde/PlantAssetDocuments/Packaging_System_(Desco).pdf,,Packaging_System_(Desco).pdf,Convoyeur de sortie à courroies (Voie A)
B7275,"Packaging Exit Robot (Spider, Lane A)",http://operations.connect.na.local/support/Reliability/Combronde/PlantAssetDocuments/Packaging_System_(Desco).pdf,,Packaging_System_(Desco).pdf,Robot de sortie ( Spider A)
B7400,Packaging System Lane B (Desco),http://operations.connect.na.local/support/Reliability/Combronde/PlantAssetDocuments/Packaging_System_(Desco).pdf,,Packaging_System_(Desco).pdf,Unité d'emballage voie B
B7445,"Packaging Device (Desco, Lane B)",http://operations.connect.na.local/support/Reliability/Combronde/PlantAssetDocuments/Packaging_System_(Desco).pdf,,Packaging_System_(Desco).pdf,"Dispositif d'emballage ( Desco, voie B)"
B7450,Packaging Feeding Belt Conveyor (Lane B),http://operations.connect.na.local/support/Reliability/Combronde/PlantAssetDocuments/Packaging_System_(Desco).pdf,,Packaging_System_(Desco).pdf,Convoyeur d'alimentation à courroies (Voie B)
B7455,"Packaging Film Dispensers (Desco, Lane B)",http://operations.connect.na.local/support/Reliability/Combronde/PlantAssetDocuments/Packaging_System_(Desco).pdf,,Packaging_System_(Desco).pdf,"Distributeurs de film d'emballage ( Desco, voie B)"
B7460,Packaging Exit Belt Conveyor (Lane B),http://operations.connect.na.local/support/Reliability/Combronde/PlantAssetDocuments/Packaging_System_(Desco).pdf,,Packaging_System_(Desco).pdf,Convoyeur de sortie à courroies (Voie B)
B7475,"Packaging Exit Robot (Spider, Lane B)",http://operations.connect.na.local/support/Reliability/Combronde/PlantAssetDocuments/Packaging_System_(Desco).pdf,,Packaging_System_(Desco).pdf,Robot de sortie ( Spider B)
B7700,Pallet Stacking And Transfer System,http://operations.connect.na.local/support/Reliability/Combronde/PlantAssetDocuments/Pallet_Stacking-Transfer_System.pdf,,Pallet_Stacking-Transfer_System.pdf,Système d'empilage et transfert de palettes
B7710,Pallet Stacking Roller Conveyor (for Spider Lane A),http://operations.connect.na.local/support/Reliability/Combronde/PlantAssetDocuments/Pallet_Stacking-Transfer_System.pdf,,Pallet_Stacking-Transfer_System.pdf,Convoyeur à rouleau d'empilage de palettes (pour voie SPIDER A)
B7720,Pallet Transfer Roller Conveyor,http://operations.connect.na.local/support/Reliability/Combronde/PlantAssetDocuments/Pallet_Stacking-Transfer_System.pdf,,Pallet_Stacking-Transfer_System.pdf,Convoyeur à rouleau de transfert de palettes
B7740,Pallet Stacking Belt/Roller Conveyor (for Spider Lane B),http://operations.connect.na.local/support/Reliability/Combronde/PlantAssetDocuments/Pallet_Stacking-Transfer_System.pdf,,Pallet_Stacking-Transfer_System.pdf,Convoyeur à courroie/rouleau d'empilage de palettes (pour voie SPIDER B)
B7775,Legging Applicator,http://operations.connect.na.local/support/Reliability/Combronde/PlantAssetDocuments/Pallet_Stacking-Transfer_System.pdf,,Pallet_Stacking-Transfer_System.pdf,Distributeur de plot
B7778,Legging Glue Applicator,http://operations.connect.na.local/support/Reliability/Combronde/PlantAssetDocuments/Pallet_Stacking-Transfer_System.pdf,,Pallet_Stacking-Transfer_System.pdf,Applicateur de colle plot
B7780,Legging Roller Conveyor,http://operations.connect.na.local/support/Reliability/Combronde/PlantAssetDocuments/Pallet_Stacking-Transfer_System.pdf,,Pallet_Stacking-Transfer_System.pdf,Convoyeur à courroies  
B8000,Stretch Hood System (MSK),http://operations.connect.na.local/support/Reliability/Combronde/PlantAssetDocuments/Stretch_Hood_System_(MSK).pdf,,Stretch_Hood_System_(MSK).pdf,Unité de houssage
B8010,Stretch Hood Entry Belt Conveyor,http://operations.connect.na.local/support/Reliability/Combronde/PlantAssetDocuments/Stretch_Hood_System_(MSK).pdf,,Stretch_Hood_System_(MSK).pdf,Convoyeur à courroies entrée de houssage
B8025,Stretch Hood Machine,http://operations.connect.na.local/support/Reliability/Combronde/PlantAssetDocuments/Stretch_Hood_System_(MSK).pdf,,Stretch_Hood_System_(MSK).pdf,Housseuse
B8034,Stretch Hood Exit Belt/Roller Conveyor,http://operations.connect.na.local/support/Reliability/Combronde/PlantAssetDocuments/Stretch_Hood_System_(MSK).pdf,,Stretch_Hood_System_(MSK).pdf,Convoyeur à courrroies/rouleaux sortie houssage
B8035,Stretch Hood Exit Roller Conveyor,http://operations.connect.na.local/support/Reliability/Combronde/PlantAssetDocuments/Stretch_Hood_System_(MSK).pdf,,Stretch_Hood_System_(MSK).pdf,Convoyeur à rouleaux sortie de houssage
C0001,Common Resources,http://operations.connect.na.local/support/Reliability/Combronde/PlantAssetDocuments/Combronde_Plant_Layout.pdf,,Combronde_Plant_Layout.pdf,Ressources communes
C0100,Property,http://operations.connect.na.local/support/Reliability/Combronde/PlantAssetDocuments/Common_Resources.pdf,,Common_Resources.pdf,Propriété
C0101,Land,http://operations.connect.na.local/support/Reliability/Combronde/PlantAssetDocuments/Property.pdf,,Property.pdf,Terrain
C0102,Employee Parking Lots,http://operations.connect.na.local/support/Reliability/Combronde/PlantAssetDocuments/Property.pdf,,Property.pdf,Stationnement des employés
C0103,Lawn,http://operations.connect.na.local/support/Reliability/Combronde/PlantAssetDocuments/Property.pdf,,Property.pdf,Pelouse
C0105,Truck Driveways/Routes,http://operations.connect.na.local/support/Reliability/Combronde/PlantAssetDocuments/Property.pdf,,Property.pdf,Allées/voies d'accès camions
C0106,Pavement/Concrete Slabs/Concrete Barriers and Walls,http://operations.connect.na.local/support/Reliability/Combronde/PlantAssetDocuments/Property.pdf,,Property.pdf,Chaussée / Dalles de béton / Barrières et murs en béton
C0123,Fences/Gates/Posts and Signs,http://operations.connect.na.local/support/Reliability/Combronde/PlantAssetDocuments/Property.pdf,,Property.pdf,Clôtures / Portails / Poteaux et enseignes
C0133,Storm Water System,http://operations.connect.na.local/support/Reliability/Combronde/PlantAssetDocuments/Property.pdf,,Property.pdf,Système des eaux pluviales
C0190,City Water Supply,http://operations.connect.na.local/support/Reliability/Combronde/PlantAssetDocuments/Property.pdf,,Property.pdf,Réservoir d'eau de la ville
C0417,Building Systems,http://operations.connect.na.local/support/Reliability/Combronde/PlantAssetDocuments/Building_Systems.pdf,,Building_Systems.pdf,Ensemble bâtiments
C0418,Main Production Line Building (MPLB),http://operations.connect.na.local/support/Reliability/Combronde/PlantAssetDocuments/Building_Systems.pdf,,Building_Systems.pdf,Bâtiment de la ligne de production principale (MPLB)
C0419,MPLB Roof/Structure,http://operations.connect.na.local/support/Reliability/Combronde/PlantAssetDocuments/Main_Prod_Line_Building_MPLB.pdf,,Main_Prod_Line_Building_MPLB.pdf,MPLB Toit / Structure
C0420,MPLB Electrical/Lighting,http://operations.connect.na.local/support/Reliability/Combronde/PlantAssetDocuments/Main_Prod_Line_Building_MPLB.pdf,,Main_Prod_Line_Building_MPLB.pdf,MPLB Électricité / éclairage
C0421,MPLB HVAC/Heating,http://operations.connect.na.local/support/Reliability/Combronde/PlantAssetDocuments/Main_Prod_Line_Building_MPLB.pdf,,Main_Prod_Line_Building_MPLB.pdf,MPLB HVAC / Chauffage
C0422,MPLB Stairs/Catwalks,http://operations.connect.na.local/support/Reliability/Combronde/PlantAssetDocuments/Main_Prod_Line_Building_MPLB.pdf,,Main_Prod_Line_Building_MPLB.pdf,MPLB Escaliers / passerelle
C0423,MPLB Doors/Overhead Doors/Locks,http://operations.connect.na.local/support/Reliability/Combronde/PlantAssetDocuments/Main_Prod_Line_Building_MPLB.pdf,,Main_Prod_Line_Building_MPLB.pdf,MPLB Portes / Portes aerienne / Verrous
C0424,MPLB Concrete Slab/Pits/Sumps,http://operations.connect.na.local/support/Reliability/Combronde/PlantAssetDocuments/Main_Prod_Line_Building_MPLB.pdf,,Main_Prod_Line_Building_MPLB.pdf,MPLB Dalle de béton / fosses / puisards
C0425,MPLB Electrical Room 1 (Principal),http://operations.connect.na.local/support/Reliability/Combronde/PlantAssetDocuments/Main_Prod_Line_Building_MPLB.pdf,,Main_Prod_Line_Building_MPLB.pdf,MPLB Salle électrique 1 (principale)
C0426,MPLB Electrical Room 2,http://operations.connect.na.local/support/Reliability/Combronde/PlantAssetDocuments/Main_Prod_Line_Building_MPLB.pdf,,Main_Prod_Line_Building_MPLB.pdf,MPLB Salle électrique 2
C0427,MPLB Electrical Room 3,http://operations.connect.na.local/support/Reliability/Combronde/PlantAssetDocuments/Main_Prod_Line_Building_MPLB.pdf,,Main_Prod_Line_Building_MPLB.pdf,MPLB Salle électrique 3
C0431,MPLB Office,http://operations.connect.na.local/support/Reliability/Combronde/PlantAssetDocuments/Main_Prod_Line_Building_MPLB.pdf,,Main_Prod_Line_Building_MPLB.pdf,MPLB Bureau
C0434,MPLB Water Softener System,http://operations.connect.na.local/support/Reliability/Combronde/PlantAssetDocuments/Main_Prod_Line_Building_MPLB.pdf,,Main_Prod_Line_Building_MPLB.pdf,MPLB Système d'adoucisseur d'eau
C0438,Main Office Building,http://operations.connect.na.local/support/Reliability/Combronde/PlantAssetDocuments/Building_Systems.pdf,,Building_Systems.pdf,Bâtiment administratif
C0439,Main Office Building Roof/Structure,http://operations.connect.na.local/support/Reliability/Combronde/PlantAssetDocuments/Main_Office_Building.pdf,,Main_Office_Building.pdf,Toit / Structure de bâtiment du bâtiment administratif
C0440,Main Office Building Electrical/Lighting,http://operations.connect.na.local/support/Reliability/Combronde/PlantAssetDocuments/Main_Office_Building.pdf,,Main_Office_Building.pdf,Électricité / éclairage du bâtiment administratif
C0441,Main Office Building HVAC/Heating,http://operations.connect.na.local/support/Reliability/Combronde/PlantAssetDocuments/Main_Office_Building.pdf,,Main_Office_Building.pdf,HVAC / Chauffage du bâtiment administratif
C0442,Main Office Building Stairs,http://operations.connect.na.local/support/Reliability/Combronde/PlantAssetDocuments/Main_Office_Building.pdf,,Main_Office_Building.pdf,Escaliers de bâtiment administratif
C0443,Main Office Building Doors/Locks/Security,http://operations.connect.na.local/support/Reliability/Combronde/PlantAssetDocuments/Main_Office_Building.pdf,,Main_Office_Building.pdf,Portes/ Verrous du bâtiment administratif
C0444,Main Office Building Plumbing/Sewage,http://operations.connect.na.local/support/Reliability/Combronde/PlantAssetDocuments/Main_Office_Building.pdf,,Main_Office_Building.pdf,Plomberie / égouts du bâtiment administratif
C0639,Finished Product Warehouse,http://operations.connect.na.local/support/Reliability/Combronde/PlantAssetDocuments/Building_Systems.pdf,,Building_Systems.pdf,Magasin produits finis
C0640,Finished Product Warehouse Plumbing/Sewage,http://operations.connect.na.local/support/Reliability/Combronde/PlantAssetDocuments/Warehousing_Systems.pdf,,Warehousing_Systems.pdf,Plomberie / égouts magasin de produits finis
C0641,Finished Product Warehouse Racking,http://operations.connect.na.local/support/Reliability/Combronde/PlantAssetDocuments/Warehousing_Systems.pdf,,Warehousing_Systems.pdf,Rayonnage magasin de produits finis
C0642,Finished Product Warehouse Roof,http://operations.connect.na.local/support/Reliability/Combronde/PlantAssetDocuments/Warehousing_Systems.pdf,,Warehousing_Systems.pdf,Toit magasin de produits finis
C0643,Finished Product Warehouse Electrical/Lighting,http://operations.connect.na.local/support/Reliability/Combronde/PlantAssetDocuments/Warehousing_Systems.pdf,,Warehousing_Systems.pdf,Électricité / éclairage magasin de produits finis
C0644,Finished Product Warehouse Doors/Docks,http://operations.connect.na.local/support/Reliability/Combronde/PlantAssetDocuments/Warehousing_Systems.pdf,,Warehousing_Systems.pdf,Portes / quais magasin de produits finis
C0646,Finished Product Warehouse HVAC / Heating,http://operations.connect.na.local/support/Reliability/Combronde/PlantAssetDocuments/Warehousing_Systems.pdf,,Warehousing_Systems.pdf,HVAC / Chauffage magasin de produits finis
C1000,Common Equipment Systems,http://operations.connect.na.local/support/Reliability/Combronde/PlantAssetDocuments/Common_Resources.pdf,,Common_Resources.pdf,Systèmes d'équipement communs
C1050,Overhead Cranes and Hoists,http://operations.connect.na.local/support/Reliability/Combronde/PlantAssetDocuments/Overhead_Cranes_Hoists.pdf,,Overhead_Cranes_Hoists.pdf,Grues aérienne et palans
C1161,Hoist 1 (Unwinder),http://operations.connect.na.local/support/Reliability/Combronde/PlantAssetDocuments/Overhead_Cranes_Hoists.pdf,,Overhead_Cranes_Hoists.pdf,Palan 1 (Dérouleur facing)
C1162,Hoist 2 (Desco A),http://operations.connect.na.local/support/Reliability/Combronde/PlantAssetDocuments/Overhead_Cranes_Hoists.pdf,,Overhead_Cranes_Hoists.pdf,Palan 2 (Desco A)
C1163,Hoist 3 (Desco B),http://operations.connect.na.local/support/Reliability/Combronde/PlantAssetDocuments/Overhead_Cranes_Hoists.pdf,,Overhead_Cranes_Hoists.pdf,Palan 3 (Desco B)
C1164,Hoist 4 (Maintenance Room),http://operations.connect.na.local/support/Reliability/Combronde/PlantAssetDocuments/Overhead_Cranes_Hoists.pdf,,Overhead_Cranes_Hoists.pdf,Palan 4 (Atelier maintenance)
C1165,Hoist 5 (De-dusting System),http://operations.connect.na.local/support/Reliability/Combronde/PlantAssetDocuments/Overhead_Cranes_Hoists.pdf,,Overhead_Cranes_Hoists.pdf,Palan 5 (système de dépoussiérage)
C1500,"Alarm, Telecommunications and Network Systems",http://operations.connect.na.local/support/Reliability/Combronde/PlantAssetDocuments/Alarm_Telecommunications_and_Network_Systems.pdf,,Alarm_Telecommunications_and_Network_Systems.pdf,"Systèmes d'alarme, de télécommunications et de réseau"
C1503,Security System (Camera),http://operations.connect.na.local/support/Reliability/Combronde/PlantAssetDocuments/Alarm_Telecommunications_and_Network_Systems.pdf,,Alarm_Telecommunications_and_Network_Systems.pdf,Système de sécurité (caméra)
C1504,Fire Alarm Security System,http://operations.connect.na.local/support/Reliability/Combronde/PlantAssetDocuments/Alarm_Telecommunications_and_Network_Systems.pdf,,Alarm_Telecommunications_and_Network_Systems.pdf,Système de sécurité d'alarme incendie
C1505,Security System (Access Control),http://operations.connect.na.local/support/Reliability/Combronde/PlantAssetDocuments/Alarm_Telecommunications_and_Network_Systems.pdf,,Alarm_Telecommunications_and_Network_Systems.pdf,Système de sécurité (contrôle d'accès)
C1506,Desktop/Laptop PC's,http://operations.connect.na.local/support/Reliability/Combronde/PlantAssetDocuments/Alarm_Telecommunications_and_Network_Systems.pdf,,Alarm_Telecommunications_and_Network_Systems.pdf,Bureau / ordinateur portable
C1511,Network Equipment,http://operations.connect.na.local/support/Reliability/Combronde/PlantAssetDocuments/Alarm_Telecommunications_and_Network_Systems.pdf,,Alarm_Telecommunications_and_Network_Systems.pdf,Équipement réseau
C1516,Telephones and Telephone Systems,http://operations.connect.na.local/support/Reliability/Combronde/PlantAssetDocuments/Alarm_Telecommunications_and_Network_Systems.pdf,,Alarm_Telecommunications_and_Network_Systems.pdf,Téléphones et systèmes téléphoniques
C1520,Process Monitoring Camera System,http://operations.connect.na.local/support/Reliability/Combronde/PlantAssetDocuments/Alarm_Telecommunications_and_Network_Systems.pdf,,Alarm_Telecommunications_and_Network_Systems.pdf,Système de caméra de surveillance process
C2900,"Chiller System (MDI, Polyol, Pentane, Pour Table)",http://operations.connect.na.local/support/Reliability/Combronde/PlantAssetDocuments/Common_Equipment.pdf,,Common_Equipment.pdf,"Système de refroidissement (MDI, polyol, pentane, table de coulée)"
C3000,Compressed Air System,http://operations.connect.na.local/support/Reliability/Combronde/PlantAssetDocuments/Compress_Air_System.pdf,,Compress_Air_System.pdf,Système d'air comprimé
C3001,Compressed Air Generation System (CAGS),http://operations.connect.na.local/support/Reliability/Combronde/PlantAssetDocuments/Compress_Air_System.pdf,,Compress_Air_System.pdf,Production d'air comprimé
C3002,Air Compressor 1,http://operations.connect.na.local/support/Reliability/Combronde/PlantAssetDocuments/Compress_Air_System.pdf,,Compress_Air_System.pdf,Compresseur d'air 1
C3003,Air Compressor 2,http://operations.connect.na.local/support/Reliability/Combronde/PlantAssetDocuments/Compress_Air_System.pdf,,Compress_Air_System.pdf,Compresseur d'air 2
C3004,Air Compressor 3,http://operations.connect.na.local/support/Reliability/Combronde/PlantAssetDocuments/Compress_Air_System.pdf,,Compress_Air_System.pdf,Compresseur d'air 3
C3008,Air Compressors Oil-Water Separator,http://operations.connect.na.local/support/Reliability/Combronde/PlantAssetDocuments/Compress_Air_System.pdf,,Compress_Air_System.pdf,Séparateur huile-eau de compresseur d'air
C3012,Air Compressors Exhaust Ducting System,http://operations.connect.na.local/support/Reliability/Combronde/PlantAssetDocuments/Compress_Air_System.pdf,,Compress_Air_System.pdf,Gaine d'extraction des compresseurs 
C3055,Compressed Air Drier Unit,http://operations.connect.na.local/support/Reliability/Combronde/PlantAssetDocuments/Compress_Air_System.pdf,,Compress_Air_System.pdf,Unité de séchage d'air frigorifique
C3057,Compressed Air Receiver Tank (900 L),http://operations.connect.na.local/support/Reliability/Combronde/PlantAssetDocuments/Compress_Air_System.pdf,,Compress_Air_System.pdf,Réservoir récepteur d'air comprimé (900 L)
C3101,Compressed Air Piping System ,http://operations.connect.na.local/support/Reliability/Combronde/PlantAssetDocuments/Compress_Air_System.pdf,,Compress_Air_System.pdf,Système tuyauterie d'air comprimé
C3200,Mechanical Maintenance Shop Equipment,http://operations.connect.na.local/support/Reliability/Combronde/PlantAssetDocuments/Common_Equipment.pdf,,Common_Equipment.pdf,Équipement d'atelier d'entretien mécanique
C3500,Motorized Support Equipment,http://operations.connect.na.local/support/Reliability/Combronde/PlantAssetDocuments/Motorized_Support_Equipment.pdf,,Motorized_Support_Equipment.pdf,Matériels de manutention motorisés
C3501,Forklifts,http://operations.connect.na.local/support/Reliability/Combronde/PlantAssetDocuments/Motorized_Support_Equipment.pdf,,Motorized_Support_Equipment.pdf,Chariots élévateurs
C3502,Forklift 1,http://operations.connect.na.local/support/Reliability/Combronde/PlantAssetDocuments/Motorized_Support_Equipment.pdf,,Motorized_Support_Equipment.pdf,Chariots élévateur 1
C3503,Forklift 2,http://operations.connect.na.local/support/Reliability/Combronde/PlantAssetDocuments/Motorized_Support_Equipment.pdf,,Motorized_Support_Equipment.pdf,Chariots élévateur 2
C3504,Forklift 3,http://operations.connect.na.local/support/Reliability/Combronde/PlantAssetDocuments/Motorized_Support_Equipment.pdf,,Motorized_Support_Equipment.pdf,Chariots élévateur 3
C3505,Forklift 4,http://operations.connect.na.local/support/Reliability/Combronde/PlantAssetDocuments/Motorized_Support_Equipment.pdf,,Motorized_Support_Equipment.pdf,Chariots élévateur 4
C3506,Forklift 5,http://operations.connect.na.local/support/Reliability/Combronde/PlantAssetDocuments/Motorized_Support_Equipment.pdf,,Motorized_Support_Equipment.pdf,Chariots élévateur 5
C4012,Boom Lift,http://operations.connect.na.local/support/Reliability/Combronde/PlantAssetDocuments/Motorized_Support_Equipment.pdf,,Motorized_Support_Equipment.pdf,Nacelle élévatrice
C4030,Floor Sweeper,http://operations.connect.na.local/support/Reliability/Combronde/PlantAssetDocuments/Motorized_Support_Equipment.pdf,,Motorized_Support_Equipment.pdf,Balayeuse de sol
C4075,Electric Pallet Truck,http://operations.connect.na.local/support/Reliability/Combronde/PlantAssetDocuments/Motorized_Support_Equipment.pdf,,Motorized_Support_Equipment.pdf,Transpalette électrique
C7200,Stand-Alone/Portable Equipment,http://operations.connect.na.local/support/Reliability/Combronde/PlantAssetDocuments/Stand-Alone_Portable_Equipment.pdf,,Stand-Alone_Portable_Equipment.pdf,Équipement autonome / portable
C7213,Ladders,http://operations.connect.na.local/support/Reliability/Combronde/PlantAssetDocuments/Stand-Alone_Portable_Equipment.pdf,,Stand-Alone_Portable_Equipment.pdf,Échelles
C7221,Chain Falls/Cumalongs/Slings,http://operations.connect.na.local/support/Reliability/Combronde/PlantAssetDocuments/Stand-Alone_Portable_Equipment.pdf,,Stand-Alone_Portable_Equipment.pdf,Chutes de chaîne / Cumalongs / élingues
C7263,Label Printer 1 (Desco A),http://operations.connect.na.local/support/Reliability/Combronde/PlantAssetDocuments/Stand-Alone_Portable_Equipment.pdf,,Stand-Alone_Portable_Equipment.pdf,Imprimante d'étiquettes 1 (Desco A)
C7265,Label Printer 2 (Desco B),http://operations.connect.na.local/support/Reliability/Combronde/PlantAssetDocuments/Stand-Alone_Portable_Equipment.pdf,,Stand-Alone_Portable_Equipment.pdf,Imprimante d'étiquettes 2 (Desco B)
C7266,Label Printer 3 (MSK),http://operations.connect.na.local/support/Reliability/Combronde/PlantAssetDocuments/Stand-Alone_Portable_Equipment.pdf,,Stand-Alone_Portable_Equipment.pdf,Imprimante d'étiquettes 3 (MSK)
C7301,Lab Equipment,http://operations.connect.na.local/support/Reliability/Combronde/PlantAssetDocuments/Stand-Alone_Portable_Equipment.pdf,,Stand-Alone_Portable_Equipment.pdf,Équipement de laboratoire
C7302,Lab Oven 1 (Lambda Test),http://operations.connect.na.local/support/Reliability/Combronde/PlantAssetDocuments/Stand-Alone_Portable_Equipment.pdf,,Stand-Alone_Portable_Equipment.pdf,Four de laboratoire 1 (test lambda)
C7303,Lab Oven 2,http://operations.connect.na.local/support/Reliability/Combronde/PlantAssetDocuments/Stand-Alone_Portable_Equipment.pdf,,Stand-Alone_Portable_Equipment.pdf,Four de laboratoire 2
C7305,Humidity Oven 1,http://operations.connect.na.local/support/Reliability/Combronde/PlantAssetDocuments/Stand-Alone_Portable_Equipment.pdf,,Stand-Alone_Portable_Equipment.pdf,Four à humidité 1
C7308,Humidity Oven 2,http://operations.connect.na.local/support/Reliability/Combronde/PlantAssetDocuments/Stand-Alone_Portable_Equipment.pdf,,Stand-Alone_Portable_Equipment.pdf,Four à humidité 2
C7309,Humidity Oven 3,http://operations.connect.na.local/support/Reliability/Combronde/PlantAssetDocuments/Stand-Alone_Portable_Equipment.pdf,,Stand-Alone_Portable_Equipment.pdf,Four à humidité 3
C7310,Inkjet Printer 1 (Laminator),http://operations.connect.na.local/support/Reliability/Combronde/PlantAssetDocuments/Stand-Alone_Portable_Equipment.pdf,,Stand-Alone_Portable_Equipment.pdf,Imprimante à jet d'encre 1 (Laminateur)
C7312,Inkjet Printer 2 (Before Desco A),http://operations.connect.na.local/support/Reliability/Combronde/PlantAssetDocuments/Stand-Alone_Portable_Equipment.pdf,,Stand-Alone_Portable_Equipment.pdf,Imprimante à jet d'encre 2 (avant desco A)
C7313,Inkjet Printer 3 (Before Desco B),http://operations.connect.na.local/support/Reliability/Combronde/PlantAssetDocuments/Stand-Alone_Portable_Equipment.pdf,,Stand-Alone_Portable_Equipment.pdf,Imprimante à jet d'encre 3 (avant desco B)
H0001,Common EHS/Risk Management Resources,http://operations.connect.na.local/support/Reliability/Combronde/PlantAssetDocuments/Common_EHS_Resources_And_Risk_Management.pdf,,Common_EHS_Resources_And_Risk_Management.pdf,Ressources communes EHS / gestion des risques
H0020,Fire Extinguisher Systems,http://operations.connect.na.local/support/Reliability/Combronde/PlantAssetDocuments/Common_EHS_Resources_And_Risk_Management.pdf,,Common_EHS_Resources_And_Risk_Management.pdf,Systèmes d'extincteurs
H0720,Emergency Eye Wash/Shower Station System (EEWSS),http://operations.connect.na.local/support/Reliability/Combronde/PlantAssetDocuments/Common_EHS_Resources_And_Risk_Management.pdf,,Common_EHS_Resources_And_Risk_Management.pdf,Système de douche oculaire / douche d'urgence (EEWSS)
H1670,Dust Collection System,http://operations.connect.na.local/support/Reliability/Combronde/PlantAssetDocuments/Common_EHS_Resources_And_Risk_Management.pdf,,Common_EHS_Resources_And_Risk_Management.pdf,Système de collecte des poussières
H1671,Dust Collector,http://operations.connect.na.local/support/Reliability/Combronde/PlantAssetDocuments/Common_EHS_Resources_And_Risk_Management.pdf,,Common_EHS_Resources_And_Risk_Management.pdf,Collecteur de poussière
H1674,Dust Collector Rotary Airlock ,http://operations.connect.na.local/support/Reliability/Combronde/PlantAssetDocuments/Common_EHS_Resources_And_Risk_Management.pdf,,Common_EHS_Resources_And_Risk_Management.pdf,Ecluse rotative du collecteur de poussière
H1675,Dust Collector Blower ,http://operations.connect.na.local/support/Reliability/Combronde/PlantAssetDocuments/Common_EHS_Resources_And_Risk_Management.pdf,,Common_EHS_Resources_And_Risk_Management.pdf,Ventilateur de collecteur de poussière
H1676,Dust Collector Piping System ,http://operations.connect.na.local/support/Reliability/Combronde/PlantAssetDocuments/Common_EHS_Resources_And_Risk_Management.pdf,,Common_EHS_Resources_And_Risk_Management.pdf,Système tuyauterie de collecteur de poussière
H1679,Dust Collector Fire Suppression Unit,http://operations.connect.na.local/support/Reliability/Combronde/PlantAssetDocuments/Common_EHS_Resources_And_Risk_Management.pdf,,Common_EHS_Resources_And_Risk_Management.pdf,Unité d'extinction d'incendie de collecteur de poussière
H1681,Dust Collector Briquette Press ,http://operations.connect.na.local/support/Reliability/Combronde/PlantAssetDocuments/Common_EHS_Resources_And_Risk_Management.pdf,,Common_EHS_Resources_And_Risk_Management.pdf,Presse à briquettes de collecteur de poussière
H2650,ISO Fume Collection System (RTO Regenerative Thermal Oxidizer),http://operations.connect.na.local/support/Reliability/Combronde/PlantAssetDocuments/Common_EHS_Resources_And_Risk_Management.pdf,,Common_EHS_Resources_And_Risk_Management.pdf,ISO Système de collecte des fumées (RTO Oxydant thermique régénératif)
H2655,Fume Collection Duct System (RTO Fresh Air),http://operations.connect.na.local/support/Reliability/Combronde/PlantAssetDocuments/Common_EHS_Resources_And_Risk_Management.pdf,,Common_EHS_Resources_And_Risk_Management.pdf,Système de conduit de collecte des fumées (RTO air neuf)
H2660,Fume Collection Damper 1 (RTO Variable Fresh Air),http://operations.connect.na.local/support/Reliability/Combronde/PlantAssetDocuments/Common_EHS_Resources_And_Risk_Management.pdf,,Common_EHS_Resources_And_Risk_Management.pdf,Registre de collecte des fumées 1 (RTO l'air neuf variable)
H2662,Fume Collection Damper 2 (RTO Process),http://operations.connect.na.local/support/Reliability/Combronde/PlantAssetDocuments/Common_EHS_Resources_And_Risk_Management.pdf,,Common_EHS_Resources_And_Risk_Management.pdf,Registre de collecte des fumées 2 (RTO process)
H2665,Fume Collection Blower (RTO Supply),http://operations.connect.na.local/support/Reliability/Combronde/PlantAssetDocuments/Common_EHS_Resources_And_Risk_Management.pdf,,Common_EHS_Resources_And_Risk_Management.pdf,Ventilateur de collecte des fumées (RTO réserve)
H2670,Fume Collection Duct System (Blower to RTO),http://operations.connect.na.local/support/Reliability/Combronde/PlantAssetDocuments/Common_EHS_Resources_And_Risk_Management.pdf,,Common_EHS_Resources_And_Risk_Management.pdf,Système de conduit de collecte des fumées (Du Ventilateur au RTO)
H2675,Fume Collection Fire Box (RTO Combustion Zone),http://operations.connect.na.local/support/Reliability/Combronde/PlantAssetDocuments/Common_EHS_Resources_And_Risk_Management.pdf,,Common_EHS_Resources_And_Risk_Management.pdf,Caisson d'incendie de collecte des fumées (zone de combustion RTO)
H2677,Fume Collection Burner (RTO),http://operations.connect.na.local/support/Reliability/Combronde/PlantAssetDocuments/Common_EHS_Resources_And_Risk_Management.pdf,,Common_EHS_Resources_And_Risk_Management.pdf,Brûleur de collecte des fumées (RTO)
H2679,Fume Collection Ceramic Media Bed (RTO 25 Cell),http://operations.connect.na.local/support/Reliability/Combronde/PlantAssetDocuments/Common_EHS_Resources_And_Risk_Management.pdf,,Common_EHS_Resources_And_Risk_Management.pdf,Lit média en céramique de collecte des fumées (RTO 25 cellules)
H2684,Fume Collection Exhaust Stack (RTO),http://operations.connect.na.local/support/Reliability/Combronde/PlantAssetDocuments/Common_EHS_Resources_And_Risk_Management.pdf,,Common_EHS_Resources_And_Risk_Management.pdf,Cheminée d'échappement de collecte des fumées (RTO)
H3000,Fire Fighting and Protection Systems,http://operations.connect.na.local/support/Reliability/Combronde/PlantAssetDocuments/Fire_Fighting_Protection_Systems.pdf,,Fire_Fighting_Protection_Systems.pdf,Systèmes de lutte contre l'incendie et de protection
H3002,Fire Alarm Systems,http://operations.connect.na.local/support/Reliability/Combronde/PlantAssetDocuments/Fire_Fighting_Protection_Systems.pdf,,Fire_Fighting_Protection_Systems.pdf,Systèmes d'alarme incendie
H3008,MPLB Fire Alarm Electrical and Devices,http://operations.connect.na.local/support/Reliability/Combronde/PlantAssetDocuments/Fire_Fighting_Protection_Systems.pdf,,Fire_Fighting_Protection_Systems.pdf,Appareils d'alarme incendie bâtiment de production
H3012,Main Office Fire Alarm Control Panel,http://operations.connect.na.local/support/Reliability/Combronde/PlantAssetDocuments/Fire_Fighting_Protection_Systems.pdf,,Fire_Fighting_Protection_Systems.pdf,Panneau de contrôle d'alarme incendie de bureau principal
H3016,Main Office Fire Alarm Electrical and Devices,http://operations.connect.na.local/support/Reliability/Combronde/PlantAssetDocuments/Fire_Fighting_Protection_Systems.pdf,,Fire_Fighting_Protection_Systems.pdf,Appareils d'alarme incendie de bureau principal
H3075,Sprinkler Fire Protection Systems,http://operations.connect.na.local/support/Reliability/Combronde/PlantAssetDocuments/Fire_Fighting_Protection_Systems.pdf,,Fire_Fighting_Protection_Systems.pdf,Systèmes de protection incendie Sprinkler
H3076,Sprinkler Fire System Pump Room,http://operations.connect.na.local/support/Reliability/Combronde/PlantAssetDocuments/Fire_Fighting_Protection_Systems.pdf,,Fire_Fighting_Protection_Systems.pdf,Salle des pompes du système d'incendie Sprinkler
H3077,Sprinkler Fire System Pump (Diesel),http://operations.connect.na.local/support/Reliability/Combronde/PlantAssetDocuments/Fire_Fighting_Protection_Systems.pdf,,Fire_Fighting_Protection_Systems.pdf,Pompe du système d'incendie Sprinkler (diesel)
H3083,Sprinkler Fire System Pump Controller,http://operations.connect.na.local/support/Reliability/Combronde/PlantAssetDocuments/Fire_Fighting_Protection_Systems.pdf,,Fire_Fighting_Protection_Systems.pdf,Contrôleur de pompe du système d'incendie Sprinkler
H3091,Sprinkler Fire System Piping and Valve System,http://operations.connect.na.local/support/Reliability/Combronde/PlantAssetDocuments/Fire_Fighting_Protection_Systems.pdf,,Fire_Fighting_Protection_Systems.pdf,Système tuyauterie et vannes du système d'incendie Sprinkler
H3098,Sprinkler Fire System Water Tank,http://operations.connect.na.local/support/Reliability/Combronde/PlantAssetDocuments/Fire_Fighting_Protection_Systems.pdf,,Fire_Fighting_Protection_Systems.pdf,Réservoir d'eau du système d'incendie Sprinkler
H3260,Fire Hydrants,http://operations.connect.na.local/support/Reliability/Combronde/PlantAssetDocuments/Fire_Fighting_Protection_Systems.pdf,,Fire_Fighting_Protection_Systems.pdf,Bouches d'incendie
H3375,Fire Hose Risers,http://operations.connect.na.local/support/Reliability/Combronde/PlantAssetDocuments/Fire_Fighting_Protection_Systems.pdf,,Fire_Fighting_Protection_Systems.pdf,Dévidoirs de tuyaux incendie ( RIA)
H4000,Emergency Lighting and Electrical Supply System,http://operations.connect.na.local/support/Reliability/Combronde/PlantAssetDocuments/Common_EHS_Resources_And_Risk_Management.pdf,,Common_EHS_Resources_And_Risk_Management.pdf,Système d'éclairage d'urgence et d'alimentation électrique
H4100,Emergency Lighting System,http://operations.connect.na.local/support/Reliability/Combronde/PlantAssetDocuments/Common_EHS_Resources_And_Risk_Management.pdf,,Common_EHS_Resources_And_Risk_Management.pdf,Système d'éclairage d'urgence
H4800,Safety Equipment,http://operations.connect.na.local/support/Reliability/Combronde/PlantAssetDocuments/Common_EHS_Resources_And_Risk_Management.pdf,,Common_EHS_Resources_And_Risk_Management.pdf,Équipement de sécurité
H4802,Personal Protection Equipment (PPE),http://operations.connect.na.local/support/Reliability/Combronde/PlantAssetDocuments/Common_EHS_Resources_And_Risk_Management.pdf,,Common_EHS_Resources_And_Risk_Management.pdf,Équipement de protection personnel (EPI)
H4855,Tank Restraint Systems,http://operations.connect.na.local/support/Reliability/Combronde/PlantAssetDocuments/Common_EHS_Resources_And_Risk_Management.pdf,,Common_EHS_Resources_And_Risk_Management.pdf,Systèmes de rétention
