S3528,3-Tab Carry-over Turn Bar 1,http://operations.connect.na.local/support/Reliability/CRCToronto/PlantAssetDocs/3_Tab_Carry_Over_Section_Page2.pdf,,3_Tab_Carry_Over_Section_Page2.pdf
S3533,3-Tab Carry-over Pull Rolls 3,http://operations.connect.na.local/support/Reliability/CRCToronto/PlantAssetDocs/3_Tab_Carry_Over_Section_Page2.pdf,,3_Tab_Carry_Over_Section_Page2.pdf
S3651,3-Tab Carry-over Guide Roll 4,http://operations.connect.na.local/support/Reliability/CRCToronto/PlantAssetDocs/3_Tab_Carry_Over_Section_Page2.pdf,,3_Tab_Carry_Over_Section_Page2.pdf
S3536,3-Tab Carry over Free Loop System 3,http://operations.connect.na.local/support/Reliability/CRCToronto/PlantAssetDocs/3_Tab_Carry_Over_Section_Page2.pdf,,3_Tab_Carry_Over_Section_Page2.pdf
S3653,3-Tab Carry-over Section 3,http://operations.connect.na.local/support/Reliability/CRCToronto/PlantAssetDocs/3_Tab_Carry_Over_Section_Page2.pdf,,3_Tab_Carry_Over_Section_Page2.pdf
S3655,3-Tab Carry-over Turn Bar 2,http://operations.connect.na.local/support/Reliability/CRCToronto/PlantAssetDocs/3_Tab_Carry_Over_Section_Page2.pdf,,3_Tab_Carry_Over_Section_Page2.pdf
S3680,3-Tab Carry-over Pull Rolls 4,http://operations.connect.na.local/support/Reliability/CRCToronto/PlantAssetDocs/3_Tab_Carry_Over_Section_Page2.pdf,,3_Tab_Carry_Over_Section_Page2.pdf
S3684,3-Tab Carry-over Free Loop System 4,http://operations.connect.na.local/support/Reliability/CRCToronto/PlantAssetDocs/3_Tab_Carry_Over_Section_Page2.pdf,,3_Tab_Carry_Over_Section_Page2.pdf
C1053,DMA Door Hoist 1 (West),http://operations.connect.na.local/support/Reliability/CRCToronto/PlantAssetDocs/Crane_Hoists.pdf,,Crane_Hoists.pdf
C1054,DMA Door Hoist 2 (East),http://operations.connect.na.local/support/Reliability/CRCToronto/PlantAssetDocs/Crane_Hoists.pdf,,Crane_Hoists.pdf
C1059,3-Tab Cutter Overhead Crane,http://operations.connect.na.local/support/Reliability/CRCToronto/PlantAssetDocs/Crane_Hoists.pdf,,Crane_Hoists.pdf
C1124,Filler Mixing System Crane (Continuous Mixer),http://operations.connect.na.local/support/Reliability/CRCToronto/PlantAssetDocs/Crane_Hoists.pdf,,Crane_Hoists.pdf
C1141,Crane (Monsanto Overhead Chain Hoist),http://operations.connect.na.local/support/Reliability/CRCToronto/PlantAssetDocs/Crane_Hoists.pdf,,Crane_Hoists.pdf
C1161,Hoist (Back Surfacing Chain),http://operations.connect.na.local/support/Reliability/CRCToronto/PlantAssetDocs/Crane_Hoists.pdf,,Crane_Hoists.pdf
C1058,Wrapper Hoist (Machine Chain),http://operations.connect.na.local/support/Reliability/CRCToronto/PlantAssetDocs/Crane_Hoists.pdf,,Crane_Hoists.pdf
S2763,Blend Reclaim Conveyor 2 (Scale),http://operations.connect.na.local/support/Reliability/CRCToronto/PlantAssetDocs/Granule_Reclaim_System.pdf,,Granule_Reclaim_System.pdf
S2728,Headlap / Fiesta Reclaim Incline Screw Conveyor (Underground),http://operations.connect.na.local/support/Reliability/CRCToronto/PlantAssetDocs/Granule_Reclaim_System.pdf,,Granule_Reclaim_System.pdf
S2732,Headlap / Fiesta Reclaim Elevator,http://operations.connect.na.local/support/Reliability/CRCToronto/PlantAssetDocs/Granule_Reclaim_System.pdf,,Granule_Reclaim_System.pdf
S2727,Fiesta Reclaim Screw Conveyor 2 (Colour Change),http://operations.connect.na.local/support/Reliability/CRCToronto/PlantAssetDocs/Granule_Reclaim_System.pdf,,Granule_Reclaim_System.pdf
S2726,Fiesta Reclaim Screw Conveyor 1 (Colour Change),http://operations.connect.na.local/support/Reliability/CRCToronto/PlantAssetDocs/Granule_Reclaim_System.pdf,,Granule_Reclaim_System.pdf
S2784,Blend Reclaim Diverter,http://operations.connect.na.local/support/Reliability/CRCToronto/PlantAssetDocs/Granule_Reclaim_System.pdf,,Granule_Reclaim_System.pdf
S2783,Blend Reclaim Conveyor 4,http://operations.connect.na.local/support/Reliability/CRCToronto/PlantAssetDocs/Granule_Reclaim_System.pdf,,Granule_Reclaim_System.pdf
S2781,Blend Reclaim Conveyor 3,http://operations.connect.na.local/support/Reliability/CRCToronto/PlantAssetDocs/Granule_Reclaim_System.pdf,,Granule_Reclaim_System.pdf
S2780,Granule Spill Reclaim Elevator,http://operations.connect.na.local/support/Reliability/CRCToronto/PlantAssetDocs/Granule_Reclaim_System.pdf,,Granule_Reclaim_System.pdf
S3501,3-Tab Carry-over Guide Roll 1,http://operations.connect.na.local/support/Reliability/CRCToronto/PlantAssetDocs/3_Tab_Carry_Over_Section.pdf,,3_Tab_Carry_Over_Section.pdf
S3503,3-Tab Carry-over Section 1,http://operations.connect.na.local/support/Reliability/CRCToronto/PlantAssetDocs/3_Tab_Carry_Over_Section.pdf,,3_Tab_Carry_Over_Section.pdf
S3510,3-Tab Carry-over Web Guide Rolls,http://operations.connect.na.local/support/Reliability/CRCToronto/PlantAssetDocs/3_Tab_Carry_Over_Section.pdf,,3_Tab_Carry_Over_Section.pdf
S3519,3-Tab Soap Applicator,http://operations.connect.na.local/support/Reliability/CRCToronto/PlantAssetDocs/3_Tab_Carry_Over_Section.pdf,,3_Tab_Carry_Over_Section.pdf
S3517,3-Tab Sealant Applicator Exit Roll,http://operations.connect.na.local/support/Reliability/CRCToronto/PlantAssetDocs/3_Tab_Carry_Over_Section.pdf,,3_Tab_Carry_Over_Section.pdf
S3515,3-Tab Sealant Applicator,http://operations.connect.na.local/support/Reliability/CRCToronto/PlantAssetDocs/3_Tab_Carry_Over_Section.pdf,,3_Tab_Carry_Over_Section.pdf
S3512,3-Tab Carry-over Guide Roll 2 (Sealant Applicator Entry),http://operations.connect.na.local/support/Reliability/CRCToronto/PlantAssetDocs/3_Tab_Carry_Over_Section.pdf,,3_Tab_Carry_Over_Section.pdf
S3518,3-Tab Carry-over Section 2,http://operations.connect.na.local/support/Reliability/CRCToronto/PlantAssetDocs/3_Tab_Carry_Over_Section.pdf,,3_Tab_Carry_Over_Section.pdf
S3522,3-Tab Carry-over Pull Rolls 2,http://operations.connect.na.local/support/Reliability/CRCToronto/PlantAssetDocs/3_Tab_Carry_Over_Section.pdf,,3_Tab_Carry_Over_Section.pdf
S3524,3-Tab Carry-over Free Loop System 2,http://operations.connect.na.local/support/Reliability/CRCToronto/PlantAssetDocs/3_Tab_Carry_Over_Section.pdf,,3_Tab_Carry_Over_Section.pdf
S3527,3-Tab Carry-over Guide Roll 3,http://operations.connect.na.local/support/Reliability/CRCToronto/PlantAssetDocs/3_Tab_Carry_Over_Section.pdf,,3_Tab_Carry_Over_Section.pdf
C0102,Employee Parking Lots,http://operations.connect.na.local/support/Reliability/CRCToronto/PlantAssetDocs/Land.pdf,,Land.pdf
C0103,Lawn,http://operations.connect.na.local/support/Reliability/CRCToronto/PlantAssetDocs/Land.pdf,,Land.pdf
C0105,Truck Driveways / Routes,http://operations.connect.na.local/support/Reliability/CRCToronto/PlantAssetDocs/Land.pdf,,Land.pdf
C0106,Pavement / Concrete Slabs / Concrete Barriers and Walls,http://operations.connect.na.local/support/Reliability/CRCToronto/PlantAssetDocs/Land.pdf,,Land.pdf
C0121,Trees / Shrubs and Grass,http://operations.connect.na.local/support/Reliability/CRCToronto/PlantAssetDocs/Land.pdf,,Land.pdf
C0123,Fences / Gates / Posts and Signs,http://operations.connect.na.local/support/Reliability/CRCToronto/PlantAssetDocs/Land.pdf,,Land.pdf
C0124,Weigh Scale (Freight),http://operations.connect.na.local/support/Reliability/CRCToronto/PlantAssetDocs/Land.pdf,,Land.pdf
C0190,City Water Supply,http://operations.connect.na.local/support/Reliability/CRCToronto/PlantAssetDocs/Land.pdf,,Land.pdf
C7409,Granule Unloading Conveyor,http://operations.connect.na.local/support/Reliability/CRCToronto/PlantAssetDocs/Granule_Blending_And_Delivery.pdf,,Granule_Blending_And_Delivery.pdf
C7422,Granule Unloading Conveyor 1 (Recirculation),http://operations.connect.na.local/support/Reliability/CRCToronto/PlantAssetDocs/Granule_Blending_And_Delivery.pdf,,Granule_Blending_And_Delivery.pdf
S0670,Granule Distributor,http://operations.connect.na.local/support/Reliability/CRCToronto/PlantAssetDocs/Granule_Blending_And_Delivery.pdf,,Granule_Blending_And_Delivery.pdf
C7427,Granule Unloading Conveyor 2 (Recirculation),http://operations.connect.na.local/support/Reliability/CRCToronto/PlantAssetDocs/Granule_Blending_And_Delivery.pdf,,Granule_Blending_And_Delivery.pdf
S0624,Blend Elevator,http://operations.connect.na.local/support/Reliability/CRCToronto/PlantAssetDocs/Granule_Blending_And_Delivery.pdf,,Granule_Blending_And_Delivery.pdf
S0657,Blend Conveyor 3 (Feed),http://operations.connect.na.local/support/Reliability/CRCToronto/PlantAssetDocs/Granule_Blending_And_Delivery.pdf,,Granule_Blending_And_Delivery.pdf
S0602,Blend Conveyor 1,http://operations.connect.na.local/support/Reliability/CRCToronto/PlantAssetDocs/Granule_Blending_And_Delivery.pdf,,Granule_Blending_And_Delivery.pdf
S0671,Granule Distributor Hose System,http://operations.connect.na.local/support/Reliability/CRCToronto/PlantAssetDocs/Granule_Blending_And_Delivery.pdf,,Granule_Blending_And_Delivery.pdf
S0620,Blend Scale Conveyor,http://operations.connect.na.local/support/Reliability/CRCToronto/PlantAssetDocs/Granule_Blending_And_Delivery.pdf,,Granule_Blending_And_Delivery.pdf
S0656,Blend Conveyor 2,http://operations.connect.na.local/support/Reliability/CRCToronto/PlantAssetDocs/Granule_Blending_And_Delivery.pdf,,Granule_Blending_And_Delivery.pdf
C7410,Granule Unloading Elevator (North),http://operations.connect.na.local/support/Reliability/CRCToronto/PlantAssetDocs/Granule_Blending_And_Delivery.pdf,,Granule_Blending_And_Delivery.pdf
C7407,Granule Unloading Elevator (South),http://operations.connect.na.local/support/Reliability/CRCToronto/PlantAssetDocs/Granule_Blending_And_Delivery.pdf,,Granule_Blending_And_Delivery.pdf
C7406,Granule Unloading Conveyor (South),http://operations.connect.na.local/support/Reliability/CRCToronto/PlantAssetDocs/Granule_Blending_And_Delivery.pdf,,Granule_Blending_And_Delivery.pdf
C7417,Granule Unloading Shuttle Conveyor,http://operations.connect.na.local/support/Reliability/CRCToronto/PlantAssetDocs/Granule_Blending_And_Delivery.pdf,,Granule_Blending_And_Delivery.pdf
S8718,Palletizer Cooling Conveyor,http://operations.connect.na.local/support/Reliability/CRCToronto/PlantAssetDocs/Palletizer_Bundle_Wrapping.pdf,,Palletizer_Bundle_Wrapping.pdf
S8719,Palletizer Corner Conveyor,http://operations.connect.na.local/support/Reliability/CRCToronto/PlantAssetDocs/Palletizer_Bundle_Wrapping.pdf,,Palletizer_Bundle_Wrapping.pdf
S8721,Palletizer Belt Transfer Conveyor,http://operations.connect.na.local/support/Reliability/CRCToronto/PlantAssetDocs/Palletizer_Bundle_Wrapping.pdf,,Palletizer_Bundle_Wrapping.pdf
S8722,Palletizer Two Lug Conveyor,http://operations.connect.na.local/support/Reliability/CRCToronto/PlantAssetDocs/Palletizer_Bundle_Wrapping.pdf,,Palletizer_Bundle_Wrapping.pdf
S8902,Palletizer Bundle Bypass Conveyor,http://operations.connect.na.local/support/Reliability/CRCToronto/PlantAssetDocs/Palletizer_Bundle_Wrapping.pdf,,Palletizer_Bundle_Wrapping.pdf
S8904,Palletizer Bundle Bypass Cornor Lug Conveyor,http://operations.connect.na.local/support/Reliability/CRCToronto/PlantAssetDocs/Palletizer_Bundle_Wrapping.pdf,,Palletizer_Bundle_Wrapping.pdf
S8724,Palletizer Pattern Conveyor,http://operations.connect.na.local/support/Reliability/CRCToronto/PlantAssetDocs/Palletizer_Bundle_Wrapping.pdf,,Palletizer_Bundle_Wrapping.pdf
S8723,Palletizer Incline Conveyor,http://operations.connect.na.local/support/Reliability/CRCToronto/PlantAssetDocs/Palletizer_Bundle_Wrapping.pdf,,Palletizer_Bundle_Wrapping.pdf
S8726,Palletizer Six-Lug Conveyor,http://operations.connect.na.local/support/Reliability/CRCToronto/PlantAssetDocs/Palletizer_Bundle_Wrapping.pdf,,Palletizer_Bundle_Wrapping.pdf
S8730,Palletizer Transfer Conveyor (Gate),http://operations.connect.na.local/support/Reliability/CRCToronto/PlantAssetDocs/Palletizer_Bundle_Wrapping.pdf,,Palletizer_Bundle_Wrapping.pdf
S8910,Palletizer Bundle Bypass Incline Conveyor,http://operations.connect.na.local/support/Reliability/CRCToronto/PlantAssetDocs/Palletizer_Bundle_Wrapping.pdf,,Palletizer_Bundle_Wrapping.pdf
S8734,Palletizer Adjustable Height Conveyor,http://operations.connect.na.local/support/Reliability/CRCToronto/PlantAssetDocs/Palletizer_Bundle_Wrapping.pdf,,Palletizer_Bundle_Wrapping.pdf
S8736,Palletizer Shuttle Conveyor,http://operations.connect.na.local/support/Reliability/CRCToronto/PlantAssetDocs/Palletizer_Bundle_Wrapping.pdf,,Palletizer_Bundle_Wrapping.pdf
S8741,Palletizer Shuttle Nose Conveyor,http://operations.connect.na.local/support/Reliability/CRCToronto/PlantAssetDocs/Palletizer_Bundle_Wrapping.pdf,,Palletizer_Bundle_Wrapping.pdf
S8756,Palletizer Pallet Dispenser,http://operations.connect.na.local/support/Reliability/CRCToronto/PlantAssetDocs/Palletizer_Bundle_Wrapping.pdf,,Palletizer_Bundle_Wrapping.pdf
S8760,Palletizer Empty Pallet Conveyor,http://operations.connect.na.local/support/Reliability/CRCToronto/PlantAssetDocs/Palletizer_Bundle_Wrapping.pdf,,Palletizer_Bundle_Wrapping.pdf
S8774,Palletizer Pallet Loading Conveyor,http://operations.connect.na.local/support/Reliability/CRCToronto/PlantAssetDocs/Palletizer_Bundle_Wrapping.pdf,,Palletizer_Bundle_Wrapping.pdf
S8778,Palletizer Full Pallet Staging Conveyor,http://operations.connect.na.local/support/Reliability/CRCToronto/PlantAssetDocs/Palletizer_Bundle_Wrapping.pdf,,Palletizer_Bundle_Wrapping.pdf
S8781,Palletizer Full Pallet Scale Conveyor,http://operations.connect.na.local/support/Reliability/CRCToronto/PlantAssetDocs/Palletizer_Bundle_Wrapping.pdf,,Palletizer_Bundle_Wrapping.pdf
S8750,Palletizer Hydraulic System,http://operations.connect.na.local/support/Reliability/CRCToronto/PlantAssetDocs/Palletizer_Bundle_Wrapping.pdf,,Palletizer_Bundle_Wrapping.pdf
S8743,Palletizer Shuttle Mast Lift System,http://operations.connect.na.local/support/Reliability/CRCToronto/PlantAssetDocs/Palletizer_Bundle_Wrapping.pdf,,Palletizer_Bundle_Wrapping.pdf
S8594,Wrapper Feed Conveyor,http://operations.connect.na.local/support/Reliability/CRCToronto/PlantAssetDocs/Palletizer_Bundle_Wrapping.pdf,,Palletizer_Bundle_Wrapping.pdf
S8599,Wrapper Plastic Wrap Unwind Stand,http://operations.connect.na.local/support/Reliability/CRCToronto/PlantAssetDocs/Palletizer_Bundle_Wrapping.pdf,,Palletizer_Bundle_Wrapping.pdf
S8908,Palletizer Bundle Bypass Crossover Conveyor,http://operations.connect.na.local/support/Reliability/CRCToronto/PlantAssetDocs/Palletizer_Bundle_Wrapping.pdf,,Palletizer_Bundle_Wrapping.pdf
S8906,Palletizer Bundle Bypass Decline Conveyor,http://operations.connect.na.local/support/Reliability/CRCToronto/PlantAssetDocs/Palletizer_Bundle_Wrapping.pdf,,Palletizer_Bundle_Wrapping.pdf
S8626,Wrapper Flight Bar,http://operations.connect.na.local/support/Reliability/CRCToronto/PlantAssetDocs/Palletizer_Bundle_Wrapping.pdf,,Palletizer_Bundle_Wrapping.pdf
S8628,Wrapper Flight Bar Conveyor,http://operations.connect.na.local/support/Reliability/CRCToronto/PlantAssetDocs/Palletizer_Bundle_Wrapping.pdf,,Palletizer_Bundle_Wrapping.pdf
S8630,Wrapper Bundle Transfer Conveyor,http://operations.connect.na.local/support/Reliability/CRCToronto/PlantAssetDocs/Palletizer_Bundle_Wrapping.pdf,,Palletizer_Bundle_Wrapping.pdf
S8632,Wrapper Heat Shrink Tunnel System -Electric,http://operations.connect.na.local/support/Reliability/CRCToronto/PlantAssetDocs/Palletizer_Bundle_Wrapping.pdf,,Palletizer_Bundle_Wrapping.pdf
S8634,Wrapper Tunnel Conveyor (Chain),http://operations.connect.na.local/support/Reliability/CRCToronto/PlantAssetDocs/Palletizer_Bundle_Wrapping.pdf,,Palletizer_Bundle_Wrapping.pdf
S8622,Wrapper Static Bar,http://operations.connect.na.local/support/Reliability/CRCToronto/PlantAssetDocs/Palletizer_Bundle_Wrapping.pdf,,Palletizer_Bundle_Wrapping.pdf
S8620,Wrapper Deionized Air Blower,http://operations.connect.na.local/support/Reliability/CRCToronto/PlantAssetDocs/Palletizer_Bundle_Wrapping.pdf,,Palletizer_Bundle_Wrapping.pdf
S8596,Wrapper Acceleration Conveyor,http://operations.connect.na.local/support/Reliability/CRCToronto/PlantAssetDocs/Palletizer_Bundle_Wrapping.pdf,,Palletizer_Bundle_Wrapping.pdf
S8618,Wrapper Plastic Wrap Film Cutter,http://operations.connect.na.local/support/Reliability/CRCToronto/PlantAssetDocs/Palletizer_Bundle_Wrapping.pdf,,Palletizer_Bundle_Wrapping.pdf
S8616,Wrapper Plastic Wrap Feed System,http://operations.connect.na.local/support/Reliability/CRCToronto/PlantAssetDocs/Palletizer_Bundle_Wrapping.pdf,,Palletizer_Bundle_Wrapping.pdf
S8614,Wrapper Plastic Wrap Accumulator (Rack),http://operations.connect.na.local/support/Reliability/CRCToronto/PlantAssetDocs/Palletizer_Bundle_Wrapping.pdf,,Palletizer_Bundle_Wrapping.pdf
S8612,Wrapper Plastic Wrap Splicing Unit,http://operations.connect.na.local/support/Reliability/CRCToronto/PlantAssetDocs/Palletizer_Bundle_Wrapping.pdf,,Palletizer_Bundle_Wrapping.pdf
S8610,Wrapper Plastic Wrap Dispensing System,http://operations.connect.na.local/support/Reliability/CRCToronto/PlantAssetDocs/Palletizer_Bundle_Wrapping.pdf,,Palletizer_Bundle_Wrapping.pdf
S8608,Wrapper Printer 2,http://operations.connect.na.local/support/Reliability/CRCToronto/PlantAssetDocs/Palletizer_Bundle_Wrapping.pdf,,Palletizer_Bundle_Wrapping.pdf
S8607,Wrapper Printer 1,http://operations.connect.na.local/support/Reliability/CRCToronto/PlantAssetDocs/Palletizer_Bundle_Wrapping.pdf,,Palletizer_Bundle_Wrapping.pdf
S3356,FPL Platform and Catwalks,http://operations.connect.na.local/support/Reliability/CRCToronto/PlantAssetDocs/FPL.pdf,,FPL.pdf
S3360,FPL Entry pull rolls,http://operations.connect.na.local/support/Reliability/CRCToronto/PlantAssetDocs/FPL.pdf,,FPL.pdf
S3365,FPL Forming Roll,http://operations.connect.na.local/support/Reliability/CRCToronto/PlantAssetDocs/FPL.pdf,,FPL.pdf
S3400,FPL Exit Pull Rolls (1),http://operations.connect.na.local/support/Reliability/CRCToronto/PlantAssetDocs/FPL.pdf,,FPL.pdf
S3390,"Anti-Cockling Device (ACD, Festoon)",http://operations.connect.na.local/support/Reliability/CRCToronto/PlantAssetDocs/FPL.pdf,,FPL.pdf
S3375,FPL Chain / Drive,http://operations.connect.na.local/support/Reliability/CRCToronto/PlantAssetDocs/FPL.pdf,,FPL.pdf
S3380,FPL Sheet Puller,http://operations.connect.na.local/support/Reliability/CRCToronto/PlantAssetDocs/FPL.pdf,,FPL.pdf
C7002,Coating Tank 2 (Saturant Storage),http://operations.connect.na.local/support/Reliability/CRCToronto/PlantAssetDocs/Coating_Supply_System.pdf,,Coating_Supply_System.pdf
C7003,Coating Tank 4,http://operations.connect.na.local/support/Reliability/CRCToronto/PlantAssetDocs/Coating_Supply_System.pdf,,Coating_Supply_System.pdf
S0422,Coating Asphalt Preheater,http://operations.connect.na.local/support/Reliability/CRCToronto/PlantAssetDocs/Coating_Supply_System.pdf,,Coating_Supply_System.pdf
S0421,Coating Asphalt Delivery Pump (Preheater Circulation),http://operations.connect.na.local/support/Reliability/CRCToronto/PlantAssetDocs/Coating_Supply_System.pdf,,Coating_Supply_System.pdf
H0110,Portable Fire Extinguisher (PFE) Systems,http://operations.connect.na.local/support/Reliability/CRCToronto/PlantAssetDocs/Fire_Extinguisher_And_Eye_Wash_Systems.pdf,,Fire_Extinguisher_And_Eye_Wash_Systems.pdf
H0720,Emergency Eye Wash / Shower Station System (EEWSS),http://operations.connect.na.local/support/Reliability/CRCToronto/PlantAssetDocs/Fire_Extinguisher_And_Eye_Wash_Systems.pdf,,Fire_Extinguisher_And_Eye_Wash_Systems.pdf
H3310,Fire Hose Stations,http://operations.connect.na.local/support/Reliability/CRCToronto/PlantAssetDocs/Fire_Extinguisher_And_Eye_Wash_Systems.pdf,,Fire_Extinguisher_And_Eye_Wash_Systems.pdf
H4804,First Aid Equiment,http://operations.connect.na.local/support/Reliability/CRCToronto/PlantAssetDocs/Safety_Equipment.pdf,,Safety_Equipment.pdf
H4807,Spill Kits,http://operations.connect.na.local/support/Reliability/CRCToronto/PlantAssetDocs/Safety_Equipment.pdf,,Safety_Equipment.pdf
H4830,Quality Lab Fume Collection System,http://operations.connect.na.local/support/Reliability/CRCToronto/PlantAssetDocs/Safety_Equipment.pdf,,Safety_Equipment.pdf
S3041,Cooling Section Frame / Catwalk,http://operations.connect.na.local/support/Reliability/CRCToronto/PlantAssetDocs/Cooling_Section_Rolls.pdf,,Cooling_Section_Rolls.pdf
S3026,Press Section Entry Roll,http://operations.connect.na.local/support/Reliability/CRCToronto/PlantAssetDocs/Cooling_Section_Rolls.pdf,,Cooling_Section_Rolls.pdf
S3064,Cooling Section 2 Rolls,http://operations.connect.na.local/support/Reliability/CRCToronto/PlantAssetDocs/Cooling_Section_Rolls.pdf,,Cooling_Section_Rolls.pdf
S3068,Cooling Section 3 Rolls,http://operations.connect.na.local/support/Reliability/CRCToronto/PlantAssetDocs/Cooling_Section_Rolls.pdf,,Cooling_Section_Rolls.pdf
S3082,Cooling Section Exit Web Guide,http://operations.connect.na.local/support/Reliability/CRCToronto/PlantAssetDocs/Cooling_Section_Rolls.pdf,,Cooling_Section_Rolls.pdf
S2590,Turndown Roll,http://operations.connect.na.local/support/Reliability/CRCToronto/PlantAssetDocs/Cooling_Section_Rolls.pdf,,Cooling_Section_Rolls.pdf
S3024,Pre-Press / Cooling Section 1 Load Cell Roll,http://operations.connect.na.local/support/Reliability/CRCToronto/PlantAssetDocs/Cooling_Section_Rolls.pdf,,Cooling_Section_Rolls.pdf
S3005,Sheet Thickness Measurement System,http://operations.connect.na.local/support/Reliability/CRCToronto/PlantAssetDocs/Cooling_Section_Rolls.pdf,,Cooling_Section_Rolls.pdf
S3028,Press Rolls,http://operations.connect.na.local/support/Reliability/CRCToronto/PlantAssetDocs/Cooling_Section_Rolls.pdf,,Cooling_Section_Rolls.pdf
S3063,Cooling Section 2 Load Cell Roll,http://operations.connect.na.local/support/Reliability/CRCToronto/PlantAssetDocs/Cooling_Section_Rolls.pdf,,Cooling_Section_Rolls.pdf
S3066,Cooling Section 3 Load Cell Roll,http://operations.connect.na.local/support/Reliability/CRCToronto/PlantAssetDocs/Cooling_Section_Rolls.pdf,,Cooling_Section_Rolls.pdf
S3070,Cooling Section 4 Load Cell Roll,http://operations.connect.na.local/support/Reliability/CRCToronto/PlantAssetDocs/Cooling_Section_Rolls.pdf,,Cooling_Section_Rolls.pdf
S3072,Cooling Section 4 Rolls,http://operations.connect.na.local/support/Reliability/CRCToronto/PlantAssetDocs/Cooling_Section_Rolls.pdf,,Cooling_Section_Rolls.pdf
S3077,Cooling Section FPL Load Cell Roll,http://operations.connect.na.local/support/Reliability/CRCToronto/PlantAssetDocs/Cooling_Section_Rolls.pdf,,Cooling_Section_Rolls.pdf
S3083,Cooling Section Exit Rolls,http://operations.connect.na.local/support/Reliability/CRCToronto/PlantAssetDocs/Cooling_Section_Rolls.pdf,,Cooling_Section_Rolls.pdf
S3165,Cooling Section Air Knives ,http://operations.connect.na.local/support/Reliability/CRCToronto/PlantAssetDocs/Cooling_Section_Rolls.pdf,,Cooling_Section_Rolls.pdf
S3200,Cooling Section Spray Bars,http://operations.connect.na.local/support/Reliability/CRCToronto/PlantAssetDocs/Cooling_Section_Rolls.pdf,,Cooling_Section_Rolls.pdf
S2010,Dry Mat Unwind Stand,http://operations.connect.na.local/support/Reliability/CRCToronto/PlantAssetDocs/Dry_Mat_Unwinding.pdf,,Dry_Mat_Unwinding.pdf
S2045,Splice Table,http://operations.connect.na.local/support/Reliability/CRCToronto/PlantAssetDocs/Dry_Mat_Unwinding.pdf,,Dry_Mat_Unwinding.pdf
S2015,Dry Mat Roll Mandrel 1,http://operations.connect.na.local/support/Reliability/CRCToronto/PlantAssetDocs/Dry_Mat_Unwinding.pdf,,Dry_Mat_Unwinding.pdf
S2016,Dry Mat Roll Mandrel 2,http://operations.connect.na.local/support/Reliability/CRCToronto/PlantAssetDocs/Dry_Mat_Unwinding.pdf,,Dry_Mat_Unwinding.pdf
S2020,Dry Mat Mandrel Table 1 (Adjustable),http://operations.connect.na.local/support/Reliability/CRCToronto/PlantAssetDocs/Dry_Mat_Unwinding.pdf,,Dry_Mat_Unwinding.pdf
S2048,Splice Table Manual Glue System,http://operations.connect.na.local/support/Reliability/CRCToronto/PlantAssetDocs/Dry_Mat_Unwinding.pdf,,Dry_Mat_Unwinding.pdf
S2103,DMA Web Guide,http://operations.connect.na.local/support/Reliability/CRCToronto/PlantAssetDocs/Dry_Mat_Unwinding.pdf,,Dry_Mat_Unwinding.pdf
S2082,DMA Frame System (Bottom Rolls),http://operations.connect.na.local/support/Reliability/CRCToronto/PlantAssetDocs/Dry_Mat_Unwinding.pdf,,Dry_Mat_Unwinding.pdf
S2144,Coater Web Guide,http://operations.connect.na.local/support/Reliability/CRCToronto/PlantAssetDocs/Dry_Mat_Unwinding.pdf,,Dry_Mat_Unwinding.pdf
S2090,DMA Entry Pull Rolls,http://operations.connect.na.local/support/Reliability/CRCToronto/PlantAssetDocs/Dry_Mat_Unwinding.pdf,,Dry_Mat_Unwinding.pdf
S2092,DMA Load Cell Roll,http://operations.connect.na.local/support/Reliability/CRCToronto/PlantAssetDocs/Dry_Mat_Unwinding.pdf,,Dry_Mat_Unwinding.pdf
S2100,DMA Carriage,http://operations.connect.na.local/support/Reliability/CRCToronto/PlantAssetDocs/Dry_Mat_Unwinding.pdf,,Dry_Mat_Unwinding.pdf
S2131,DMA Exit Rolls,http://operations.connect.na.local/support/Reliability/CRCToronto/PlantAssetDocs/Dry_Mat_Unwinding.pdf,,Dry_Mat_Unwinding.pdf
S2132,DMA Exit Roll Load Cell,http://operations.connect.na.local/support/Reliability/CRCToronto/PlantAssetDocs/Dry_Mat_Unwinding.pdf,,Dry_Mat_Unwinding.pdf
S2143,DMA Pull Rolls,http://operations.connect.na.local/support/Reliability/CRCToronto/PlantAssetDocs/Dry_Mat_Unwinding.pdf,,Dry_Mat_Unwinding.pdf
S2140,Coater Web Guide Load Cell Roll,http://operations.connect.na.local/support/Reliability/CRCToronto/PlantAssetDocs/Dry_Mat_Unwinding.pdf,,Dry_Mat_Unwinding.pdf
S2104,DMA Counter Weight System,http://operations.connect.na.local/support/Reliability/CRCToronto/PlantAssetDocs/Dry_Mat_Unwinding.pdf,,Dry_Mat_Unwinding.pdf
S2102,DMA Carriage Drive System,http://operations.connect.na.local/support/Reliability/CRCToronto/PlantAssetDocs/Dry_Mat_Unwinding.pdf,,Dry_Mat_Unwinding.pdf
S2083,DMA Stairs / Catwalks,http://operations.connect.na.local/support/Reliability/CRCToronto/PlantAssetDocs/Dry_Mat_Unwinding.pdf,,Dry_Mat_Unwinding.pdf
S2084,DMA Machine Guarding,http://operations.connect.na.local/support/Reliability/CRCToronto/PlantAssetDocs/Dry_Mat_Unwinding.pdf,,Dry_Mat_Unwinding.pdf
S4070,3-Tab Cutter Anvil Roll,http://operations.connect.na.local/support/Reliability/CRCToronto/PlantAssetDocs/3_Tab_Cutting.pdf,,3_Tab_Cutting.pdf
S4060,3-Tab Cutter Measuring Rolls,http://operations.connect.na.local/support/Reliability/CRCToronto/PlantAssetDocs/3_Tab_Cutting.pdf,,3_Tab_Cutting.pdf
S4062,3-Tab Cutter Carriage,http://operations.connect.na.local/support/Reliability/CRCToronto/PlantAssetDocs/3_Tab_Cutting.pdf,,3_Tab_Cutting.pdf
S4057,3-Tab Cutter Entry Guide Roll,http://operations.connect.na.local/support/Reliability/CRCToronto/PlantAssetDocs/3_Tab_Cutting.pdf,,3_Tab_Cutting.pdf
S4075,3-Tab Cutter Inspection Belt,http://operations.connect.na.local/support/Reliability/CRCToronto/PlantAssetDocs/3_Tab_Cutting.pdf,,3_Tab_Cutting.pdf
S4066,3-Tab Cutting Cylinder,http://operations.connect.na.local/support/Reliability/CRCToronto/PlantAssetDocs/3_Tab_Cutting.pdf,,3_Tab_Cutting.pdf
S4063,3-Tab Cutter Carriage Hydraulic Lift System,http://operations.connect.na.local/support/Reliability/CRCToronto/PlantAssetDocs/3_Tab_Cutting.pdf,,3_Tab_Cutting.pdf
S4052,3-Tab Cutter Frame,http://operations.connect.na.local/support/Reliability/CRCToronto/PlantAssetDocs/3_Tab_Cutting.pdf,,3_Tab_Cutting.pdf
S4054,3-Tab Cutter Catwalks / Stairs,http://operations.connect.na.local/support/Reliability/CRCToronto/PlantAssetDocs/3_Tab_Cutting.pdf,,3_Tab_Cutting.pdf
S6303,3-Tab Scrap Diverter,http://operations.connect.na.local/support/Reliability/CRCToronto/PlantAssetDocs/3_Tab_Cutting.pdf,,3_Tab_Cutting.pdf
S6302,3-Tab Friction Wheels,http://operations.connect.na.local/support/Reliability/CRCToronto/PlantAssetDocs/3_Tab_Cutting.pdf,,3_Tab_Cutting.pdf
S6350,3-Tab Takeaway Belts Lane 4,http://operations.connect.na.local/support/Reliability/CRCToronto/PlantAssetDocs/3_Tab_Cutting.pdf,,3_Tab_Cutting.pdf
S6348,3-Tab Takeaway Belts Lane 2,http://operations.connect.na.local/support/Reliability/CRCToronto/PlantAssetDocs/3_Tab_Cutting.pdf,,3_Tab_Cutting.pdf
S6347,3-Tab Takeaway Belts Lane 1,http://operations.connect.na.local/support/Reliability/CRCToronto/PlantAssetDocs/3_Tab_Cutting.pdf,,3_Tab_Cutting.pdf
S6349,3-Tab Takeaway Belts Lane 3,http://operations.connect.na.local/support/Reliability/CRCToronto/PlantAssetDocs/3_Tab_Cutting.pdf,,3_Tab_Cutting.pdf
S6301,3-Tab Delivery Belt Catwalks / Frame/ Stairs,http://operations.connect.na.local/support/Reliability/CRCToronto/PlantAssetDocs/3_Tab_Cutting.pdf,,3_Tab_Cutting.pdf
S7450,3-Tab Catcher / Stacker System Lane 1/3,http://operations.connect.na.local/support/Reliability/CRCToronto/PlantAssetDocs/3_Tab_Cutting.pdf,,3_Tab_Cutting.pdf
S7455,3-Tab Catcher / Stacker System Lane 2/4,http://operations.connect.na.local/support/Reliability/CRCToronto/PlantAssetDocs/3_Tab_Cutting.pdf,,3_Tab_Cutting.pdf
S7781,3-Tab Drop Table System Lane 1/3,http://operations.connect.na.local/support/Reliability/CRCToronto/PlantAssetDocs/3_Tab_Cutting.pdf,,3_Tab_Cutting.pdf
S7782,3-Tab Drop Table System Lane 2/4 ,http://operations.connect.na.local/support/Reliability/CRCToronto/PlantAssetDocs/3_Tab_Cutting.pdf,,3_Tab_Cutting.pdf
C1059,3-Tab Cutter Overhead Crane,http://operations.connect.na.local/support/Reliability/CRCToronto/PlantAssetDocs/3_Tab_Cutting.pdf,,3_Tab_Cutting.pdf
S4072,3-Tab Cutter Water Spray System,http://operations.connect.na.local/support/Reliability/CRCToronto/PlantAssetDocs/3_Tab_Cutting.pdf,,3_Tab_Cutting.pdf
C7213,Ladders,http://operations.connect.na.local/support/Reliability/CRCToronto/PlantAssetDocs/Stand_Alone_Equipment.pdf,,Stand_Alone_Equipment.pdf
C7212,Emergency Back-Up Generator (Big),http://operations.connect.na.local/support/Reliability/CRCToronto/PlantAssetDocs/Stand_Alone_Equipment.pdf,,Stand_Alone_Equipment.pdf
C7280,Emergency Back-Up Generator (Small),http://operations.connect.na.local/support/Reliability/CRCToronto/PlantAssetDocs/Stand_Alone_Equipment.pdf,,Stand_Alone_Equipment.pdf
S0332,Backsurfacing Delivery Screw Conveyor 4,http://operations.connect.na.local/support/Reliability/CRCToronto/PlantAssetDocs/Backsurfacing_Delivery_System.pdf,,Backsurfacing_Delivery_System.pdf
S0350,Backsurfacing Delivery Screw Conveyor 6,http://operations.connect.na.local/support/Reliability/CRCToronto/PlantAssetDocs/Backsurfacing_Delivery_System.pdf,,Backsurfacing_Delivery_System.pdf
S2800,Backsurfacing Reclaim Elevator,http://operations.connect.na.local/support/Reliability/CRCToronto/PlantAssetDocs/Backsurfacing_Delivery_System.pdf,,Backsurfacing_Delivery_System.pdf
S0334,Backsurfacing Delivery Screw Conveyor 5,http://operations.connect.na.local/support/Reliability/CRCToronto/PlantAssetDocs/Backsurfacing_Delivery_System.pdf,,Backsurfacing_Delivery_System.pdf
S0340,Backsurfacing Use Bin (Receiving),http://operations.connect.na.local/support/Reliability/CRCToronto/PlantAssetDocs/Backsurfacing_Delivery_System.pdf,,Backsurfacing_Delivery_System.pdf
S0351,Backsurfacing Delivery Screw Conveyor 7 (Feed),http://operations.connect.na.local/support/Reliability/CRCToronto/PlantAssetDocs/Backsurfacing_Delivery_System.pdf,,Backsurfacing_Delivery_System.pdf
S2792,Backsurfacing Reclaim Screw Conveyor 2 (Dust),http://operations.connect.na.local/support/Reliability/CRCToronto/PlantAssetDocs/Backsurfacing_Delivery_System.pdf,,Backsurfacing_Delivery_System.pdf
S2791,Backsurfacing Reclaim Screw Conveyor 1,http://operations.connect.na.local/support/Reliability/CRCToronto/PlantAssetDocs/Backsurfacing_Delivery_System.pdf,,Backsurfacing_Delivery_System.pdf
S0330,Backsurfacing Supply Elevator,http://operations.connect.na.local/support/Reliability/CRCToronto/PlantAssetDocs/Backsurfacing_Delivery_System.pdf,,Backsurfacing_Delivery_System.pdf
S0323,Backsurfacing Delivery Screw Conveyor 1,http://operations.connect.na.local/support/Reliability/CRCToronto/PlantAssetDocs/Backsurfacing_Delivery_System.pdf,,Backsurfacing_Delivery_System.pdf
S0324,Backsurfacing Delivery Screw Conveyor 2,http://operations.connect.na.local/support/Reliability/CRCToronto/PlantAssetDocs/Backsurfacing_Delivery_System.pdf,,Backsurfacing_Delivery_System.pdf
S0319,Backsurfacing Silo,http://operations.connect.na.local/support/Reliability/CRCToronto/PlantAssetDocs/Backsurfacing_Delivery_System.pdf,,Backsurfacing_Delivery_System.pdf
S0322,Backsurfacing Delivery Screw Conveyor,http://operations.connect.na.local/support/Reliability/CRCToronto/PlantAssetDocs/Backsurfacing_Delivery_System.pdf,,Backsurfacing_Delivery_System.pdf
S0325,Backsurfacing Delivery Screw Conveyor 3,http://operations.connect.na.local/support/Reliability/CRCToronto/PlantAssetDocs/Backsurfacing_Delivery_System.pdf,,Backsurfacing_Delivery_System.pdf
C8254,3 Tab Chip Conveyor,http://operations.connect.na.local/support/Reliability/CRCToronto/PlantAssetDocs/Scrap_Conveyors.pdf,,Scrap_Conveyors.pdf
C8255,3 Tab Chip Conveyor (Incline),http://operations.connect.na.local/support/Reliability/CRCToronto/PlantAssetDocs/Scrap_Conveyors.pdf,,Scrap_Conveyors.pdf
C8256,Scrap Shingle Conveyor (CTL),http://operations.connect.na.local/support/Reliability/CRCToronto/PlantAssetDocs/Scrap_Conveyors.pdf,,Scrap_Conveyors.pdf
C8257,"Scrap Shingle Conveyor (CTL, Incline)",http://operations.connect.na.local/support/Reliability/CRCToronto/PlantAssetDocs/Scrap_Conveyors.pdf,,Scrap_Conveyors.pdf
C8258,Scrap Shingle Conveyor (3-Tab),http://operations.connect.na.local/support/Reliability/CRCToronto/PlantAssetDocs/Scrap_Conveyors.pdf,,Scrap_Conveyors.pdf
S0100,Filler Silo 1 (Beechville),http://operations.connect.na.local/support/Reliability/CRCToronto/PlantAssetDocs/Truck_Unloading.pdf,,Truck_Unloading.pdf
S0319,Backsurfacing Silo,http://operations.connect.na.local/support/Reliability/CRCToronto/PlantAssetDocs/Truck_Unloading.pdf,,Truck_Unloading.pdf
C7689,Filler Truck Unloading Blower 1,http://operations.connect.na.local/support/Reliability/CRCToronto/PlantAssetDocs/Truck_Unloading.pdf,,Truck_Unloading.pdf
S0105,Filler Silo 2 (Madoc),http://operations.connect.na.local/support/Reliability/CRCToronto/PlantAssetDocs/Truck_Unloading.pdf,,Truck_Unloading.pdf
H1428,Filler Silo Dust Collector (Madoc),http://operations.connect.na.local/support/Reliability/CRCToronto/PlantAssetDocs/Truck_Unloading.pdf,,Truck_Unloading.pdf
H1511,Backsurfacing Silo Dust Collector,http://operations.connect.na.local/support/Reliability/CRCToronto/PlantAssetDocs/Truck_Unloading.pdf,,Truck_Unloading.pdf
H1411,Filler Silo Dust Collector (Beechville),http://operations.connect.na.local/support/Reliability/CRCToronto/PlantAssetDocs/Truck_Unloading.pdf,,Truck_Unloading.pdf
C7693,Filler Truck Unloading Blower 2 (under Tank),http://operations.connect.na.local/support/Reliability/CRCToronto/PlantAssetDocs/Truck_Unloading.pdf,,Truck_Unloading.pdf
S2271,Coater Top Caliper Roll,http://operations.connect.na.local/support/Reliability/CRCToronto/PlantAssetDocs/Coating_Application.pdf,,Coating_Application.pdf
S2276,Coater Bottom Caliper Roll,http://operations.connect.na.local/support/Reliability/CRCToronto/PlantAssetDocs/Coating_Application.pdf,,Coating_Application.pdf
S2300,Coater Back Coating Metering Roll,http://operations.connect.na.local/support/Reliability/CRCToronto/PlantAssetDocs/Coating_Application.pdf,,Coating_Application.pdf
S2292,Coater Back Coating Roll,http://operations.connect.na.local/support/Reliability/CRCToronto/PlantAssetDocs/Coating_Application.pdf,,Coating_Application.pdf
S2232,Coater Feed Roll,http://operations.connect.na.local/support/Reliability/CRCToronto/PlantAssetDocs/Coating_Application.pdf,,Coating_Application.pdf
S2244,Coater Puddle Bar,http://operations.connect.na.local/support/Reliability/CRCToronto/PlantAssetDocs/Coating_Application.pdf,,Coating_Application.pdf
S2256,Coater Pan Overflow Box,http://operations.connect.na.local/support/Reliability/CRCToronto/PlantAssetDocs/Coating_Application.pdf,,Coating_Application.pdf
S2252,Coater Frame and Pan,http://operations.connect.na.local/support/Reliability/CRCToronto/PlantAssetDocs/Coating_Application.pdf,,Coating_Application.pdf
S2298,Coater Back Coating Roll Scraper ,http://operations.connect.na.local/support/Reliability/CRCToronto/PlantAssetDocs/Coating_Application.pdf,,Coating_Application.pdf
S2320,Coater Back Coating Scraper,http://operations.connect.na.local/support/Reliability/CRCToronto/PlantAssetDocs/Coating_Application.pdf,,Coating_Application.pdf
S2342,Coater Return Vertical Screw Conveyor,http://operations.connect.na.local/support/Reliability/CRCToronto/PlantAssetDocs/Coating_Application.pdf,,Coating_Application.pdf
S2277,Coater Bottom Caliper Roll Scraper,http://operations.connect.na.local/support/Reliability/CRCToronto/PlantAssetDocs/Coating_Application.pdf,,Coating_Application.pdf
S2272,Coater Top Caliper Roll Scraper,http://operations.connect.na.local/support/Reliability/CRCToronto/PlantAssetDocs/Coating_Application.pdf,,Coating_Application.pdf
C7006,Coating Tank 8 (Saturant Asphalt Storage),http://operations.connect.na.local/support/Reliability/CRCToronto/PlantAssetDocs/Asphalt_Non_Asphalt_Storage.pdf,,Asphalt_Non_Asphalt_Storage.pdf
C7005,Coating Tank 7 (Asphalt Storage),http://operations.connect.na.local/support/Reliability/CRCToronto/PlantAssetDocs/Asphalt_Non_Asphalt_Storage.pdf,,Asphalt_Non_Asphalt_Storage.pdf
C6640,Flux Tank (Raw Asphalt),http://operations.connect.na.local/support/Reliability/CRCToronto/PlantAssetDocs/Asphalt_Non_Asphalt_Storage.pdf,,Asphalt_Non_Asphalt_Storage.pdf
C7002,Coating Tank 2 (Saturant Storage),http://operations.connect.na.local/support/Reliability/CRCToronto/PlantAssetDocs/Asphalt_Non_Asphalt_Storage.pdf,,Asphalt_Non_Asphalt_Storage.pdf
C7004,Coating Tank 5,http://operations.connect.na.local/support/Reliability/CRCToronto/PlantAssetDocs/Asphalt_Non_Asphalt_Storage.pdf,,Asphalt_Non_Asphalt_Storage.pdf
C7003,Coating Tank 4,http://operations.connect.na.local/support/Reliability/CRCToronto/PlantAssetDocs/Asphalt_Non_Asphalt_Storage.pdf,,Asphalt_Non_Asphalt_Storage.pdf
C6709,Mineral Oil Tank Pump,http://operations.connect.na.local/support/Reliability/CRCToronto/PlantAssetDocs/Asphalt_Non_Asphalt_Storage.pdf,,Asphalt_Non_Asphalt_Storage.pdf
C6704,Mineral Oil Tank 2,http://operations.connect.na.local/support/Reliability/CRCToronto/PlantAssetDocs/Asphalt_Non_Asphalt_Storage.pdf,,Asphalt_Non_Asphalt_Storage.pdf
C6703,Mineral Oil Tank 1,http://operations.connect.na.local/support/Reliability/CRCToronto/PlantAssetDocs/Asphalt_Non_Asphalt_Storage.pdf,,Asphalt_Non_Asphalt_Storage.pdf
C6705,Emergency Generator Diesel Tank,http://operations.connect.na.local/support/Reliability/CRCToronto/PlantAssetDocs/Asphalt_Non_Asphalt_Storage.pdf,,Asphalt_Non_Asphalt_Storage.pdf
C6401,Fuel Oil Tank,http://operations.connect.na.local/support/Reliability/CRCToronto/PlantAssetDocs/Asphalt_Non_Asphalt_Storage.pdf,,Asphalt_Non_Asphalt_Storage.pdf
C6421,Fuel/Oil Pump,http://operations.connect.na.local/support/Reliability/CRCToronto/PlantAssetDocs/Asphalt_Non_Asphalt_Storage.pdf,,Asphalt_Non_Asphalt_Storage.pdf
C6505,Asphalt Truck Unloading Pump 1 (North),http://operations.connect.na.local/support/Reliability/CRCToronto/PlantAssetDocs/Asphalt_Unloading.pdf,,Asphalt_Unloading.pdf
C6506,Asphalt Truck Unloading Pump 2 (South),http://operations.connect.na.local/support/Reliability/CRCToronto/PlantAssetDocs/Asphalt_Unloading.pdf,,Asphalt_Unloading.pdf
C6509,Asphalt Truck Unloading Piping System,http://operations.connect.na.local/support/Reliability/CRCToronto/PlantAssetDocs/Asphalt_Unloading.pdf,,Asphalt_Unloading.pdf
C6522,Asphalt Rail Unloading Pump,http://operations.connect.na.local/support/Reliability/CRCToronto/PlantAssetDocs/Asphalt_Unloading.pdf,,Asphalt_Unloading.pdf
C6530,Asphalt Rail Unloading Piping System,http://operations.connect.na.local/support/Reliability/CRCToronto/PlantAssetDocs/Asphalt_Unloading.pdf,,Asphalt_Unloading.pdf
S3112,Cooling Air Plenum Fan 1,http://operations.connect.na.local/support/Reliability/CRCToronto/PlantAssetDocs/Cooling_System.pdf,,Cooling_System.pdf
S3113,Cooling Air Plenum Fan 2,http://operations.connect.na.local/support/Reliability/CRCToronto/PlantAssetDocs/Cooling_System.pdf,,Cooling_System.pdf
S3114,Cooling Air Plenum Fan 3,http://operations.connect.na.local/support/Reliability/CRCToronto/PlantAssetDocs/Cooling_System.pdf,,Cooling_System.pdf
S3116,Cooling Air Plenum Fan 5,http://operations.connect.na.local/support/Reliability/CRCToronto/PlantAssetDocs/Cooling_System.pdf,,Cooling_System.pdf
S3115,Cooling Air Plenum Fan 4,http://operations.connect.na.local/support/Reliability/CRCToronto/PlantAssetDocs/Cooling_System.pdf,,Cooling_System.pdf
S3131,Cooling Section Exhaust Fan 1,http://operations.connect.na.local/support/Reliability/CRCToronto/PlantAssetDocs/Cooling_System.pdf,,Cooling_System.pdf
S3132,Cooling Section Exhaust Fan 2,http://operations.connect.na.local/support/Reliability/CRCToronto/PlantAssetDocs/Cooling_System.pdf,,Cooling_System.pdf
S3133,Cooling Section Exhaust Fan 3,http://operations.connect.na.local/support/Reliability/CRCToronto/PlantAssetDocs/Cooling_System.pdf,,Cooling_System.pdf
S3134,Cooling Section Exhaust Fan 4,http://operations.connect.na.local/support/Reliability/CRCToronto/PlantAssetDocs/Cooling_System.pdf,,Cooling_System.pdf
C1668,Cooling Water Supply Tank (Cold),http://operations.connect.na.local/support/Reliability/CRCToronto/PlantAssetDocs/Cooling_System.pdf,,Cooling_System.pdf
C1673,Cooling Water Transfer Pump,http://operations.connect.na.local/support/Reliability/CRCToronto/PlantAssetDocs/Cooling_System.pdf,,Cooling_System.pdf
C1687,Cooling Water Return Tank (Hot),http://operations.connect.na.local/support/Reliability/CRCToronto/PlantAssetDocs/Cooling_System.pdf,,Cooling_System.pdf
C1720,CS Spray Water Tank,http://operations.connect.na.local/support/Reliability/CRCToronto/PlantAssetDocs/Cooling_System.pdf,,Cooling_System.pdf
C1888,CS Cooling Tower,http://operations.connect.na.local/support/Reliability/CRCToronto/PlantAssetDocs/Cooling_System.pdf,,Cooling_System.pdf
C1891,CS Cooling Tower Pump,http://operations.connect.na.local/support/Reliability/CRCToronto/PlantAssetDocs/Cooling_System.pdf,,Cooling_System.pdf
C0424,MPLB Concrete Slab / Pits / Sumps,http://operations.connect.na.local/support/Reliability/CRCToronto/PlantAssetDocs/Cooling_System.pdf,,Cooling_System.pdf
C1730,CS Spray Water Tank Pump,http://operations.connect.na.local/support/Reliability/CRCToronto/PlantAssetDocs/Cooling_System.pdf,,Cooling_System.pdf
C1820,CS Dredger Pump,http://operations.connect.na.local/support/Reliability/CRCToronto/PlantAssetDocs/Cooling_System.pdf,,Cooling_System.pdf
C1799,CS Dredger (Sludge Conveyor),http://operations.connect.na.local/support/Reliability/CRCToronto/PlantAssetDocs/Cooling_System.pdf,,Cooling_System.pdf
C1986,3-Tab Cutter Sump Pump,http://operations.connect.na.local/support/Reliability/CRCToronto/PlantAssetDocs/Cooling_System.pdf,,Cooling_System.pdf
S4752,Laminator Adhesive Applicator System,http://operations.connect.na.local/support/Reliability/CRCToronto/PlantAssetDocs/Sealant_Laminate_Mixing_System.pdf,,Sealant_Laminate_Mixing_System.pdf
C8114,Laminate Applicator Pump (P4),http://operations.connect.na.local/support/Reliability/CRCToronto/PlantAssetDocs/Sealant_Laminate_Mixing_System.pdf,,Sealant_Laminate_Mixing_System.pdf
C8154,Sealant Applicator Pump (P5),http://operations.connect.na.local/support/Reliability/CRCToronto/PlantAssetDocs/Sealant_Laminate_Mixing_System.pdf,,Sealant_Laminate_Mixing_System.pdf
C8112,Laminate Day/Use Tank (Adhesive),http://operations.connect.na.local/support/Reliability/CRCToronto/PlantAssetDocs/Sealant_Laminate_Mixing_System.pdf,,Sealant_Laminate_Mixing_System.pdf
C8062,Secondary Mixer Transfer Pump (P3),http://operations.connect.na.local/support/Reliability/CRCToronto/PlantAssetDocs/Sealant_Laminate_Mixing_System.pdf,,Sealant_Laminate_Mixing_System.pdf
C8058,Secondary Mixer Tank Agitator,http://operations.connect.na.local/support/Reliability/CRCToronto/PlantAssetDocs/Sealant_Laminate_Mixing_System.pdf,,Sealant_Laminate_Mixing_System.pdf
C8054,Secondary Mixer Tank,http://operations.connect.na.local/support/Reliability/CRCToronto/PlantAssetDocs/Sealant_Laminate_Mixing_System.pdf,,Sealant_Laminate_Mixing_System.pdf
C8043,Primary Mixer Transfer Pump (P2),http://operations.connect.na.local/support/Reliability/CRCToronto/PlantAssetDocs/Sealant_Laminate_Mixing_System.pdf,,Sealant_Laminate_Mixing_System.pdf
C8001,Sealant/Laminate SBS Feed Screw (Rubber),http://operations.connect.na.local/support/Reliability/CRCToronto/PlantAssetDocs/Sealant_Laminate_Mixing_System.pdf,,Sealant_Laminate_Mixing_System.pdf
C8005,Sealant/Laminate Filler Feed Screw (Lime),http://operations.connect.na.local/support/Reliability/CRCToronto/PlantAssetDocs/Sealant_Laminate_Mixing_System.pdf,,Sealant_Laminate_Mixing_System.pdf
C8068,Sealant/Laminate Transfer Pump (P1),http://operations.connect.na.local/support/Reliability/CRCToronto/PlantAssetDocs/Sealant_Laminate_Mixing_System.pdf,,Sealant_Laminate_Mixing_System.pdf
C8040,Primary Mixer Tank,http://operations.connect.na.local/support/Reliability/CRCToronto/PlantAssetDocs/Sealant_Laminate_Mixing_System.pdf,,Sealant_Laminate_Mixing_System.pdf
C8044,Primary Mixer Tank Agitator,http://operations.connect.na.local/support/Reliability/CRCToronto/PlantAssetDocs/Sealant_Laminate_Mixing_System.pdf,,Sealant_Laminate_Mixing_System.pdf
C7002,Coating Tank 2 (Saturant Storage),http://operations.connect.na.local/support/Reliability/CRCToronto/PlantAssetDocs/Sealant_Laminate_Mixing_System.pdf,,Sealant_Laminate_Mixing_System.pdf
C8006,Sealant/Laminate SBS Hopper System,http://operations.connect.na.local/support/Reliability/CRCToronto/PlantAssetDocs/Sealant_Laminate_Mixing_System.pdf,,Sealant_Laminate_Mixing_System.pdf
E0100,Electrical Room,http://operations.connect.na.local/support/Reliability/CRCToronto/PlantAssetDocs/Electrical_Systems.pdf,,Electrical_Systems.pdf
E0011,Electrical Transformer HV,http://operations.connect.na.local/support/Reliability/CRCToronto/PlantAssetDocs/Electrical_Systems.pdf,,Electrical_Systems.pdf
E0295,Control Panel (Laminator Drive Cabinet),http://operations.connect.na.local/support/Reliability/CRCToronto/PlantAssetDocs/Electrical_Systems.pdf,,Electrical_Systems.pdf
E9351,Electrical Generator (Big),http://operations.connect.na.local/support/Reliability/CRCToronto/PlantAssetDocs/Electrical_Systems.pdf,,Electrical_Systems.pdf
E9352,Electrical Generator (Small),http://operations.connect.na.local/support/Reliability/CRCToronto/PlantAssetDocs/Electrical_Systems.pdf,,Electrical_Systems.pdf
S2414,Blender Oscillator,http://operations.connect.na.local/support/Reliability/CRCToronto/PlantAssetDocs/Granule_Application.pdf,,Granule_Application.pdf
S2420,Blender 1,http://operations.connect.na.local/support/Reliability/CRCToronto/PlantAssetDocs/Granule_Application.pdf,,Granule_Application.pdf
S2422,Blender 3,http://operations.connect.na.local/support/Reliability/CRCToronto/PlantAssetDocs/Granule_Application.pdf,,Granule_Application.pdf
S2421,Blender 2,http://operations.connect.na.local/support/Reliability/CRCToronto/PlantAssetDocs/Granule_Application.pdf,,Granule_Application.pdf
S2423,Blender 4,http://operations.connect.na.local/support/Reliability/CRCToronto/PlantAssetDocs/Granule_Application.pdf,,Granule_Application.pdf
S2470,Primary Spill Hopper,http://operations.connect.na.local/support/Reliability/CRCToronto/PlantAssetDocs/Granule_Application.pdf,,Granule_Application.pdf
S2404,AR Granule Drop System / Sand Applicator,http://operations.connect.na.local/support/Reliability/CRCToronto/PlantAssetDocs/Granule_Application.pdf,,Granule_Application.pdf
S2520,Slate Drum,http://operations.connect.na.local/support/Reliability/CRCToronto/PlantAssetDocs/Granule_Application.pdf,,Granule_Application.pdf
S2550,Backsurfacing Drum (Talc),http://operations.connect.na.local/support/Reliability/CRCToronto/PlantAssetDocs/Granule_Application.pdf,,Granule_Application.pdf
S2530,Backsurfacing Applicator,http://operations.connect.na.local/support/Reliability/CRCToronto/PlantAssetDocs/Granule_Application.pdf,,Granule_Application.pdf
S2761,Blend Spill Reclaim Conveyor 1,http://operations.connect.na.local/support/Reliability/CRCToronto/PlantAssetDocs/Granule_Application.pdf,,Granule_Application.pdf
S2911,Release Tape Rack A Laminate,http://operations.connect.na.local/support/Reliability/CRCToronto/PlantAssetDocs/Granule_Application.pdf,,Granule_Application.pdf
S2912,Release Tape Rack B 3-Tab,http://operations.connect.na.local/support/Reliability/CRCToronto/PlantAssetDocs/Granule_Application.pdf,,Granule_Application.pdf
S2913,Release Tape Rack,http://operations.connect.na.local/support/Reliability/CRCToronto/PlantAssetDocs/Granule_Application.pdf,,Granule_Application.pdf
C1502,Sprinkler Security System,http://operations.connect.na.local/support/Reliability/CRCToronto/PlantAssetDocs/Alarm_Telecommunications_Network.pdf,,Alarm_Telecommunications_Network.pdf
C1503,Security System,http://operations.connect.na.local/support/Reliability/CRCToronto/PlantAssetDocs/Alarm_Telecommunications_Network.pdf,,Alarm_Telecommunications_Network.pdf
C6205,Oxidizer Oxidation Tank 2,http://operations.connect.na.local/support/Reliability/CRCToronto/PlantAssetDocs/Asphalt_Oxidation_System.pdf,,Asphalt_Oxidation_System.pdf
C6105,Oxidizer Oxidation Tank 1,http://operations.connect.na.local/support/Reliability/CRCToronto/PlantAssetDocs/Asphalt_Oxidation_System.pdf,,Asphalt_Oxidation_System.pdf
C6130,Knock Out Tank Circulation Pump,http://operations.connect.na.local/support/Reliability/CRCToronto/PlantAssetDocs/Asphalt_Oxidation_System.pdf,,Asphalt_Oxidation_System.pdf
C6115,Knock Out Tank,http://operations.connect.na.local/support/Reliability/CRCToronto/PlantAssetDocs/Asphalt_Oxidation_System.pdf,,Asphalt_Oxidation_System.pdf
C6111,Oxidizer Blower 1,http://operations.connect.na.local/support/Reliability/CRCToronto/PlantAssetDocs/Asphalt_Oxidation_System.pdf,,Asphalt_Oxidation_System.pdf
C6211,Oxidizer Blower 2,http://operations.connect.na.local/support/Reliability/CRCToronto/PlantAssetDocs/Asphalt_Oxidation_System.pdf,,Asphalt_Oxidation_System.pdf
C6301,Ferrous Chloride Storage Tank,http://operations.connect.na.local/support/Reliability/CRCToronto/PlantAssetDocs/Asphalt_Oxidation_System.pdf,,Asphalt_Oxidation_System.pdf
C6302,Ferrous Chloride Transfer Pump,http://operations.connect.na.local/support/Reliability/CRCToronto/PlantAssetDocs/Asphalt_Oxidation_System.pdf,,Asphalt_Oxidation_System.pdf
C6370,Oxidizer Transfer Pump,http://operations.connect.na.local/support/Reliability/CRCToronto/PlantAssetDocs/Asphalt_Oxidation_System.pdf,,Asphalt_Oxidation_System.pdf
C3002,CAGS Air Compressor 1 (75 HP Main),http://operations.connect.na.local/support/Reliability/CRCToronto/PlantAssetDocs/Compressor_Room.pdf,,Compressor_Room.pdf
C3082,CAGS Exit Filter,http://operations.connect.na.local/support/Reliability/CRCToronto/PlantAssetDocs/Compressor_Room.pdf,,Compressor_Room.pdf
C3003,CAGS Air Compressor 2 (100 HP),http://operations.connect.na.local/support/Reliability/CRCToronto/PlantAssetDocs/Compressor_Room.pdf,,Compressor_Room.pdf
C3004,CAGS Air Compressor 3 (Hot Oil),http://operations.connect.na.local/support/Reliability/CRCToronto/PlantAssetDocs/Compressor_Room.pdf,,Compressor_Room.pdf
C3005,CAGS Air Compressor 4 (Stretch Hood Wrapper),http://operations.connect.na.local/support/Reliability/CRCToronto/PlantAssetDocs/Compressor_Room.pdf,,Compressor_Room.pdf
C3042,CAGS Pre-Drier Filter,http://operations.connect.na.local/support/Reliability/CRCToronto/PlantAssetDocs/Compressor_Room.pdf,,Compressor_Room.pdf
C3055,CAGS Compressed Air Drier,http://operations.connect.na.local/support/Reliability/CRCToronto/PlantAssetDocs/Compressor_Room.pdf,,Compressor_Room.pdf
C3200,Mechanical Maintenance Shop Equipment,http://operations.connect.na.local/support/Reliability/CRCToronto/PlantAssetDocs/Compressor_Room.pdf,,Compressor_Room.pdf
S0100,Filler Silo 1 (Beechville),http://operations.connect.na.local/support/Reliability/CRCToronto/PlantAssetDocs/Filler_Delivery.pdf,,Filler_Delivery.pdf
S0319,Backsurfacing Silo,http://operations.connect.na.local/support/Reliability/CRCToronto/PlantAssetDocs/Filler_Delivery.pdf,,Filler_Delivery.pdf
S0118,Filler Delivery Screw Conveyor 1 (Beechville),http://operations.connect.na.local/support/Reliability/CRCToronto/PlantAssetDocs/Filler_Delivery.pdf,,Filler_Delivery.pdf
S0128,Filler Delivery Screw Conveyor 3 (Beechville),http://operations.connect.na.local/support/Reliability/CRCToronto/PlantAssetDocs/Filler_Delivery.pdf,,Filler_Delivery.pdf
S0130,Filler Delivery Screw Conveyor 5 (Madoc),http://operations.connect.na.local/support/Reliability/CRCToronto/PlantAssetDocs/Filler_Delivery.pdf,,Filler_Delivery.pdf
S0105,Filler Silo 2 (Madoc),http://operations.connect.na.local/support/Reliability/CRCToronto/PlantAssetDocs/Filler_Delivery.pdf,,Filler_Delivery.pdf
S0272,Filler Weigh Bin,http://operations.connect.na.local/support/Reliability/CRCToronto/PlantAssetDocs/Filler_Delivery.pdf,,Filler_Delivery.pdf
S0282,Hot Filler Screw (Supply),http://operations.connect.na.local/support/Reliability/CRCToronto/PlantAssetDocs/Filler_Delivery.pdf,,Filler_Delivery.pdf
S0265,Filler Heater Discharge Bin (Exit),http://operations.connect.na.local/support/Reliability/CRCToronto/PlantAssetDocs/Filler_Delivery.pdf,,Filler_Delivery.pdf
S0261,Filler Heater,http://operations.connect.na.local/support/Reliability/CRCToronto/PlantAssetDocs/Filler_Delivery.pdf,,Filler_Delivery.pdf
H1311,Filler Heater Dust Collector (10K),http://operations.connect.na.local/support/Reliability/CRCToronto/PlantAssetDocs/Filler_Delivery.pdf,,Filler_Delivery.pdf
S0464,Coating Metering Pump,http://operations.connect.na.local/support/Reliability/CRCToronto/PlantAssetDocs/Filler_Delivery.pdf,,Filler_Delivery.pdf
S0462,Coating Supply Pump,http://operations.connect.na.local/support/Reliability/CRCToronto/PlantAssetDocs/Filler_Delivery.pdf,,Filler_Delivery.pdf
S0465,Filler Mixer,http://operations.connect.na.local/support/Reliability/CRCToronto/PlantAssetDocs/Filler_Delivery.pdf,,Filler_Delivery.pdf
S0468,Top Coating Surge Tank,http://operations.connect.na.local/support/Reliability/CRCToronto/PlantAssetDocs/Filler_Delivery.pdf,,Filler_Delivery.pdf
S0470,Top Coating Surge Tank Agitator,http://operations.connect.na.local/support/Reliability/CRCToronto/PlantAssetDocs/Filler_Delivery.pdf,,Filler_Delivery.pdf
S0482,Top Coating Supply Pump (Filled),http://operations.connect.na.local/support/Reliability/CRCToronto/PlantAssetDocs/Filler_Delivery.pdf,,Filler_Delivery.pdf
S0129,Filler Delivery Screw Conveyor 4 (Madoc),http://operations.connect.na.local/support/Reliability/CRCToronto/PlantAssetDocs/Filler_Delivery.pdf,,Filler_Delivery.pdf
S0122,Filler Delivery Screw Conveyor 2 (Beechville),http://operations.connect.na.local/support/Reliability/CRCToronto/PlantAssetDocs/Filler_Delivery.pdf,,Filler_Delivery.pdf
S0132,Filler Elevator,http://operations.connect.na.local/support/Reliability/CRCToronto/PlantAssetDocs/Filler_Delivery.pdf,,Filler_Delivery.pdf
S0270,Filler Heater Discharge Bin Dump Valve,http://operations.connect.na.local/support/Reliability/CRCToronto/PlantAssetDocs/Filler_Delivery.pdf,,Filler_Delivery.pdf
S0268,Filler Heater Blower and Piping System,http://operations.connect.na.local/support/Reliability/CRCToronto/PlantAssetDocs/Filler_Delivery.pdf,,Filler_Delivery.pdf
S0270,Filler Heater Discharge Bin Dump Valve,http://operations.connect.na.local/support/Reliability/CRCToronto/PlantAssetDocs/Filler_Delivery.pdf,,Filler_Delivery.pdf
S4501,Paint Applicator System,http://operations.connect.na.local/support/Reliability/CRCToronto/PlantAssetDocs/Manufacturing_End.pdf,,Manufacturing_End.pdf
C7458,Colour Granule Silo 8B,http://operations.connect.na.local/support/Reliability/CRCToronto/PlantAssetDocs/Granule_Storage.pdf,,Granule_Storage.pdf
C7454,Colour Granule Silo 6B,http://operations.connect.na.local/support/Reliability/CRCToronto/PlantAssetDocs/Granule_Storage.pdf,,Granule_Storage.pdf
C7456,Colour Granule Silo 7B,http://operations.connect.na.local/support/Reliability/CRCToronto/PlantAssetDocs/Granule_Storage.pdf,,Granule_Storage.pdf
C7452,Colour Granule Silo 5B,http://operations.connect.na.local/support/Reliability/CRCToronto/PlantAssetDocs/Granule_Storage.pdf,,Granule_Storage.pdf
C7448,Colour Granule Silo 3B,http://operations.connect.na.local/support/Reliability/CRCToronto/PlantAssetDocs/Granule_Storage.pdf,,Granule_Storage.pdf
C7446,Colour Granule Silo 2B,http://operations.connect.na.local/support/Reliability/CRCToronto/PlantAssetDocs/Granule_Storage.pdf,,Granule_Storage.pdf
C7444,Colour Granule Silo 1B,http://operations.connect.na.local/support/Reliability/CRCToronto/PlantAssetDocs/Granule_Storage.pdf,,Granule_Storage.pdf
C7450,Colour Granule Silo 4B,http://operations.connect.na.local/support/Reliability/CRCToronto/PlantAssetDocs/Granule_Storage.pdf,,Granule_Storage.pdf
C7461,Colour Granule Silo 10A,http://operations.connect.na.local/support/Reliability/CRCToronto/PlantAssetDocs/Granule_Storage.pdf,,Granule_Storage.pdf
C7459,Colour Granule Silo 9A,http://operations.connect.na.local/support/Reliability/CRCToronto/PlantAssetDocs/Granule_Storage.pdf,,Granule_Storage.pdf
C7457,Colour Granule Silo 8A,http://operations.connect.na.local/support/Reliability/CRCToronto/PlantAssetDocs/Granule_Storage.pdf,,Granule_Storage.pdf
C7453,Colour Granule Silo 6A,http://operations.connect.na.local/support/Reliability/CRCToronto/PlantAssetDocs/Granule_Storage.pdf,,Granule_Storage.pdf
C7449,Colour Granule Silo 4A,http://operations.connect.na.local/support/Reliability/CRCToronto/PlantAssetDocs/Granule_Storage.pdf,,Granule_Storage.pdf
C7445,Colour Granule Silo 2A,http://operations.connect.na.local/support/Reliability/CRCToronto/PlantAssetDocs/Granule_Storage.pdf,,Granule_Storage.pdf
C7443,Colour Granule Silo 1A,http://operations.connect.na.local/support/Reliability/CRCToronto/PlantAssetDocs/Granule_Storage.pdf,,Granule_Storage.pdf
C7447,Colour Granule Silo 3A,http://operations.connect.na.local/support/Reliability/CRCToronto/PlantAssetDocs/Granule_Storage.pdf,,Granule_Storage.pdf
C7451,Colour Granule Silo 5A,http://operations.connect.na.local/support/Reliability/CRCToronto/PlantAssetDocs/Granule_Storage.pdf,,Granule_Storage.pdf
C7455,Colour Granule Silo 7A,http://operations.connect.na.local/support/Reliability/CRCToronto/PlantAssetDocs/Granule_Storage.pdf,,Granule_Storage.pdf
S4752,Laminator Adhesive Applicator System,http://operations.connect.na.local/support/Reliability/CRCToronto/PlantAssetDocs/Sealant_Laminate_Mixing_System2.pdf,,Sealant_Laminate_Mixing_System2.pdf
S3515,3-Tab Sealant Applicator,http://operations.connect.na.local/support/Reliability/CRCToronto/PlantAssetDocs/Sealant_Laminate_Mixing_System2.pdf,,Sealant_Laminate_Mixing_System2.pdf
C8154,Sealant Applicator Pump (P5),http://operations.connect.na.local/support/Reliability/CRCToronto/PlantAssetDocs/Sealant_Laminate_Mixing_System2.pdf,,Sealant_Laminate_Mixing_System2.pdf
C8152,Sealant Day / Use Tank,http://operations.connect.na.local/support/Reliability/CRCToronto/PlantAssetDocs/Sealant_Laminate_Mixing_System2.pdf,,Sealant_Laminate_Mixing_System2.pdf
C8153,Sealant Day / Use Tank Agitator,http://operations.connect.na.local/support/Reliability/CRCToronto/PlantAssetDocs/Sealant_Laminate_Mixing_System2.pdf,,Sealant_Laminate_Mixing_System2.pdf
C8084,Sealant/Laminate Storage Tank Pump System (P10),http://operations.connect.na.local/support/Reliability/CRCToronto/PlantAssetDocs/Sealant_Laminate_Mixing_System2.pdf,,Sealant_Laminate_Mixing_System2.pdf
C8080,Sealant/Laminate Storage Tank (Melhi),http://operations.connect.na.local/support/Reliability/CRCToronto/PlantAssetDocs/Sealant_Laminate_Mixing_System2.pdf,,Sealant_Laminate_Mixing_System2.pdf
C8082,Sealant/Laminate Storage Tank Agitator Assembly,http://operations.connect.na.local/support/Reliability/CRCToronto/PlantAssetDocs/Sealant_Laminate_Mixing_System2.pdf,,Sealant_Laminate_Mixing_System2.pdf
S7794,3-Tab Bundle Chain Transfer Conveyor Lane 1/3  (Indexing),http://operations.connect.na.local/support/Reliability/CRCToronto/PlantAssetDocs/3_Tab_Delivery.pdf,,3_Tab_Delivery.pdf
S7798,3-Tab Bundle Chain Transfer Conveyor Lane 2/4 (Indexing),http://operations.connect.na.local/support/Reliability/CRCToronto/PlantAssetDocs/3_Tab_Delivery.pdf,,3_Tab_Delivery.pdf
S7800,3-Tab Bundle Timing Kick-Off Conveyor Lane 2/4,http://operations.connect.na.local/support/Reliability/CRCToronto/PlantAssetDocs/3_Tab_Delivery.pdf,,3_Tab_Delivery.pdf
S7796,3-Tab Bundle Timing Kick-Off Conveyor Lane 1/3,http://operations.connect.na.local/support/Reliability/CRCToronto/PlantAssetDocs/3_Tab_Delivery.pdf,,3_Tab_Delivery.pdf
S8308,Hi-Lug Belt Conveyor,http://operations.connect.na.local/support/Reliability/CRCToronto/PlantAssetDocs/3_Tab_Delivery.pdf,,3_Tab_Delivery.pdf
S8304,Hi-Lug Conveyor,http://operations.connect.na.local/support/Reliability/CRCToronto/PlantAssetDocs/3_Tab_Delivery.pdf,,3_Tab_Delivery.pdf
S8332,Corner Low Lug Conveyor,http://operations.connect.na.local/support/Reliability/CRCToronto/PlantAssetDocs/3_Tab_Delivery.pdf,,3_Tab_Delivery.pdf
S8336,Wrapper Staging Conveyor,http://operations.connect.na.local/support/Reliability/CRCToronto/PlantAssetDocs/3_Tab_Delivery.pdf,,3_Tab_Delivery.pdf
C0419,MPLB Roof,http://operations.connect.na.local/support/Reliability/CRCToronto/PlantAssetDocs/Building.pdf,,Building.pdf
C0420,MPLB Electrical / Lighting,http://operations.connect.na.local/support/Reliability/CRCToronto/PlantAssetDocs/Building.pdf,,Building.pdf
C0421,MPLB HVAC / Heating,http://operations.connect.na.local/support/Reliability/CRCToronto/PlantAssetDocs/Building.pdf,,Building.pdf
C0422,MPLB Stairs / Catwalks,http://operations.connect.na.local/support/Reliability/CRCToronto/PlantAssetDocs/Building.pdf,,Building.pdf
C0423,MPLB Doors / Overhead Doors / Locks,http://operations.connect.na.local/support/Reliability/CRCToronto/PlantAssetDocs/Building.pdf,,Building.pdf
C0424,MPLB Concrete Slab / Pits / Sumps,http://operations.connect.na.local/support/Reliability/CRCToronto/PlantAssetDocs/Building.pdf,,Building.pdf
C0431,MPLB Offices,http://operations.connect.na.local/support/Reliability/CRCToronto/PlantAssetDocs/Building.pdf,,Building.pdf
C0433,MPLB Pluming / Sewage,http://operations.connect.na.local/support/Reliability/CRCToronto/PlantAssetDocs/Building.pdf,,Building.pdf
C0641,Finished Product Warehouse Racking,http://operations.connect.na.local/support/Reliability/CRCToronto/PlantAssetDocs/Building.pdf,,Building.pdf
C0854,Make Up Air (MUA) Unit,http://operations.connect.na.local/support/Reliability/CRCToronto/PlantAssetDocs/Building.pdf,,Building.pdf
C2035,HOS Booster Pump,http://operations.connect.na.local/support/Reliability/CRCToronto/PlantAssetDocs/Hot_Oil_System.pdf,,Hot_Oil_System.pdf
C2500,Steam System Condensate Tank,http://operations.connect.na.local/support/Reliability/CRCToronto/PlantAssetDocs/Hot_Oil_System.pdf,,Hot_Oil_System.pdf
C2511,Steam System Condensate Tank Water Pump 2,http://operations.connect.na.local/support/Reliability/CRCToronto/PlantAssetDocs/Hot_Oil_System.pdf,,Hot_Oil_System.pdf
C2510,Steam System Condensate Tank Water Pump 1,http://operations.connect.na.local/support/Reliability/CRCToronto/PlantAssetDocs/Hot_Oil_System.pdf,,Hot_Oil_System.pdf
C2015,HOS Makeup Pump,http://operations.connect.na.local/support/Reliability/CRCToronto/PlantAssetDocs/Hot_Oil_System.pdf,,Hot_Oil_System.pdf
C2010,HOS Reservoir Tank,http://operations.connect.na.local/support/Reliability/CRCToronto/PlantAssetDocs/Hot_Oil_System.pdf,,Hot_Oil_System.pdf
C6421,Fuel/Oil Pump,http://operations.connect.na.local/support/Reliability/CRCToronto/PlantAssetDocs/Hot_Oil_System.pdf,,Hot_Oil_System.pdf
C2030,HOS Circulation Pump 1,http://operations.connect.na.local/support/Reliability/CRCToronto/PlantAssetDocs/Hot_Oil_System.pdf,,Hot_Oil_System.pdf
C2430,Steam Generator/Boiler (Volcano),http://operations.connect.na.local/support/Reliability/CRCToronto/PlantAssetDocs/Hot_Oil_System.pdf,,Hot_Oil_System.pdf
C2003,HOS Heater 1,http://operations.connect.na.local/support/Reliability/CRCToronto/PlantAssetDocs/Hot_Oil_System.pdf,,Hot_Oil_System.pdf
C2440,Steam System Blow Down Tank,http://operations.connect.na.local/support/Reliability/CRCToronto/PlantAssetDocs/Hot_Oil_System.pdf,,Hot_Oil_System.pdf
C2031,HOS Circulation Pump 2 (Standby),http://operations.connect.na.local/support/Reliability/CRCToronto/PlantAssetDocs/Hot_Oil_System.pdf,,Hot_Oil_System.pdf
C2032,HOS Circulation Pump 3,http://operations.connect.na.local/support/Reliability/CRCToronto/PlantAssetDocs/Hot_Oil_System.pdf,,Hot_Oil_System.pdf
C2005,HOS Heater 2,http://operations.connect.na.local/support/Reliability/CRCToronto/PlantAssetDocs/Hot_Oil_System.pdf,,Hot_Oil_System.pdf
C6401,Fuel Oil Tank,http://operations.connect.na.local/support/Reliability/CRCToronto/PlantAssetDocs/Hot_Oil_System.pdf,,Hot_Oil_System.pdf
C2020,HOS Expansion Tank,http://operations.connect.na.local/support/Reliability/CRCToronto/PlantAssetDocs/Hot_Oil_System.pdf,,Hot_Oil_System.pdf
C2433,Steam Generator Feed Water Pump 1,http://operations.connect.na.local/support/Reliability/CRCToronto/PlantAssetDocs/Hot_Oil_System.pdf,,Hot_Oil_System.pdf
C2402,Steam System Water Softener System,http://operations.connect.na.local/support/Reliability/CRCToronto/PlantAssetDocs/Hot_Oil_System.pdf,,Hot_Oil_System.pdf
C2421,Steam Generator/Boiler (Miura),http://operations.connect.na.local/support/Reliability/CRCToronto/PlantAssetDocs/Hot_Oil_System.pdf,,Hot_Oil_System.pdf
C2438,Steam Generator Feed Water Pump 2,http://operations.connect.na.local/support/Reliability/CRCToronto/PlantAssetDocs/Hot_Oil_System.pdf,,Hot_Oil_System.pdf
S6522,CTL Cutting Cylinder,http://operations.connect.na.local/support/Reliability/CRCToronto/PlantAssetDocs/CTL_Laminate_Delivery.pdf,,CTL_Laminate_Delivery.pdf
S6520,CTL Anvil Roll,http://operations.connect.na.local/support/Reliability/CRCToronto/PlantAssetDocs/CTL_Laminate_Delivery.pdf,,CTL_Laminate_Delivery.pdf
S6512,CTL Entry Roll,http://operations.connect.na.local/support/Reliability/CRCToronto/PlantAssetDocs/CTL_Laminate_Delivery.pdf,,CTL_Laminate_Delivery.pdf
S6514,CTL Measuring Rolls Lane 1,http://operations.connect.na.local/support/Reliability/CRCToronto/PlantAssetDocs/CTL_Laminate_Delivery.pdf,,CTL_Laminate_Delivery.pdf
S6516,CTL Measuring Rolls Lane 2,http://operations.connect.na.local/support/Reliability/CRCToronto/PlantAssetDocs/CTL_Laminate_Delivery.pdf,,CTL_Laminate_Delivery.pdf
S6524,CTL Inspection Belts,http://operations.connect.na.local/support/Reliability/CRCToronto/PlantAssetDocs/CTL_Laminate_Delivery.pdf,,CTL_Laminate_Delivery.pdf
S6526,CTL Lane 1 Scrap Diverter,http://operations.connect.na.local/support/Reliability/CRCToronto/PlantAssetDocs/CTL_Laminate_Delivery.pdf,,CTL_Laminate_Delivery.pdf
S6546,CTL Lane 2 Scrap Diverter,http://operations.connect.na.local/support/Reliability/CRCToronto/PlantAssetDocs/CTL_Laminate_Delivery.pdf,,CTL_Laminate_Delivery.pdf
S6568,Laminate Friction Wheel System,http://operations.connect.na.local/support/Reliability/CRCToronto/PlantAssetDocs/CTL_Laminate_Delivery.pdf,,CTL_Laminate_Delivery.pdf
S6560,Laminate Entry Flat Belt System Lane 1 (Short Overhead),http://operations.connect.na.local/support/Reliability/CRCToronto/PlantAssetDocs/CTL_Laminate_Delivery.pdf,,CTL_Laminate_Delivery.pdf
S6561,Laminate Entry Flat Belt System Lane 2 (Short Overhead),http://operations.connect.na.local/support/Reliability/CRCToronto/PlantAssetDocs/CTL_Laminate_Delivery.pdf,,CTL_Laminate_Delivery.pdf
S6575,Laminate Diverter Lane 1,http://operations.connect.na.local/support/Reliability/CRCToronto/PlantAssetDocs/CTL_Laminate_Delivery.pdf,,CTL_Laminate_Delivery.pdf
S6576,Laminate Diverter Lane 2,http://operations.connect.na.local/support/Reliability/CRCToronto/PlantAssetDocs/CTL_Laminate_Delivery.pdf,,CTL_Laminate_Delivery.pdf
S6582,Laminate Twist Belt System (Lane 1),http://operations.connect.na.local/support/Reliability/CRCToronto/PlantAssetDocs/CTL_Laminate_Delivery.pdf,,CTL_Laminate_Delivery.pdf
S6583,Laminate Twist Belt System (Lane 2),http://operations.connect.na.local/support/Reliability/CRCToronto/PlantAssetDocs/CTL_Laminate_Delivery.pdf,,CTL_Laminate_Delivery.pdf
S6590,Laminate Exit Flat Belt System Lane 1 (Long Overhead),http://operations.connect.na.local/support/Reliability/CRCToronto/PlantAssetDocs/CTL_Laminate_Delivery.pdf,,CTL_Laminate_Delivery.pdf
S6591,Laminate Exit Flat Belt System Lane 2 (Long Overhead),http://operations.connect.na.local/support/Reliability/CRCToronto/PlantAssetDocs/CTL_Laminate_Delivery.pdf,,CTL_Laminate_Delivery.pdf
S8010,Laminate Catcher Entry Bridges,http://operations.connect.na.local/support/Reliability/CRCToronto/PlantAssetDocs/CTL_Laminate_Delivery.pdf,,CTL_Laminate_Delivery.pdf
S8021,Laminate Catcher / Stacker Lane 1,http://operations.connect.na.local/support/Reliability/CRCToronto/PlantAssetDocs/CTL_Laminate_Delivery.pdf,,CTL_Laminate_Delivery.pdf
S8022,Laminate Catcher / Stacker Lane 2,http://operations.connect.na.local/support/Reliability/CRCToronto/PlantAssetDocs/CTL_Laminate_Delivery.pdf,,CTL_Laminate_Delivery.pdf
S8052,Laminate Drop Table,http://operations.connect.na.local/support/Reliability/CRCToronto/PlantAssetDocs/CTL_Laminate_Delivery.pdf,,CTL_Laminate_Delivery.pdf
S8062,Laminate Staging Conveyor,http://operations.connect.na.local/support/Reliability/CRCToronto/PlantAssetDocs/CTL_Laminate_Delivery.pdf,,CTL_Laminate_Delivery.pdf
S8072,Laminate Near Timing Conveyor,http://operations.connect.na.local/support/Reliability/CRCToronto/PlantAssetDocs/CTL_Laminate_Delivery.pdf,,CTL_Laminate_Delivery.pdf
S6543,CTL Water Spray System,http://operations.connect.na.local/support/Reliability/CRCToronto/PlantAssetDocs/CTL_Laminate_Delivery.pdf,,CTL_Laminate_Delivery.pdf
S6505,CTL Catwalks / Plateforms / Stair System,http://operations.connect.na.local/support/Reliability/CRCToronto/PlantAssetDocs/CTL_Laminate_Delivery.pdf,,CTL_Laminate_Delivery.pdf
S6510,CTL Frame System,http://operations.connect.na.local/support/Reliability/CRCToronto/PlantAssetDocs/CTL_Laminate_Delivery.pdf,,CTL_Laminate_Delivery.pdf
S4620,Pattern Cutter Entry Guide Roll,http://operations.connect.na.local/support/Reliability/CRCToronto/PlantAssetDocs/Laminator.pdf,,Laminator.pdf
S4662,Pattern Cutter Cutting Cylinder,http://operations.connect.na.local/support/Reliability/CRCToronto/PlantAssetDocs/Laminator.pdf,,Laminator.pdf
S4621,Pattern Cutter Metering Rolls (Measuring Belts),http://operations.connect.na.local/support/Reliability/CRCToronto/PlantAssetDocs/Laminator.pdf,,Laminator.pdf
S4630,Pattern Cutter Carriage,http://operations.connect.na.local/support/Reliability/CRCToronto/PlantAssetDocs/Laminator.pdf,,Laminator.pdf
S4635,Pattern Cutter Carriage Hydraulic Lift System,http://operations.connect.na.local/support/Reliability/CRCToronto/PlantAssetDocs/Laminator.pdf,,Laminator.pdf
S4665,Pattern Cutter Anvil Roll,http://operations.connect.na.local/support/Reliability/CRCToronto/PlantAssetDocs/Laminator.pdf,,Laminator.pdf
S4712,Laminator Load Cell Dragon Tooth Lane 1,http://operations.connect.na.local/support/Reliability/CRCToronto/PlantAssetDocs/Laminator.pdf,,Laminator.pdf
S4716,Laminator Load Cell Dragon Tooth Lane 2,http://operations.connect.na.local/support/Reliability/CRCToronto/PlantAssetDocs/Laminator.pdf,,Laminator.pdf
S4737,Laminator Load Cell Shim Lane 1,http://operations.connect.na.local/support/Reliability/CRCToronto/PlantAssetDocs/Laminator.pdf,,Laminator.pdf
S4741,Laminator Load Cell Shim Lane 2,http://operations.connect.na.local/support/Reliability/CRCToronto/PlantAssetDocs/Laminator.pdf,,Laminator.pdf
S4743,Laminator Shim Lane 2 Conveying System,http://operations.connect.na.local/support/Reliability/CRCToronto/PlantAssetDocs/Laminator.pdf,,Laminator.pdf
S4739,Laminator Shim Lane 1 Conveying System,http://operations.connect.na.local/support/Reliability/CRCToronto/PlantAssetDocs/Laminator.pdf,,Laminator.pdf
S4760,Laminator Combining Section,http://operations.connect.na.local/support/Reliability/CRCToronto/PlantAssetDocs/Laminator.pdf,,Laminator.pdf
S4782,Laminator Sealant Applicator System,http://operations.connect.na.local/support/Reliability/CRCToronto/PlantAssetDocs/Laminator.pdf,,Laminator.pdf
S4790,Laminator Soap Applicator System,http://operations.connect.na.local/support/Reliability/CRCToronto/PlantAssetDocs/Laminator.pdf,,Laminator.pdf
S4714,Laminator Dragon Tooth Lane 1 Web Conveying System,http://operations.connect.na.local/support/Reliability/CRCToronto/PlantAssetDocs/Laminator.pdf,,Laminator.pdf
S4718,Laminator Dragon Tooth Lane 2 Web Conveying System,http://operations.connect.na.local/support/Reliability/CRCToronto/PlantAssetDocs/Laminator.pdf,,Laminator.pdf
S4670,Pattern Cutter Water Spray System,http://operations.connect.na.local/support/Reliability/CRCToronto/PlantAssetDocs/Laminator.pdf,,Laminator.pdf
S4730,Laminator Dragon Tooth Pull Roll Lane 2,http://operations.connect.na.local/support/Reliability/CRCToronto/PlantAssetDocs/Laminator.pdf,,Laminator.pdf
S4732,Laminator Dragon Tooth Pull Roll Lane 1,http://operations.connect.na.local/support/Reliability/CRCToronto/PlantAssetDocs/Laminator.pdf,,Laminator.pdf
S4752,Laminator Adhesive Applicator System,http://operations.connect.na.local/support/Reliability/CRCToronto/PlantAssetDocs/Laminator.pdf,,Laminator.pdf
S4800,Laminator Exit Pull Rolls,http://operations.connect.na.local/support/Reliability/CRCToronto/PlantAssetDocs/Laminator.pdf,,Laminator.pdf
S4701,Laminator Machine Frame / Catwalks and Stairs,http://operations.connect.na.local/support/Reliability/CRCToronto/PlantAssetDocs/Laminator.pdf,,Laminator.pdf
S3453,Common Free Loop 1,http://operations.connect.na.local/support/Reliability/CRCToronto/PlantAssetDocs/Laminator.pdf,,Laminator.pdf
S3467,Laminate Brush Roll,http://operations.connect.na.local/support/Reliability/CRCToronto/PlantAssetDocs/Laminator.pdf,,Laminator.pdf
S4667,Pattern Cutter Inspection Belts,http://operations.connect.na.local/support/Reliability/CRCToronto/PlantAssetDocs/Laminator.pdf,,Laminator.pdf
H1011,Main Line Dust Collector (Murphy Blender),http://operations.connect.na.local/support/Reliability/CRCToronto/PlantAssetDocs/Dust_Collection_System.pdf,,Dust_Collection_System.pdf
H1013,Main Line Dust Collector Bag System (Murphy Blender),http://operations.connect.na.local/support/Reliability/CRCToronto/PlantAssetDocs/Dust_Collection_System.pdf,,Dust_Collection_System.pdf
H1015,Main Line Dust Collector Fan (Murphy Blender),http://operations.connect.na.local/support/Reliability/CRCToronto/PlantAssetDocs/Dust_Collection_System.pdf,,Dust_Collection_System.pdf
H1041,Main Line Dust Collector (DMA),http://operations.connect.na.local/support/Reliability/CRCToronto/PlantAssetDocs/Dust_Collection_System.pdf,,Dust_Collection_System.pdf
H1043,Main Line Dust Collector Bag System (DMA),http://operations.connect.na.local/support/Reliability/CRCToronto/PlantAssetDocs/Dust_Collection_System.pdf,,Dust_Collection_System.pdf
H1045,Main Line Dust Collector Fan (DMA),http://operations.connect.na.local/support/Reliability/CRCToronto/PlantAssetDocs/Dust_Collection_System.pdf,,Dust_Collection_System.pdf
H1311,Filler Heater Dust Collector (10K),http://operations.connect.na.local/support/Reliability/CRCToronto/PlantAssetDocs/Dust_Collection_System.pdf,,Dust_Collection_System.pdf
H1313,Filler Heater Dust Collector Bag Cages / Bag System (10K),http://operations.connect.na.local/support/Reliability/CRCToronto/PlantAssetDocs/Dust_Collection_System.pdf,,Dust_Collection_System.pdf
H1315,Filler Heater Dust Collector Fan (10K),http://operations.connect.na.local/support/Reliability/CRCToronto/PlantAssetDocs/Dust_Collection_System.pdf,,Dust_Collection_System.pdf
H1411,Filler Silo Dust Collector (Beechville),http://operations.connect.na.local/support/Reliability/CRCToronto/PlantAssetDocs/Dust_Collection_System.pdf,,Dust_Collection_System.pdf
H1413,Filler Silo Dust Collector Bag Cages / Bag System (Beechville),http://operations.connect.na.local/support/Reliability/CRCToronto/PlantAssetDocs/Dust_Collection_System.pdf,,Dust_Collection_System.pdf
H1415,Filler Silo Dust Collector Fan (Beechville),http://operations.connect.na.local/support/Reliability/CRCToronto/PlantAssetDocs/Dust_Collection_System.pdf,,Dust_Collection_System.pdf
H1428,Filler Silo Dust Collector (Madoc),http://operations.connect.na.local/support/Reliability/CRCToronto/PlantAssetDocs/Dust_Collection_System.pdf,,Dust_Collection_System.pdf
H1430,Filler Silo Dust Collector Bag Cages / Bag System (Madoc),http://operations.connect.na.local/support/Reliability/CRCToronto/PlantAssetDocs/Dust_Collection_System.pdf,,Dust_Collection_System.pdf
H1432,Filler Silo Dust Collector Fan (Madoc),http://operations.connect.na.local/support/Reliability/CRCToronto/PlantAssetDocs/Dust_Collection_System.pdf,,Dust_Collection_System.pdf
H1511,Backsurfacing Silo Dust Collector,http://operations.connect.na.local/support/Reliability/CRCToronto/PlantAssetDocs/Dust_Collection_System.pdf,,Dust_Collection_System.pdf
H1513,Backsurfacing Silo Dust Collector Bag Cages / Bag System,http://operations.connect.na.local/support/Reliability/CRCToronto/PlantAssetDocs/Dust_Collection_System.pdf,,Dust_Collection_System.pdf
H1515,Backsurfacing Silo Dust Collector Fan,http://operations.connect.na.local/support/Reliability/CRCToronto/PlantAssetDocs/Dust_Collection_System.pdf,,Dust_Collection_System.pdf
C3502,Forklift 1 (39),http://operations.connect.na.local/support/Reliability/CRCToronto/PlantAssetDocs/Forklifts.pdf,,Forklifts.pdf
C3503,Forklift 2 (62),http://operations.connect.na.local/support/Reliability/CRCToronto/PlantAssetDocs/Forklifts.pdf,,Forklifts.pdf
C3504,Forklift 3 (72),http://operations.connect.na.local/support/Reliability/CRCToronto/PlantAssetDocs/Forklifts.pdf,,Forklifts.pdf
C3505,Forklift 4 (73),http://operations.connect.na.local/support/Reliability/CRCToronto/PlantAssetDocs/Forklifts.pdf,,Forklifts.pdf
C3506,Forklift 5 (18),http://operations.connect.na.local/support/Reliability/CRCToronto/PlantAssetDocs/Forklifts.pdf,,Forklifts.pdf
C3507,Forklift 6 (28),http://operations.connect.na.local/support/Reliability/CRCToronto/PlantAssetDocs/Forklifts.pdf,,Forklifts.pdf
C3508,Forklift 7 (14),http://operations.connect.na.local/support/Reliability/CRCToronto/PlantAssetDocs/Forklifts.pdf,,Forklifts.pdf
C3509,Forklift 8 (24),http://operations.connect.na.local/support/Reliability/CRCToronto/PlantAssetDocs/Forklifts.pdf,,Forklifts.pdf
C3510,Forklift 9 (24),http://operations.connect.na.local/support/Reliability/CRCToronto/PlantAssetDocs/Forklifts.pdf,,Forklifts.pdf
C3511,Forklift 10 (44),http://operations.connect.na.local/support/Reliability/CRCToronto/PlantAssetDocs/Forklifts.pdf,,Forklifts.pdf
C3512,Forklift 11 (1117),http://operations.connect.na.local/support/Reliability/CRCToronto/PlantAssetDocs/Forklifts.pdf,,Forklifts.pdf
C3513,Forklift 12 (174),http://operations.connect.na.local/support/Reliability/CRCToronto/PlantAssetDocs/Forklifts.pdf,,Forklifts.pdf
C3514,Forklift 13 (184),http://operations.connect.na.local/support/Reliability/CRCToronto/PlantAssetDocs/Forklifts.pdf,,Forklifts.pdf
C3515,Forklift 14 (192),http://operations.connect.na.local/support/Reliability/CRCToronto/PlantAssetDocs/Forklifts.pdf,,Forklifts.pdf
S3090,Cooling Air Plenum A1 System,http://operations.connect.na.local/support/Reliability/CRCToronto/PlantAssetDocs/Cooling_Air_Plenum_Systems.pdf,,Cooling_Air_Plenum_Systems.pdf
S3092,Cooling Air Plenum A3 System,http://operations.connect.na.local/support/Reliability/CRCToronto/PlantAssetDocs/Cooling_Air_Plenum_Systems.pdf,,Cooling_Air_Plenum_Systems.pdf
S3094,Cooling Air Plenum A5 System,http://operations.connect.na.local/support/Reliability/CRCToronto/PlantAssetDocs/Cooling_Air_Plenum_Systems.pdf,,Cooling_Air_Plenum_Systems.pdf
S3096,Cooling Air Plenum A7 System,http://operations.connect.na.local/support/Reliability/CRCToronto/PlantAssetDocs/Cooling_Air_Plenum_Systems.pdf,,Cooling_Air_Plenum_Systems.pdf
S3098,Cooling Air Plenum A9 System,http://operations.connect.na.local/support/Reliability/CRCToronto/PlantAssetDocs/Cooling_Air_Plenum_Systems.pdf,,Cooling_Air_Plenum_Systems.pdf
S3100,Cooling Air Plenum A11 System,http://operations.connect.na.local/support/Reliability/CRCToronto/PlantAssetDocs/Cooling_Air_Plenum_Systems.pdf,,Cooling_Air_Plenum_Systems.pdf
S3102,Cooling Air Plenum A13 System,http://operations.connect.na.local/support/Reliability/CRCToronto/PlantAssetDocs/Cooling_Air_Plenum_Systems.pdf,,Cooling_Air_Plenum_Systems.pdf
S3091,Cooling Air Plenum A2 System,http://operations.connect.na.local/support/Reliability/CRCToronto/PlantAssetDocs/Cooling_Air_Plenum_Systems.pdf,,Cooling_Air_Plenum_Systems.pdf
S3093,Cooling Air Plenum A4 System,http://operations.connect.na.local/support/Reliability/CRCToronto/PlantAssetDocs/Cooling_Air_Plenum_Systems.pdf,,Cooling_Air_Plenum_Systems.pdf
S3095,Cooling Air Plenum A6 System,http://operations.connect.na.local/support/Reliability/CRCToronto/PlantAssetDocs/Cooling_Air_Plenum_Systems.pdf,,Cooling_Air_Plenum_Systems.pdf
S3097,Cooling Air Plenum A8 System,http://operations.connect.na.local/support/Reliability/CRCToronto/PlantAssetDocs/Cooling_Air_Plenum_Systems.pdf,,Cooling_Air_Plenum_Systems.pdf
S3099,Cooling Air Plenum A10 System,http://operations.connect.na.local/support/Reliability/CRCToronto/PlantAssetDocs/Cooling_Air_Plenum_Systems.pdf,,Cooling_Air_Plenum_Systems.pdf
S3101,Cooling Air Plenum A12 System,http://operations.connect.na.local/support/Reliability/CRCToronto/PlantAssetDocs/Cooling_Air_Plenum_Systems.pdf,,Cooling_Air_Plenum_Systems.pdf
H2040,Fume Collection Unit (Monsanto),http://operations.connect.na.local/support/Reliability/CRCToronto/PlantAssetDocs/Fume_Collection_Oil_Seperation.pdf,,Fume_Collection_Oil_Seperation.pdf
H2041,Fume Collection Scrubber,http://operations.connect.na.local/support/Reliability/CRCToronto/PlantAssetDocs/Fume_Collection_Oil_Seperation.pdf,,Fume_Collection_Oil_Seperation.pdf
H2124,Damper Box,http://operations.connect.na.local/support/Reliability/CRCToronto/PlantAssetDocs/Fume_Collection_Oil_Seperation.pdf,,Fume_Collection_Oil_Seperation.pdf
H2130,Incinerator Fire Box,http://operations.connect.na.local/support/Reliability/CRCToronto/PlantAssetDocs/Fume_Collection_Oil_Seperation.pdf,,Fume_Collection_Oil_Seperation.pdf
H1963,Oil / Water Separator,http://operations.connect.na.local/support/Reliability/CRCToronto/PlantAssetDocs/Fume_Collection_Oil_Seperation.pdf,,Fume_Collection_Oil_Seperation.pdf
H1980,Oil / Water Skimmer,http://operations.connect.na.local/support/Reliability/CRCToronto/PlantAssetDocs/Fume_Collection_Oil_Seperation.pdf,,Fume_Collection_Oil_Seperation.pdf
C7528,Headlap/Fiesta Granule Silo (9B),http://operations.connect.na.local/support/Reliability/CRCToronto/PlantAssetDocs/Headlap_Fiesta_System.pdf,,Headlap_Fiesta_System.pdf
C7529,Headlap/Fiesta Granule Silo (10B),http://operations.connect.na.local/support/Reliability/CRCToronto/PlantAssetDocs/Headlap_Fiesta_System.pdf,,Headlap_Fiesta_System.pdf
C7530,Headlap/Fiesta Granule Silo (Scrap),http://operations.connect.na.local/support/Reliability/CRCToronto/PlantAssetDocs/Headlap_Fiesta_System.pdf,,Headlap_Fiesta_System.pdf
S0676,Headlap Conveyor (Supply Belt),http://operations.connect.na.local/support/Reliability/CRCToronto/PlantAssetDocs/Headlap_Fiesta_System.pdf,,Headlap_Fiesta_System.pdf
S0677,Headlap Conveyor (Supply Screw),http://operations.connect.na.local/support/Reliability/CRCToronto/PlantAssetDocs/Headlap_Fiesta_System.pdf,,Headlap_Fiesta_System.pdf
S0780,Granule Bin System,http://operations.connect.na.local/support/Reliability/CRCToronto/PlantAssetDocs/Headlap_Fiesta_System.pdf,,Headlap_Fiesta_System.pdf
S2703,Headlap / Fiesta Reclaim Screw Conveyor 1,http://operations.connect.na.local/support/Reliability/CRCToronto/PlantAssetDocs/Headlap_Fiesta_System.pdf,,Headlap_Fiesta_System.pdf
S2704,Headlap / Fiesta Reclaim Screw Conveyor 2,http://operations.connect.na.local/support/Reliability/CRCToronto/PlantAssetDocs/Headlap_Fiesta_System.pdf,,Headlap_Fiesta_System.pdf
S2705,Headlap / Fiesta Reclaim Screw Conveyor 3 (Recovery),http://operations.connect.na.local/support/Reliability/CRCToronto/PlantAssetDocs/Headlap_Fiesta_System.pdf,,Headlap_Fiesta_System.pdf
S2707,Headlap / Fiesta Reclaim Screw Conveyor 5 (Scrap),http://operations.connect.na.local/support/Reliability/CRCToronto/PlantAssetDocs/Headlap_Fiesta_System.pdf,,Headlap_Fiesta_System.pdf
S2706,Headlap / Fiesta Reclaim Screw Conveyor 4 (Scrap),http://operations.connect.na.local/support/Reliability/CRCToronto/PlantAssetDocs/Headlap_Fiesta_System.pdf,,Headlap_Fiesta_System.pdf
S2732,Headlap / Fiesta Reclaim Elevator,http://operations.connect.na.local/support/Reliability/CRCToronto/PlantAssetDocs/Headlap_Fiesta_System.pdf,,Headlap_Fiesta_System.pdf
S2728,Headlap / Fiesta Reclaim Incline Screw Conveyor (Underground),http://operations.connect.na.local/support/Reliability/CRCToronto/PlantAssetDocs/Headlap_Fiesta_System.pdf,,Headlap_Fiesta_System.pdf
