C0102,Employee Parking Lots (Car Park),http://operations.connect.na.local/support/Reliability/AppleyBridge/PlantAssetDocs/Land.pdf,,Land.pdf
C0103,Lawn,http://operations.connect.na.local/support/Reliability/AppleyBridge/PlantAssetDocs/Land.pdf,,Land.pdf
C0105,Truck Driveways / Routes,http://operations.connect.na.local/support/Reliability/AppleyBridge/PlantAssetDocs/Land.pdf,,Land.pdf
C0106,Pavement / Concrete Slabs / Concrete Barriers and Walls,http://operations.connect.na.local/support/Reliability/AppleyBridge/PlantAssetDocs/Land.pdf,,Land.pdf
C0124,Weigh Scale (Bridge),http://operations.connect.na.local/support/Reliability/AppleyBridge/PlantAssetDocs/Land.pdf,,Land.pdf
C0190,City Water Supply (Mains),http://operations.connect.na.local/support/Reliability/AppleyBridge/PlantAssetDocs/Land.pdf,,Land.pdf
C0419,MPLB Roof,http://operations.connect.na.local/support/Reliability/AppleyBridge/PlantAssetDocs/Main_Production_Line_Building.pdf,,Main_Production_Line_Building.pdf
C0420,MPLB Electrical / Lighting,http://operations.connect.na.local/support/Reliability/AppleyBridge/PlantAssetDocs/Main_Production_Line_Building.pdf,,Main_Production_Line_Building.pdf
C0421,MPLB HVAC / Heating,http://operations.connect.na.local/support/Reliability/AppleyBridge/PlantAssetDocs/Main_Production_Line_Building.pdf,,Main_Production_Line_Building.pdf
C0422,MPLB Stairs / Catwalks,http://operations.connect.na.local/support/Reliability/AppleyBridge/PlantAssetDocs/Main_Production_Line_Building.pdf,,Main_Production_Line_Building.pdf
C0423,MPLB Doors / Overhead Doors / Locks,http://operations.connect.na.local/support/Reliability/AppleyBridge/PlantAssetDocs/Main_Production_Line_Building.pdf,,Main_Production_Line_Building.pdf
C0424,MPLB Concrete Slab / Pits / Sumps,http://operations.connect.na.local/support/Reliability/AppleyBridge/PlantAssetDocs/Main_Production_Line_Building.pdf,,Main_Production_Line_Building.pdf
C0425,MPLB Electrical Room (Including Sub Station),http://operations.connect.na.local/support/Reliability/AppleyBridge/PlantAssetDocs/Main_Production_Line_Building.pdf,,Main_Production_Line_Building.pdf
C0439,Main Office Building Roof,http://operations.connect.na.local/support/Reliability/AppleyBridge/PlantAssetDocs/Main_Office_Building.pdf,,Main_Office_Building.pdf
C0440,Main Office Building Electrical / Lighting,http://operations.connect.na.local/support/Reliability/AppleyBridge/PlantAssetDocs/Main_Office_Building.pdf,,Main_Office_Building.pdf
C0441,Main Office Building HVAC / Heating,http://operations.connect.na.local/support/Reliability/AppleyBridge/PlantAssetDocs/Main_Office_Building.pdf,,Main_Office_Building.pdf
C0442,Main Office Building Stairs,http://operations.connect.na.local/support/Reliability/AppleyBridge/PlantAssetDocs/Main_Office_Building.pdf,,Main_Office_Building.pdf
C0443,Main Office Building Doors / Locks / Security,http://operations.connect.na.local/support/Reliability/AppleyBridge/PlantAssetDocs/Main_Office_Building.pdf,,Main_Office_Building.pdf
C0444,Main Office Building Plumbing / Sewage,http://operations.connect.na.local/support/Reliability/AppleyBridge/PlantAssetDocs/Main_Office_Building.pdf,,Main_Office_Building.pdf
C0590,Portable Security Trailer,http://operations.connect.na.local/support/Reliability/AppleyBridge/PlantAssetDocs/Building_Systems.pdf,,Building_Systems.pdf
C0590,Portable Security Trailer,http://operations.connect.na.local/support/Reliability/AppleyBridge/PlantAssetDocs/Appley_Plant_Layout.pdf,,Appley_Plant_Layout.pdf
C0617,Building System Fans,http://operations.connect.na.local/support/Reliability/AppleyBridge/PlantAssetDocs/Building_Systems.pdf,,Building_Systems.pdf
C0640,Finished Product Warehouse Plumbing / Sewage,http://operations.connect.na.local/support/Reliability/AppleyBridge/PlantAssetDocs/Finished_Product_Warehouse.pdf,,Finished_Product_Warehouse.pdf
C0641,Finished Product Warehouse Racking,http://operations.connect.na.local/support/Reliability/AppleyBridge/PlantAssetDocs/Finished_Product_Warehouse.pdf,,Finished_Product_Warehouse.pdf
C0642,Finished Product Warehouse Roof,http://operations.connect.na.local/support/Reliability/AppleyBridge/PlantAssetDocs/Finished_Product_Warehouse.pdf,,Finished_Product_Warehouse.pdf
C0643,Finished Product Warehouse Electrical / Lighting,http://operations.connect.na.local/support/Reliability/AppleyBridge/PlantAssetDocs/Finished_Product_Warehouse.pdf,,Finished_Product_Warehouse.pdf
C0644,Finished Product Warehouse Doors / Docks,http://operations.connect.na.local/support/Reliability/AppleyBridge/PlantAssetDocs/Finished_Product_Warehouse.pdf,,Finished_Product_Warehouse.pdf
C0646,Finished Product Warehouse HVAC / Heating,http://operations.connect.na.local/support/Reliability/AppleyBridge/PlantAssetDocs/Finished_Product_Warehouse.pdf,,Finished_Product_Warehouse.pdf
C0711,Raw Material Warehouse Racking,http://operations.connect.na.local/support/Reliability/AppleyBridge/PlantAssetDocs/Raw_Material_Warehouse.pdf,,Raw_Material_Warehouse.pdf
C0712,Raw Material Warehouse Roof,http://operations.connect.na.local/support/Reliability/AppleyBridge/PlantAssetDocs/Raw_Material_Warehouse.pdf,,Raw_Material_Warehouse.pdf
C0713,Raw Material Warehouse Electrical / Lighting,http://operations.connect.na.local/support/Reliability/AppleyBridge/PlantAssetDocs/Raw_Material_Warehouse.pdf,,Raw_Material_Warehouse.pdf
C1141,Crane 1 (Boiler Room),http://operations.connect.na.local/support/Reliability/AppleyBridge/PlantAssetDocs/Overhead_Cranes_and_Hoists.pdf,,Overhead_Cranes_and_Hoists.pdf
C1142,Crane 2 (L1 Base Roll),http://operations.connect.na.local/support/Reliability/AppleyBridge/PlantAssetDocs/Overhead_Cranes_and_Hoists.pdf,,Overhead_Cranes_and_Hoists.pdf
C1143,Crane 3 (L1 Crane Gantry Structure),http://operations.connect.na.local/support/Reliability/AppleyBridge/PlantAssetDocs/Overhead_Cranes_and_Hoists.pdf,,Overhead_Cranes_and_Hoists.pdf
C1144,Crane 4 (L1 Crane Weigh Scales),http://operations.connect.na.local/support/Reliability/AppleyBridge/PlantAssetDocs/Overhead_Cranes_and_Hoists.pdf,,Overhead_Cranes_and_Hoists.pdf
C1145,Crane 5 (Scrapped Weigh Scales),http://operations.connect.na.local/support/Reliability/AppleyBridge/PlantAssetDocs/Overhead_Cranes_and_Hoists.pdf,,Overhead_Cranes_and_Hoists.pdf
C1161,Hoist 1 (L1 EB9 Electric Chain Block before Coater Pan),http://operations.connect.na.local/support/Reliability/AppleyBridge/PlantAssetDocs/Overhead_Cranes_and_Hoists.pdf,,Overhead_Cranes_and_Hoists.pdf
C1162,Hoist 2 (L2 EB25 Electric Chain Block over Waterbath),http://operations.connect.na.local/support/Reliability/AppleyBridge/PlantAssetDocs/Overhead_Cranes_and_Hoists.pdf,,Overhead_Cranes_and_Hoists.pdf
C1163,Hoist 3 (L2 EB19 Electric Chain Block on Frame LB20),http://operations.connect.na.local/support/Reliability/AppleyBridge/PlantAssetDocs/Overhead_Cranes_and_Hoists.pdf,,Overhead_Cranes_and_Hoists.pdf
C1164,Hoist 4 (L2 EB20 Electric Chain Block Frame behind Thousand Cylinder),http://operations.connect.na.local/support/Reliability/AppleyBridge/PlantAssetDocs/Overhead_Cranes_and_Hoists.pdf,,Overhead_Cranes_and_Hoists.pdf
C1165,Hoist 5 (L2 EB24 Electric Chain Block Frame back of Saturator),http://operations.connect.na.local/support/Reliability/AppleyBridge/PlantAssetDocs/Overhead_Cranes_and_Hoists.pdf,,Overhead_Cranes_and_Hoists.pdf
C1166,Hoist 6 (L1 EB7 Electric Chain Block on RT5),http://operations.connect.na.local/support/Reliability/AppleyBridge/PlantAssetDocs/Overhead_Cranes_and_Hoists.pdf,,Overhead_Cranes_and_Hoists.pdf
C1167,Hoist 7 (L1 EB17 Electric Chain Block over Coater Pan),http://operations.connect.na.local/support/Reliability/AppleyBridge/PlantAssetDocs/Overhead_Cranes_and_Hoists.pdf,,Overhead_Cranes_and_Hoists.pdf
C1168,Hoist 8 (EB10 Electric Chain Block Maintenance Shop),http://operations.connect.na.local/support/Reliability/AppleyBridge/PlantAssetDocs/Overhead_Cranes_and_Hoists.pdf,,Overhead_Cranes_and_Hoists.pdf
C1169,Hoist 9 (L1 EB21 Electric Chain Block Base Roll),http://operations.connect.na.local/support/Reliability/AppleyBridge/PlantAssetDocs/Overhead_Cranes_and_Hoists.pdf,,Overhead_Cranes_and_Hoists.pdf
C1170,Hoist 10 (EB22 Electric Chain Block Mixing Room 1),http://operations.connect.na.local/support/Reliability/AppleyBridge/PlantAssetDocs/Overhead_Cranes_and_Hoists.pdf,,Overhead_Cranes_and_Hoists.pdf
C1171,Hoist 11 (EB4 Electric Chain Block Mixing Room 1),http://operations.connect.na.local/support/Reliability/AppleyBridge/PlantAssetDocs/Overhead_Cranes_and_Hoists.pdf,,Overhead_Cranes_and_Hoists.pdf
C1172,Hoist 12 (L1 8808183),http://operations.connect.na.local/support/Reliability/AppleyBridge/PlantAssetDocs/Overhead_Cranes_and_Hoists.pdf,,Overhead_Cranes_and_Hoists.pdf
C1503,Security System (Including CCTV),http://operations.connect.na.local/support/Reliability/AppleyBridge/PlantAssetDocs/Alarm_Telecommunications_and_Network_Systems.pdf,,Alarm_Telecommunications_and_Network_Systems.pdf
C1504,Fire Alarm Security System,http://operations.connect.na.local/support/Reliability/AppleyBridge/PlantAssetDocs/Alarm_Telecommunications_and_Network_Systems.pdf,,Alarm_Telecommunications_and_Network_Systems.pdf
C1516,Telephones and Telephone Systems,http://operations.connect.na.local/support/Reliability/AppleyBridge/PlantAssetDocs/Alarm_Telecommunications_and_Network_Systems.pdf,,Alarm_Telecommunications_and_Network_Systems.pdf
C1888,Cooling Water Tower Line 1,http://operations.connect.na.local/support/Reliability/AppleyBridge/PlantAssetDocs/Cooling_Water_System.pdf,,Cooling_Water_System.pdf
C1889,Cooling Water Tower Line 2,http://operations.connect.na.local/support/Reliability/AppleyBridge/PlantAssetDocs/Cooling_Water_System.pdf,,Cooling_Water_System.pdf
C1891,Cooling Water Transfer Pump 1 (Line 1),http://operations.connect.na.local/support/Reliability/AppleyBridge/PlantAssetDocs/Cooling_Water_System.pdf,,Cooling_Water_System.pdf
C1893,Cooling Water Transfer Pump 2 (Line 1 Standby),http://operations.connect.na.local/support/Reliability/AppleyBridge/PlantAssetDocs/Cooling_Water_System.pdf,,Cooling_Water_System.pdf
C1900,Cooling Water Transfer Pump 3 (Line 2),http://operations.connect.na.local/support/Reliability/AppleyBridge/PlantAssetDocs/Cooling_Water_System.pdf,,Cooling_Water_System.pdf
C1901,Cooling Water Transfer Pump 4 (Line 2 Standby),http://operations.connect.na.local/support/Reliability/AppleyBridge/PlantAssetDocs/Cooling_Water_System.pdf,,Cooling_Water_System.pdf
C1907,Cooling Water Heat Exchanger 1 (Line 1),http://operations.connect.na.local/support/Reliability/AppleyBridge/PlantAssetDocs/Cooling_Water_System.pdf,,Cooling_Water_System.pdf
C1908,Cooling Water Chiller Unit (Line 1),http://operations.connect.na.local/support/Reliability/AppleyBridge/PlantAssetDocs/Cooling_Water_System.pdf,,Cooling_Water_System.pdf
C1922,Cooling Water Transfer Pump 5 (Line 1),http://operations.connect.na.local/support/Reliability/AppleyBridge/PlantAssetDocs/Cooling_Water_System.pdf,,Cooling_Water_System.pdf
C1923,Cooling Water Transfer Pump 6 (Line 1 Standby),http://operations.connect.na.local/support/Reliability/AppleyBridge/PlantAssetDocs/Cooling_Water_System.pdf,,Cooling_Water_System.pdf
C1928,Cooling Water Chiller Unit (Line 2),http://operations.connect.na.local/support/Reliability/AppleyBridge/PlantAssetDocs/L2_Chiller_Unit.pdf,,L2_Chiller_Unit.pdf
C1929,Cooling Water Heat Exchanger 2 (Line 2 to Holding Tank),http://operations.connect.na.local/support/Reliability/AppleyBridge/PlantAssetDocs/L2_Chiller_Unit.pdf,,L2_Chiller_Unit.pdf
C1933,Cooling Water Transfer Pump 7 (Line 2),http://operations.connect.na.local/support/Reliability/AppleyBridge/PlantAssetDocs/L2_Chiller_Unit.pdf,,L2_Chiller_Unit.pdf
C1934,Cooling Water Transfer Pump 8 (Line 2 Standby),http://operations.connect.na.local/support/Reliability/AppleyBridge/PlantAssetDocs/L2_Chiller_Unit.pdf,,L2_Chiller_Unit.pdf
C1936,Cooling Water Holding Tank (Line 2),http://operations.connect.na.local/support/Reliability/AppleyBridge/PlantAssetDocs/L2_Chiller_Unit.pdf,,L2_Chiller_Unit.pdf
C1938,Cooling Water Heat Exchanger 3 (Line 2 to Water Tray),http://operations.connect.na.local/support/Reliability/AppleyBridge/PlantAssetDocs/L2_Chiller_Unit.pdf,,L2_Chiller_Unit.pdf
C1939,Cooling Water Heat Exchanger 4 (Line 2 to Water Tray),http://operations.connect.na.local/support/Reliability/AppleyBridge/PlantAssetDocs/L2_Chiller_Unit.pdf,,L2_Chiller_Unit.pdf
C1943,Cooling Water Sump Pump,http://operations.connect.na.local/support/Reliability/AppleyBridge/PlantAssetDocs/L2_Chiller_Unit.pdf,,L2_Chiller_Unit.pdf
C2003,HOS Heater (Thermal Fluid),http://operations.connect.na.local/support/Reliability/AppleyBridge/PlantAssetDocs/Hot_Oil_System.pdf,,Hot_Oil_System.pdf
C2020,HOS Expansion Tank,http://operations.connect.na.local/support/Reliability/AppleyBridge/PlantAssetDocs/Hot_Oil_System.pdf,,Hot_Oil_System.pdf
C2030,HOS Circulation Pump,http://operations.connect.na.local/support/Reliability/AppleyBridge/PlantAssetDocs/Hot_Oil_System.pdf,,Hot_Oil_System.pdf
C2035,HOS Booster Pump 1,http://operations.connect.na.local/support/Reliability/AppleyBridge/PlantAssetDocs/Hot_Oil_System.pdf,,Hot_Oil_System.pdf
C2036,HOS Booster Pump 2,http://operations.connect.na.local/support/Reliability/AppleyBridge/PlantAssetDocs/Hot_Oil_System.pdf,,Hot_Oil_System.pdf
C2037,HOS Booster Pump 3,http://operations.connect.na.local/support/Reliability/AppleyBridge/PlantAssetDocs/Hot_Oil_System.pdf,,Hot_Oil_System.pdf
C2040,HOS Piping System,http://operations.connect.na.local/support/Reliability/AppleyBridge/PlantAssetDocs/Hot_Oil_System.pdf,,Hot_Oil_System.pdf
C3002,"Air Compressor 1 (Fixed, R75)",http://operations.connect.na.local/support/Reliability/AppleyBridge/PlantAssetDocs/Compressed_Air_System.pdf,,Compressed_Air_System.pdf
C3003,"Air Compressor 2 (Fixed, R75)",http://operations.connect.na.local/support/Reliability/AppleyBridge/PlantAssetDocs/Compressed_Air_System.pdf,,Compressed_Air_System.pdf
C3004,"Air Compressor 3 (Variable, R90)",http://operations.connect.na.local/support/Reliability/AppleyBridge/PlantAssetDocs/Compressed_Air_System.pdf,,Compressed_Air_System.pdf
C3055,Compressed Air Drier (Binder Area),http://operations.connect.na.local/support/Reliability/AppleyBridge/PlantAssetDocs/Compressed_Air_System.pdf,,Compressed_Air_System.pdf
C3057,Compressed Air Receiver Tank 1 (Binder Area),http://operations.connect.na.local/support/Reliability/AppleyBridge/PlantAssetDocs/Compressed_Air_System.pdf,,Compressed_Air_System.pdf
C3059,Compressed Air Receiver Tank 2 (BU27),http://operations.connect.na.local/support/Reliability/AppleyBridge/PlantAssetDocs/Compressed_Air_System.pdf,,Compressed_Air_System.pdf
C3080,Compressed Air Receiver Tank 3 (Sand Delivery),http://operations.connect.na.local/support/Reliability/AppleyBridge/PlantAssetDocs/Compressed_Air_System.pdf,,Compressed_Air_System.pdf
C3200,Mechanical Maintenance Shop Equipment,http://operations.connect.na.local/support/Reliability/AppleyBridge/PlantAssetDocs/Common_Equipment.pdf,,Common_Equipment.pdf
C3501,Forklift 1 (Warehouse TCM 704342),http://operations.connect.na.local/support/Reliability/AppleyBridge/PlantAssetDocs/Motorized_Support_Equipment.pdf,,Motorized_Support_Equipment.pdf
C3502,Forklift 2 (Warehouse TCM 704352),http://operations.connect.na.local/support/Reliability/AppleyBridge/PlantAssetDocs/Motorized_Support_Equipment.pdf,,Motorized_Support_Equipment.pdf
C3503,Forklift 3 (Warehouse TCM 704343),http://operations.connect.na.local/support/Reliability/AppleyBridge/PlantAssetDocs/Motorized_Support_Equipment.pdf,,Motorized_Support_Equipment.pdf
C3504,Forklift 4 (Warehouse TCM 704338),http://operations.connect.na.local/support/Reliability/AppleyBridge/PlantAssetDocs/Motorized_Support_Equipment.pdf,,Motorized_Support_Equipment.pdf
C3505,Forklift 5 (Warehouse TCM 704336),http://operations.connect.na.local/support/Reliability/AppleyBridge/PlantAssetDocs/Motorized_Support_Equipment.pdf,,Motorized_Support_Equipment.pdf
C3506,Forklift 6 (Warehouse TCM 704344),http://operations.connect.na.local/support/Reliability/AppleyBridge/PlantAssetDocs/Motorized_Support_Equipment.pdf,,Motorized_Support_Equipment.pdf
C3507,Forklift 7 (Warehouse TCM 704351),http://operations.connect.na.local/support/Reliability/AppleyBridge/PlantAssetDocs/Motorized_Support_Equipment.pdf,,Motorized_Support_Equipment.pdf
C3508,Forklift 8 (Warehouse TCM 704346),http://operations.connect.na.local/support/Reliability/AppleyBridge/PlantAssetDocs/Motorized_Support_Equipment.pdf,,Motorized_Support_Equipment.pdf
C3509,Forklift 9 (Production TCM 704348),http://operations.connect.na.local/support/Reliability/AppleyBridge/PlantAssetDocs/Motorized_Support_Equipment.pdf,,Motorized_Support_Equipment.pdf
C3510,Forklift 10 (Production TCM 704349),http://operations.connect.na.local/support/Reliability/AppleyBridge/PlantAssetDocs/Motorized_Support_Equipment.pdf,,Motorized_Support_Equipment.pdf
C3511,Forklift 11 (Production TCM 704345),http://operations.connect.na.local/support/Reliability/AppleyBridge/PlantAssetDocs/Motorized_Support_Equipment.pdf,,Motorized_Support_Equipment.pdf
C3512,Forklift 12 (Production TCM 704350),http://operations.connect.na.local/support/Reliability/AppleyBridge/PlantAssetDocs/Motorized_Support_Equipment.pdf,,Motorized_Support_Equipment.pdf
C3513,Forklift 13 (Production TCM 704347),http://operations.connect.na.local/support/Reliability/AppleyBridge/PlantAssetDocs/Motorized_Support_Equipment.pdf,,Motorized_Support_Equipment.pdf
C3514,Forklift 14 (Nissan 702606),http://operations.connect.na.local/support/Reliability/AppleyBridge/PlantAssetDocs/Motorized_Support_Equipment.pdf,,Motorized_Support_Equipment.pdf
C3515,Forklift 15 Warehouse TCM 98856),http://operations.connect.na.local/support/Reliability/AppleyBridge/PlantAssetDocs/Motorized_Support_Equipment.pdf,,Motorized_Support_Equipment.pdf
C6705,Diesel Storage Tank,http://operations.connect.na.local/support/Reliability/AppleyBridge/PlantAssetDocs/Hot_Oil_System.pdf,,Hot_Oil_System.pdf
C7205,Roll Slitter Machine 1 (DPC),http://operations.connect.na.local/support/Reliability/AppleyBridge/PlantAssetDocs/Stand-Alone_Portable_Equipment.pdf,,Stand-Alone_Portable_Equipment.pdf
C7206,Roll Slitter Machine 2 (DPC),http://operations.connect.na.local/support/Reliability/AppleyBridge/PlantAssetDocs/Stand-Alone_Portable_Equipment.pdf,,Stand-Alone_Portable_Equipment.pdf
C7213,Ladders,http://operations.connect.na.local/support/Reliability/AppleyBridge/PlantAssetDocs/Stand-Alone_Portable_Equipment.pdf,,Stand-Alone_Portable_Equipment.pdf
C7295,"Waste Dumspter Compactor (Skip, Tank Farm Area)",http://operations.connect.na.local/support/Reliability/AppleyBridge/PlantAssetDocs/Stand-Alone_Portable_Equipment.pdf,,Stand-Alone_Portable_Equipment.pdf
C7296,Waste Compactor 1 (Hooder Area),http://operations.connect.na.local/support/Reliability/AppleyBridge/PlantAssetDocs/Stand-Alone_Portable_Equipment.pdf,,Stand-Alone_Portable_Equipment.pdf
C7297,Waste Compactor 2 (Base Roll Storage Area),http://operations.connect.na.local/support/Reliability/AppleyBridge/PlantAssetDocs/Stand-Alone_Portable_Equipment.pdf,,Stand-Alone_Portable_Equipment.pdf
E0001,Electrical Systems,http://operations.connect.na.local/support/Reliability/AppleyBridge/PlantAssetDocs/Appley_Plant_Layout.pdf,,Appley_Plant_Layout.pdf
H0020,Fire Extinguisher Systems,http://operations.connect.na.local/support/Reliability/AppleyBridge/PlantAssetDocs/Common_EHS_Resources_And_Risk_Management.pdf,,Common_EHS_Resources_And_Risk_Management.pdf
H0720,Emergency Eye Wash/Shower Station System (EEWSS),http://operations.connect.na.local/support/Reliability/AppleyBridge/PlantAssetDocs/Common_EHS_Resources_And_Risk_Management.pdf,,Common_EHS_Resources_And_Risk_Management.pdf
H1583,Mod Line 1 Dust Collector,http://operations.connect.na.local/support/Reliability/AppleyBridge/PlantAssetDocs/Mod_Line_Dust_Collection_System.pdf,,Mod_Line_Dust_Collection_System.pdf
H1585,Mod Line 1 Dust Collector Bag System,http://operations.connect.na.local/support/Reliability/AppleyBridge/PlantAssetDocs/Mod_Line_Dust_Collection_System.pdf,,Mod_Line_Dust_Collection_System.pdf
H1595,Mod Line 2 Dust Collector,http://operations.connect.na.local/support/Reliability/AppleyBridge/PlantAssetDocs/Mod_Line_Dust_Collection_System.pdf,,Mod_Line_Dust_Collection_System.pdf
H1597,Mod Line 2 Dust Collector Bag System,http://operations.connect.na.local/support/Reliability/AppleyBridge/PlantAssetDocs/Mod_Line_Dust_Collection_System.pdf,,Mod_Line_Dust_Collection_System.pdf
H2042,Fume Collection Fan 1 (L1),http://operations.connect.na.local/support/Reliability/AppleyBridge/PlantAssetDocs/Fume_Collection_System.pdf,,Fume_Collection_System.pdf
H2043,Fume Collection Fan 2 (L1),http://operations.connect.na.local/support/Reliability/AppleyBridge/PlantAssetDocs/Fume_Collection_System.pdf,,Fume_Collection_System.pdf
H2044,Fume Collection Fan 3 (L1),http://operations.connect.na.local/support/Reliability/AppleyBridge/PlantAssetDocs/Fume_Collection_System.pdf,,Fume_Collection_System.pdf
H2045,Fume Collection Fan 4 (L2),http://operations.connect.na.local/support/Reliability/AppleyBridge/PlantAssetDocs/Fume_Collection_System.pdf,,Fume_Collection_System.pdf
H2046,Fume Collection Exhaust Stack,http://operations.connect.na.local/support/Reliability/AppleyBridge/PlantAssetDocs/Fume_Collection_System.pdf,,Fume_Collection_System.pdf
H3077,Sprinkler Fire System Pump (Electric),http://operations.connect.na.local/support/Reliability/AppleyBridge/PlantAssetDocs/Sprinkler_Fire_Protection_Systems.pdf,,Sprinkler_Fire_Protection_Systems.pdf
H3079,Sprinkler Fire System Pump (Diesel),http://operations.connect.na.local/support/Reliability/AppleyBridge/PlantAssetDocs/Sprinkler_Fire_Protection_Systems.pdf,,Sprinkler_Fire_Protection_Systems.pdf
H3091,Sprinkler Fire System Piping and Valve System 1 (Office and Line),http://operations.connect.na.local/support/Reliability/AppleyBridge/PlantAssetDocs/Sprinkler_Fire_Protection_Systems.pdf,,Sprinkler_Fire_Protection_Systems.pdf
H3092,Sprinkler Fire System Piping and Valve System 2 (Engineering Workshop),http://operations.connect.na.local/support/Reliability/AppleyBridge/PlantAssetDocs/Sprinkler_Fire_Protection_Systems.pdf,,Sprinkler_Fire_Protection_Systems.pdf
H3093,Sprinkler Fire System Piping and Valve System 3 (Warehouse),http://operations.connect.na.local/support/Reliability/AppleyBridge/PlantAssetDocs/Sprinkler_Fire_Protection_Systems.pdf,,Sprinkler_Fire_Protection_Systems.pdf
H3098,Sprinkler Fire System Water Tank,http://operations.connect.na.local/support/Reliability/AppleyBridge/PlantAssetDocs/Sprinkler_Fire_Protection_Systems.pdf,,Sprinkler_Fire_Protection_Systems.pdf
H4608,Sewage Tank,http://operations.connect.na.local/support/Reliability/AppleyBridge/PlantAssetDocs/Sprinkler_Fire_Protection_Systems.pdf,,Sprinkler_Fire_Protection_Systems.pdf
H4612,Sewage Lift Pump,http://operations.connect.na.local/support/Reliability/AppleyBridge/PlantAssetDocs/Sprinkler_Fire_Protection_Systems.pdf,,Sprinkler_Fire_Protection_Systems.pdf
H4802,Personal Protection Equipment (PPE),http://operations.connect.na.local/support/Reliability/AppleyBridge/PlantAssetDocs/Common_EHS_Resources_And_Risk_Management.pdf,,Common_EHS_Resources_And_Risk_Management.pdf
M0305,Sand Silo,http://operations.connect.na.local/support/Reliability/AppleyBridge/PlantAssetDocs/Sand_Filler_Silos.pdf,,Sand_Filler_Silos.pdf
M0312,L1 Sand Silo Blower (Pressure Vessel),http://operations.connect.na.local/support/Reliability/AppleyBridge/PlantAssetDocs/Sand_Filler_Silos.pdf,,Sand_Filler_Silos.pdf
M0313,L2 Sand Silo Blower (Pressure Vessel),http://operations.connect.na.local/support/Reliability/AppleyBridge/PlantAssetDocs/Sand_Filler_Silos.pdf,,Sand_Filler_Silos.pdf
M0408,L2 Granule Unloading Elevator,http://operations.connect.na.local/support/Reliability/AppleyBridge/PlantAssetDocs/L2_Granule_System.pdf,,L2_Granule_System.pdf
M0430,L2 Granule Belt Conveyor 1 (Incline),http://operations.connect.na.local/support/Reliability/AppleyBridge/PlantAssetDocs/L2_Granule_System.pdf,,L2_Granule_System.pdf
M0437,L2 Granule Belt Conveyor 2 (to Bin),http://operations.connect.na.local/support/Reliability/AppleyBridge/PlantAssetDocs/L2_Granule_System.pdf,,L2_Granule_System.pdf
M0465,L1 Granule Unloading Belt Conveyor (Portable to Reclaim Belt),http://operations.connect.na.local/support/Reliability/AppleyBridge/PlantAssetDocs/L1_Granule_System.pdf,,L1_Granule_System.pdf
M0468,L1 Granule Unloading Elevator,http://operations.connect.na.local/support/Reliability/AppleyBridge/PlantAssetDocs/L1_Granule_System.pdf,,L1_Granule_System.pdf
M0472,L1 Granule Hopper,http://operations.connect.na.local/support/Reliability/AppleyBridge/PlantAssetDocs/L1_Granule_System.pdf,,L1_Granule_System.pdf
M0480,L1 Granule Belt Conveyor 1,http://operations.connect.na.local/support/Reliability/AppleyBridge/PlantAssetDocs/L1_Granule_System.pdf,,L1_Granule_System.pdf
M0482,L1 Granule Belt Conveyor 2 (Incline),http://operations.connect.na.local/support/Reliability/AppleyBridge/PlantAssetDocs/L1_Granule_System.pdf,,L1_Granule_System.pdf
M0484,L1 Granule Belt Conveyor 3 (90 Deg Turn),http://operations.connect.na.local/support/Reliability/AppleyBridge/PlantAssetDocs/L1_Granule_System.pdf,,L1_Granule_System.pdf
M0504,Asphalt Truck Unloading Pump,http://operations.connect.na.local/support/Reliability/AppleyBridge/PlantAssetDocs/Asphalt_System.pdf,,Asphalt_System.pdf
M0505,Asphalt Truck Unloading Pump (T4/T5),http://operations.connect.na.local/support/Reliability/AppleyBridge/PlantAssetDocs/Asphalt_System.pdf,,Asphalt_System.pdf
M0506,Asphalt Tank T1,http://operations.connect.na.local/support/Reliability/AppleyBridge/PlantAssetDocs/Asphalt_System.pdf,,Asphalt_System.pdf
M0507,Asphalt Tank T2,http://operations.connect.na.local/support/Reliability/AppleyBridge/PlantAssetDocs/Asphalt_System.pdf,,Asphalt_System.pdf
M0508,Asphalt Tank T3,http://operations.connect.na.local/support/Reliability/AppleyBridge/PlantAssetDocs/Asphalt_System.pdf,,Asphalt_System.pdf
M0510,Asphalt Tank T4,http://operations.connect.na.local/support/Reliability/AppleyBridge/PlantAssetDocs/Asphalt_System.pdf,,Asphalt_System.pdf
M0512,Asphalt Tank T5,http://operations.connect.na.local/support/Reliability/AppleyBridge/PlantAssetDocs/Asphalt_System.pdf,,Asphalt_System.pdf
M0513,Asphalt Storage Tank T6,http://operations.connect.na.local/support/Reliability/AppleyBridge/PlantAssetDocs/Asphalt_System.pdf,,Asphalt_System.pdf
M0514,Asphalt Storage Tank T7,http://operations.connect.na.local/support/Reliability/AppleyBridge/PlantAssetDocs/Asphalt_System.pdf,,Asphalt_System.pdf
M0515,Recycle Oil Tank,http://operations.connect.na.local/support/Reliability/AppleyBridge/PlantAssetDocs/Asphalt_System.pdf,,Asphalt_System.pdf
M0516,"Asphalt Tank Transfer Pump (P31, T1/T2/T3 to Mixers)",http://operations.connect.na.local/support/Reliability/AppleyBridge/PlantAssetDocs/Asphalt_System.pdf,,Asphalt_System.pdf
M0517,"Asphalt Tank Transfer Pump (P11, to/from T6/T7)",http://operations.connect.na.local/support/Reliability/AppleyBridge/PlantAssetDocs/Asphalt_System.pdf,,Asphalt_System.pdf
M0518,"Asphalt Tank Transfer Pump (P32, T1/T2/T3 To L1 Saturator)",http://operations.connect.na.local/support/Reliability/AppleyBridge/PlantAssetDocs/Asphalt_System.pdf,,Asphalt_System.pdf
M0519,"Asphalt Tank Transfer Pump (P9, T4 To L2 Saturator)",http://operations.connect.na.local/support/Reliability/AppleyBridge/PlantAssetDocs/Asphalt_System.pdf,,Asphalt_System.pdf
M0520,Asphalt Tank Piping System,http://operations.connect.na.local/support/Reliability/AppleyBridge/PlantAssetDocs/Asphalt_System.pdf,,Asphalt_System.pdf
M0521,Recycle Oil Tank Pump,http://operations.connect.na.local/support/Reliability/AppleyBridge/PlantAssetDocs/Asphalt_System.pdf,,Asphalt_System.pdf
M0522,"Asphalt Tank Transfer Pump (P2, T5 To L2 Mixers)",http://operations.connect.na.local/support/Reliability/AppleyBridge/PlantAssetDocs/Asphalt_System.pdf,,Asphalt_System.pdf
M4075,L2 Filler Silo,http://operations.connect.na.local/support/Reliability/AppleyBridge/PlantAssetDocs/Sand_Filler_Silos.pdf,,Sand_Filler_Silos.pdf
M4077,L2 Filler Silo Rotary Valve (Lean Phase),http://operations.connect.na.local/support/Reliability/AppleyBridge/PlantAssetDocs/Sand_Filler_Silos.pdf,,Sand_Filler_Silos.pdf
M4080,L2 Filler Silo Blower,http://operations.connect.na.local/support/Reliability/AppleyBridge/PlantAssetDocs/Sand_Filler_Silos.pdf,,Sand_Filler_Silos.pdf
M4083,L2 Filler Receiving Bin (17),http://operations.connect.na.local/support/Reliability/AppleyBridge/PlantAssetDocs/L2_Mod_Line_Mixing_System.pdf,,L2_Mod_Line_Mixing_System.pdf
M4090,L2 Filler Delivery Screw 1,http://operations.connect.na.local/support/Reliability/AppleyBridge/PlantAssetDocs/L2_Mod_Line_Mixing_System.pdf,,L2_Mod_Line_Mixing_System.pdf
M4092,L2 Filler Delivery Screw 2,http://operations.connect.na.local/support/Reliability/AppleyBridge/PlantAssetDocs/L2_Mod_Line_Mixing_System.pdf,,L2_Mod_Line_Mixing_System.pdf
M4094,L2 Filler Delivery Screw 3,http://operations.connect.na.local/support/Reliability/AppleyBridge/PlantAssetDocs/L2_Mod_Line_Mixing_System.pdf,,L2_Mod_Line_Mixing_System.pdf
M4118,L2 Polymer Hopper System 1 (51),http://operations.connect.na.local/support/Reliability/AppleyBridge/PlantAssetDocs/L2_Mod_Line_Mixing_System.pdf,,L2_Mod_Line_Mixing_System.pdf
M4119,L2 Polymer Hopper System 2 (52),http://operations.connect.na.local/support/Reliability/AppleyBridge/PlantAssetDocs/L2_Mod_Line_Mixing_System.pdf,,L2_Mod_Line_Mixing_System.pdf
M4123,L2 Polymer Delivery Blower System,http://operations.connect.na.local/support/Reliability/AppleyBridge/PlantAssetDocs/L2_Mod_Line_Mixing_System.pdf,,L2_Mod_Line_Mixing_System.pdf
M4185,L2 Dissolver Tank 11 (Mixer),http://operations.connect.na.local/support/Reliability/AppleyBridge/PlantAssetDocs/L2_Mod_Line_Mixing_System.pdf,,L2_Mod_Line_Mixing_System.pdf
M4186,L2 Dissolver Tank 11 Transfer Pump (P11),http://operations.connect.na.local/support/Reliability/AppleyBridge/PlantAssetDocs/L2_Mod_Line_Mixing_System.pdf,,L2_Mod_Line_Mixing_System.pdf
M4187,L2 Dissolver Tank 12 (Mixer),http://operations.connect.na.local/support/Reliability/AppleyBridge/PlantAssetDocs/L2_Mod_Line_Mixing_System.pdf,,L2_Mod_Line_Mixing_System.pdf
M4188,L2 Dissolver Tank 12 Transfer Pump (P12),http://operations.connect.na.local/support/Reliability/AppleyBridge/PlantAssetDocs/L2_Mod_Line_Mixing_System.pdf,,L2_Mod_Line_Mixing_System.pdf
M4189,L2 Dissolver Tank 14 (Mixer),http://operations.connect.na.local/support/Reliability/AppleyBridge/PlantAssetDocs/L2_Mod_Line_Mixing_System.pdf,,L2_Mod_Line_Mixing_System.pdf
M4190,L2 Dissolver Tank 14 Transfer Pump (P14),http://operations.connect.na.local/support/Reliability/AppleyBridge/PlantAssetDocs/L2_Mod_Line_Mixing_System.pdf,,L2_Mod_Line_Mixing_System.pdf
M4228,"L2 Asphalt Delivery Pump (P13, Mixer 11 and 12 to Secondary)",http://operations.connect.na.local/support/Reliability/AppleyBridge/PlantAssetDocs/L2_Mod_Line_Mixing_System.pdf,,L2_Mod_Line_Mixing_System.pdf
M4235,L2 Secondary Tank 15,http://operations.connect.na.local/support/Reliability/AppleyBridge/PlantAssetDocs/L2_Mod_Line_Mixing_System.pdf,,L2_Mod_Line_Mixing_System.pdf
M4237,L2 Secondary Tank 16,http://operations.connect.na.local/support/Reliability/AppleyBridge/PlantAssetDocs/L2_Mod_Line_Mixing_System.pdf,,L2_Mod_Line_Mixing_System.pdf
M4256,L2 Secondary Tank 15 Feed Pump to Coater (P7),http://operations.connect.na.local/support/Reliability/AppleyBridge/PlantAssetDocs/L2_Mod_Line_Mixing_System.pdf,,L2_Mod_Line_Mixing_System.pdf
M4257,L2 Secondary Tank 16 Feed Pump to Coater (P4),http://operations.connect.na.local/support/Reliability/AppleyBridge/PlantAssetDocs/L2_Mod_Line_Mixing_System.pdf,,L2_Mod_Line_Mixing_System.pdf
M4272,L2 Mixing Piping and Valve System,http://operations.connect.na.local/support/Reliability/AppleyBridge/PlantAssetDocs/L2_Mod_Line_Mixing_System.pdf,,L2_Mod_Line_Mixing_System.pdf
M4272,L2 Mixing Piping and Valve System,http://operations.connect.na.local/support/Reliability/AppleyBridge/PlantAssetDocs/L1_Filler_Delivery_and_Mixing_System.pdf,,L1_Filler_Delivery_and_Mixing_System.pdf
M4403,L2 Unwind Stand,http://operations.connect.na.local/support/Reliability/AppleyBridge/PlantAssetDocs/L2_Unwinding_System.pdf,,L2_Unwinding_System.pdf
M4403,L2 Unwind Stand,http://operations.connect.na.local/support/Reliability/AppleyBridge/PlantAssetDocs/L2_Unwinding_System_With_Test.pdf,,L2_Unwinding_System_With_Test.pdf
M4407,L2 Splice Table (Stitch On),http://operations.connect.na.local/support/Reliability/AppleyBridge/PlantAssetDocs/L2_Unwinding_System.pdf,,L2_Unwinding_System.pdf
M4407,L2 Splice Table (Stitch On),http://operations.connect.na.local/support/Reliability/AppleyBridge/PlantAssetDocs/L2_Unwinding_System_With_Test.pdf,,L2_Unwinding_System_With_Test.pdf
M4432,L2 Dry Mat Looper Entry Pull Rolls (S-Wrap),http://operations.connect.na.local/support/Reliability/AppleyBridge/PlantAssetDocs/L2_Dry_Mat_Looper_System.pdf,,L2_Dry_Mat_Looper_System.pdf
M4433,L2 Dry Mat Looper Frame System (Bottom Rolls),http://operations.connect.na.local/support/Reliability/AppleyBridge/PlantAssetDocs/L2_Dry_Mat_Looper_System.pdf,,L2_Dry_Mat_Looper_System.pdf
M4436,L2 Dry Mat Looper Carriage (Top Rolls),http://operations.connect.na.local/support/Reliability/AppleyBridge/PlantAssetDocs/L2_Dry_Mat_Looper_System.pdf,,L2_Dry_Mat_Looper_System.pdf
M4439,L2 Dry Mat Looper Counter Weight System,http://operations.connect.na.local/support/Reliability/AppleyBridge/PlantAssetDocs/L2_Dry_Mat_Looper_System.pdf,,L2_Dry_Mat_Looper_System.pdf
M4442,L2 Dry Mat Looper Web Guide,http://operations.connect.na.local/support/Reliability/AppleyBridge/PlantAssetDocs/L2_Dry_Mat_Looper_System.pdf,,L2_Dry_Mat_Looper_System.pdf
M4448,L2 Dry Mat Looper Polydrive (6 rolls),http://operations.connect.na.local/support/Reliability/AppleyBridge/PlantAssetDocs/L2_Dry_Mat_Looper_System.pdf,,L2_Dry_Mat_Looper_System.pdf
M4503,L2 Saturator Entry Rolls (2),http://operations.connect.na.local/support/Reliability/AppleyBridge/PlantAssetDocs/L2_Saturator_System.pdf,,L2_Saturator_System.pdf
M4508,L2 Saturator (Frame and Pan),http://operations.connect.na.local/support/Reliability/AppleyBridge/PlantAssetDocs/L2_Saturator_System.pdf,,L2_Saturator_System.pdf
M4511,L2 Saturator Dipping Roll 1 (Sinker),http://operations.connect.na.local/support/Reliability/AppleyBridge/PlantAssetDocs/L2_Saturator_System.pdf,,L2_Saturator_System.pdf
M4514,L2 Saturator Driven Roll,http://operations.connect.na.local/support/Reliability/AppleyBridge/PlantAssetDocs/L2_Saturator_System.pdf,,L2_Saturator_System.pdf
M4516,L2 Saturator Dipping Roll 2,http://operations.connect.na.local/support/Reliability/AppleyBridge/PlantAssetDocs/L2_Saturator_System.pdf,,L2_Saturator_System.pdf
M4518,L2 Saturator Top Scraper,http://operations.connect.na.local/support/Reliability/AppleyBridge/PlantAssetDocs/L2_Saturator_System.pdf,,L2_Saturator_System.pdf
M4519,L2 Saturator Back Scraper,http://operations.connect.na.local/support/Reliability/AppleyBridge/PlantAssetDocs/L2_Saturator_System.pdf,,L2_Saturator_System.pdf
M4520,L2 Saturator Asphalt Return Pump,http://operations.connect.na.local/support/Reliability/AppleyBridge/PlantAssetDocs/L2_Saturator_System.pdf,,L2_Saturator_System.pdf
M4521,L2 Saturator Top Calendar Roll,http://operations.connect.na.local/support/Reliability/AppleyBridge/PlantAssetDocs/L2_Saturator_System.pdf,,L2_Saturator_System.pdf
M4522,L2 Saturator Bottom Calendar Roll,http://operations.connect.na.local/support/Reliability/AppleyBridge/PlantAssetDocs/L2_Saturator_System.pdf,,L2_Saturator_System.pdf
M4527,L2 Aluminium Film Applicator,http://operations.connect.na.local/support/Reliability/AppleyBridge/PlantAssetDocs/L2_Aluminium_Film_Application_System.pdf,,L2_Aluminium_Film_Application_System.pdf
M4528,L2 Aluminium Film Application Rolls,http://operations.connect.na.local/support/Reliability/AppleyBridge/PlantAssetDocs/L2_Aluminium_Film_Application_System.pdf,,L2_Aluminium_Film_Application_System.pdf
M4533,L2 Graphite Fill Hopper (Shared),http://operations.connect.na.local/support/Reliability/AppleyBridge/PlantAssetDocs/L2_Graphite_Applicator_System.pdf,,L2_Graphite_Applicator_System.pdf
M4542,L2 Graphite Applicator,http://operations.connect.na.local/support/Reliability/AppleyBridge/PlantAssetDocs/L2_Graphite_Applicator_System.pdf,,L2_Graphite_Applicator_System.pdf
M4545,L2 Graphite Reclaim / Delivery Screw,http://operations.connect.na.local/support/Reliability/AppleyBridge/PlantAssetDocs/L2_Graphite_Applicator_System.pdf,,L2_Graphite_Applicator_System.pdf
M4562,L2 Coater 1 Entry Roll,http://operations.connect.na.local/support/Reliability/AppleyBridge/PlantAssetDocs/L2_Coating_System.pdf,,L2_Coating_System.pdf
M4565,L2 Coater Frame and Pan (Shared),http://operations.connect.na.local/support/Reliability/AppleyBridge/PlantAssetDocs/L2_Coating_System.pdf,,L2_Coating_System.pdf
M4569,L2 Coater 1 Coating Applicator,http://operations.connect.na.local/support/Reliability/AppleyBridge/PlantAssetDocs/L2_Coating_System.pdf,,L2_Coating_System.pdf
M4570,L2 Coater 1 Exit Roll,http://operations.connect.na.local/support/Reliability/AppleyBridge/PlantAssetDocs/L2_Coating_System.pdf,,L2_Coating_System.pdf
M4571,L2 Coater 2 Inking Roll (Pasting),http://operations.connect.na.local/support/Reliability/AppleyBridge/PlantAssetDocs/L2_Coating_System.pdf,,L2_Coating_System.pdf
M4573,L2 Coater 2 Coating Applicator,http://operations.connect.na.local/support/Reliability/AppleyBridge/PlantAssetDocs/L2_Coating_System.pdf,,L2_Coating_System.pdf
M4584,L2 Coater 2 Top Calendar Roll,http://operations.connect.na.local/support/Reliability/AppleyBridge/PlantAssetDocs/L2_Coating_System.pdf,,L2_Coating_System.pdf
M4588,L2 Coater 2 Bottom Calendar Roll,http://operations.connect.na.local/support/Reliability/AppleyBridge/PlantAssetDocs/L2_Coating_System.pdf,,L2_Coating_System.pdf
M4593,L2 Coater 1 Asphalt Return Pump (to Tank 16),http://operations.connect.na.local/support/Reliability/AppleyBridge/PlantAssetDocs/L2_Coating_System.pdf,,L2_Coating_System.pdf
M4594,L2 Coater 1 Re-circulation Pump,http://operations.connect.na.local/support/Reliability/AppleyBridge/PlantAssetDocs/L2_Coating_System.pdf,,L2_Coating_System.pdf
M4595,L2 Coater 2 Asphalt Return Pump (to Tank 15),http://operations.connect.na.local/support/Reliability/AppleyBridge/PlantAssetDocs/L2_Coating_System.pdf,,L2_Coating_System.pdf
M4596,L2 Coater 2 Re-circulation Pump,http://operations.connect.na.local/support/Reliability/AppleyBridge/PlantAssetDocs/L2_Coating_System.pdf,,L2_Coating_System.pdf
M4633,L2 Cooling Water Tray (Bath),http://operations.connect.na.local/support/Reliability/AppleyBridge/PlantAssetDocs/L2_Cooling_Water_Tray_System_1.pdf,,L2_Cooling_Water_Tray_System_1.pdf
M4637,L2 Top Film Applicator Carriage System,http://operations.connect.na.local/support/Reliability/AppleyBridge/PlantAssetDocs/L2_Cooling_Water_Tray_System_1.pdf,,L2_Cooling_Water_Tray_System_1.pdf
M4638,L2 Backing Film Applicator Carriage System,http://operations.connect.na.local/support/Reliability/AppleyBridge/PlantAssetDocs/L2_Cooling_Water_Tray_System_1.pdf,,L2_Cooling_Water_Tray_System_1.pdf
M4639,L2 Salvage Film Dispenser,http://operations.connect.na.local/support/Reliability/AppleyBridge/PlantAssetDocs/L2_Cooling_Water_Tray_System_1.pdf,,L2_Cooling_Water_Tray_System_1.pdf
M4642,L2 Salvage Film Web Guide,http://operations.connect.na.local/support/Reliability/AppleyBridge/PlantAssetDocs/L2_Cooling_Water_Tray_System_1.pdf,,L2_Cooling_Water_Tray_System_1.pdf
M4672,L2 Granule / Sand Use Bin (Split),http://operations.connect.na.local/support/Reliability/AppleyBridge/PlantAssetDocs/L2_Slating_Section_System_Mineral.pdf,,L2_Slating_Section_System_Mineral.pdf
M4676,L2 Sand Delivery Screw 1,http://operations.connect.na.local/support/Reliability/AppleyBridge/PlantAssetDocs/L2_Slating_Section_System_Mineral.pdf,,L2_Slating_Section_System_Mineral.pdf
M4677,L2 Sand Delivery Screw 2,http://operations.connect.na.local/support/Reliability/AppleyBridge/PlantAssetDocs/L2_Slating_Section_System_Mineral.pdf,,L2_Slating_Section_System_Mineral.pdf
M4684,L2 Granule / Sand Applicator (with Hopper),http://operations.connect.na.local/support/Reliability/AppleyBridge/PlantAssetDocs/L2_Slating_Section_System_Mineral.pdf,,L2_Slating_Section_System_Mineral.pdf
M4687,L2 Granule / Sand Reclaim Belt Conveyor 1,http://operations.connect.na.local/support/Reliability/AppleyBridge/PlantAssetDocs/L2_Slating_Section_System_Mineral.pdf,,L2_Slating_Section_System_Mineral.pdf
M4688,L2 Granule / Sand Reclaim Belt Conveyor 2,http://operations.connect.na.local/support/Reliability/AppleyBridge/PlantAssetDocs/L2_Slating_Reclaim_Conveyors_and_Elevators.pdf,,L2_Slating_Reclaim_Conveyors_and_Elevators.pdf
M4689,L2 Granule / Sand Reclaim Belt Conveyor 3,http://operations.connect.na.local/support/Reliability/AppleyBridge/PlantAssetDocs/L2_Slating_Reclaim_Conveyors_and_Elevators.pdf,,L2_Slating_Reclaim_Conveyors_and_Elevators.pdf
M4692,L2 Bottom Slate Drum (Thousand Cylinder ),http://operations.connect.na.local/support/Reliability/AppleyBridge/PlantAssetDocs/L2_Slating_Section_System_Mineral.pdf,,L2_Slating_Section_System_Mineral.pdf
M4720,L2 Top Slate Drum (Thousand Cylinder ),http://operations.connect.na.local/support/Reliability/AppleyBridge/PlantAssetDocs/L2_Slating_Section_System_Mineral.pdf,,L2_Slating_Section_System_Mineral.pdf
M4721,L2 Granule / Sand Reclaim Screw,http://operations.connect.na.local/support/Reliability/AppleyBridge/PlantAssetDocs/L2_Slating_Section_System_Mineral.pdf,,L2_Slating_Section_System_Mineral.pdf
M4725,L2 Granule / Sand Reclaim Belt Conveyor with Screen,http://operations.connect.na.local/support/Reliability/AppleyBridge/PlantAssetDocs/L2_Slating_Reclaim_Conveyors_and_Elevators.pdf,,L2_Slating_Reclaim_Conveyors_and_Elevators.pdf
M4726,L2 Granule / Sand Reclaim Incline Belt Conveyor (to Separator),http://operations.connect.na.local/support/Reliability/AppleyBridge/PlantAssetDocs/L2_Slating_Reclaim_Conveyors_and_Elevators.pdf,,L2_Slating_Reclaim_Conveyors_and_Elevators.pdf
M4729,L2 Granule / Sand Separator,http://operations.connect.na.local/support/Reliability/AppleyBridge/PlantAssetDocs/L2_Slating_Reclaim_Conveyors_and_Elevators.pdf,,L2_Slating_Reclaim_Conveyors_and_Elevators.pdf
M4730,L2 Granule Reclaim Belt Conveyor (To Elevator),http://operations.connect.na.local/support/Reliability/AppleyBridge/PlantAssetDocs/L2_Slating_Reclaim_Conveyors_and_Elevators.pdf,,L2_Slating_Reclaim_Conveyors_and_Elevators.pdf
M4731,L2 Granule Reclaim Elevator,http://operations.connect.na.local/support/Reliability/AppleyBridge/PlantAssetDocs/L2_Slating_Reclaim_Conveyors_and_Elevators.pdf,,L2_Slating_Reclaim_Conveyors_and_Elevators.pdf
M4732,L2 Sand Reclaim / Delivery Elevator,http://operations.connect.na.local/support/Reliability/AppleyBridge/PlantAssetDocs/L2_Slating_Reclaim_Conveyors_and_Elevators.pdf,,L2_Slating_Reclaim_Conveyors_and_Elevators.pdf
M4733,L2 Sand Reclaim Belt Conveyor (To Elevator),http://operations.connect.na.local/support/Reliability/AppleyBridge/PlantAssetDocs/L2_Slating_Reclaim_Conveyors_and_Elevators.pdf,,L2_Slating_Reclaim_Conveyors_and_Elevators.pdf
M4753,L2 Pre-cooling Rolls (3),http://operations.connect.na.local/support/Reliability/AppleyBridge/PlantAssetDocs/L2_Cooling_System_Section_1.pdf,,L2_Cooling_System_Section_1.pdf
M4754,L2 Cooling Section Dancer Roll 1,http://operations.connect.na.local/support/Reliability/AppleyBridge/PlantAssetDocs/L2_Cooling_System_Section_1.pdf,,L2_Cooling_System_Section_1.pdf
M4755,L2 Cooling Rolls Section 1,http://operations.connect.na.local/support/Reliability/AppleyBridge/PlantAssetDocs/L2_Cooling_System_Section_1.pdf,,L2_Cooling_System_Section_1.pdf
M4758,L2 Wet Granule / Sand Reclaim Screw,http://operations.connect.na.local/support/Reliability/AppleyBridge/PlantAssetDocs/L2_Cooling_System_Section_1.pdf,,L2_Cooling_System_Section_1.pdf
M4760,L2 Wet Granule / Sand Reclaim Belt 1 (Rail Side),http://operations.connect.na.local/support/Reliability/AppleyBridge/PlantAssetDocs/L2_Cooling_System_Section_1.pdf,,L2_Cooling_System_Section_1.pdf
M4761,L2 Wet Granule / Sand Reclaim Belt 2 (Facing Line 1),http://operations.connect.na.local/support/Reliability/AppleyBridge/PlantAssetDocs/L2_Cooling_System_Section_1.pdf,,L2_Cooling_System_Section_1.pdf
M4762,L2 Wet Granule / Sand Reclaim Belt 3 (to Container),http://operations.connect.na.local/support/Reliability/AppleyBridge/PlantAssetDocs/L2_Cooling_System_Section_1.pdf,,L2_Cooling_System_Section_1.pdf
M4765,L2 Cooling Section Length Adjustable Unit (Pantagraph),http://operations.connect.na.local/support/Reliability/AppleyBridge/PlantAssetDocs/L2_Cooling_System_Section_1.pdf,,L2_Cooling_System_Section_1.pdf
M4767,L2 Cooling Section 1 Dancer Roll 2,http://operations.connect.na.local/support/Reliability/AppleyBridge/PlantAssetDocs/L2_Cooling_System_Section_1.pdf,,L2_Cooling_System_Section_1.pdf
M4811,L2 Cooling Section 1 Exit Web Guide,http://operations.connect.na.local/support/Reliability/AppleyBridge/PlantAssetDocs/L2_Cooling_System_Section_1.pdf,,L2_Cooling_System_Section_1.pdf
M4814,L2 Cooling Section 1 Exit Rolls,http://operations.connect.na.local/support/Reliability/AppleyBridge/PlantAssetDocs/L2_Cooling_System_Section_1.pdf,,L2_Cooling_System_Section_1.pdf
M4816,L2 Cooling Section Spray System,http://operations.connect.na.local/support/Reliability/AppleyBridge/PlantAssetDocs/L2_Cooling_System_Section_1.pdf,,L2_Cooling_System_Section_1.pdf
M4880,"L2 Cooling Section 1 Heat Shrinking Device (Edge Burners, Leister)",http://operations.connect.na.local/support/Reliability/AppleyBridge/PlantAssetDocs/L2_Cooling_System_Section_1.pdf,,L2_Cooling_System_Section_1.pdf
M4902,L2 Coater 3 Entry Guide Roll,http://operations.connect.na.local/support/Reliability/AppleyBridge/PlantAssetDocs/L2_Tertiary_Coater_System.pdf,,L2_Tertiary_Coater_System.pdf
M4904,L2 Coater 3 Frame and Pan,http://operations.connect.na.local/support/Reliability/AppleyBridge/PlantAssetDocs/L2_Tertiary_Coater_System.pdf,,L2_Tertiary_Coater_System.pdf
M4908,L2 Coater 3 Return Pump,http://operations.connect.na.local/support/Reliability/AppleyBridge/PlantAssetDocs/L2_Tertiary_Coater_System.pdf,,L2_Tertiary_Coater_System.pdf
M4912,L2 Coater 3 Driven Roll,http://operations.connect.na.local/support/Reliability/AppleyBridge/PlantAssetDocs/L2_Tertiary_Coater_System.pdf,,L2_Tertiary_Coater_System.pdf
M4916,L2 Coater 3 Driven Roll Scraper,http://operations.connect.na.local/support/Reliability/AppleyBridge/PlantAssetDocs/L2_Tertiary_Coater_System.pdf,,L2_Tertiary_Coater_System.pdf
M4917,L2 Coater 3 Inking Roll (Pasting),http://operations.connect.na.local/support/Reliability/AppleyBridge/PlantAssetDocs/L2_Tertiary_Coater_System.pdf,,L2_Tertiary_Coater_System.pdf
M4918,L2 Coater 3 Inking Roll Scraper,http://operations.connect.na.local/support/Reliability/AppleyBridge/PlantAssetDocs/L2_Tertiary_Coater_System.pdf,,L2_Tertiary_Coater_System.pdf
M4920,L2 Coater 3 Top rolls (2),http://operations.connect.na.local/support/Reliability/AppleyBridge/PlantAssetDocs/L2_Tertiary_Coater_System.pdf,,L2_Tertiary_Coater_System.pdf
M4924,L2 Coater 3 Exit Rolls,http://operations.connect.na.local/support/Reliability/AppleyBridge/PlantAssetDocs/L2_Tertiary_Coater_System.pdf,,L2_Tertiary_Coater_System.pdf
M4928,L2 Coater 3 Backing Film Applicator System,http://operations.connect.na.local/support/Reliability/AppleyBridge/PlantAssetDocs/L2_Tertiary_Coater_System.pdf,,L2_Tertiary_Coater_System.pdf
M4973,L2 Cooling Section 2 Rolls,http://operations.connect.na.local/support/Reliability/AppleyBridge/PlantAssetDocs/L2_Cooling_System_Section_2.pdf,,L2_Cooling_System_Section_2.pdf
M4991,L2 Cooling Section 3 Rolls,http://operations.connect.na.local/support/Reliability/AppleyBridge/PlantAssetDocs/L2_Cooling_System_Section_3.pdf,,L2_Cooling_System_Section_3.pdf
M5103,"L2 FPL Rolls, Frame and Catwalks",http://operations.connect.na.local/support/Reliability/AppleyBridge/PlantAssetDocs/L2_Finish_Product_Looper_System.pdf,,L2_Finish_Product_Looper_System.pdf
M5112,L2 FPL Exit Rolls,http://operations.connect.na.local/support/Reliability/AppleyBridge/PlantAssetDocs/L2_Finish_Product_Looper_System.pdf,,L2_Finish_Product_Looper_System.pdf
M5113,L2 FPL Exit Web Guide (Edge Guider),http://operations.connect.na.local/support/Reliability/AppleyBridge/PlantAssetDocs/L2_Finish_Product_Looper_System.pdf,,L2_Finish_Product_Looper_System.pdf
M5114,L2 FPL Tension Rolls (3),http://operations.connect.na.local/support/Reliability/AppleyBridge/PlantAssetDocs/L2_Finish_Product_Looper_System.pdf,,L2_Finish_Product_Looper_System.pdf
M5118,L2 FPL Dancer Roll System,http://operations.connect.na.local/support/Reliability/AppleyBridge/PlantAssetDocs/L2_Finish_Product_Looper_System.pdf,,L2_Finish_Product_Looper_System.pdf
M5203,L2 Winder Entry Roll,http://operations.connect.na.local/support/Reliability/AppleyBridge/PlantAssetDocs/L2_Roll_Winder_System.pdf,,L2_Roll_Winder_System.pdf
M5206,L2 Winder Top Metering Roll,http://operations.connect.na.local/support/Reliability/AppleyBridge/PlantAssetDocs/L2_Roll_Winder_System.pdf,,L2_Roll_Winder_System.pdf
M5210,L2 Winder Bottom Metering Roll,http://operations.connect.na.local/support/Reliability/AppleyBridge/PlantAssetDocs/L2_Roll_Winder_System.pdf,,L2_Roll_Winder_System.pdf
M5214,L2 Winder Cross-cut Knife,http://operations.connect.na.local/support/Reliability/AppleyBridge/PlantAssetDocs/L2_Roll_Winder_System.pdf,,L2_Roll_Winder_System.pdf
M5218,L2 Winder Hold Down Bar (Knife Clamp),http://operations.connect.na.local/support/Reliability/AppleyBridge/PlantAssetDocs/L2_Roll_Winder_System.pdf,,L2_Roll_Winder_System.pdf
M5221,L2 Winder Tape Dispenser 1,http://operations.connect.na.local/support/Reliability/AppleyBridge/PlantAssetDocs/L2_Roll_Winder_System.pdf,,L2_Roll_Winder_System.pdf
M5222,L2 Winder Tape Dispenser 2,http://operations.connect.na.local/support/Reliability/AppleyBridge/PlantAssetDocs/L2_Roll_Winder_System.pdf,,L2_Roll_Winder_System.pdf
M5223,L2 Winder Tape Dispenser 3,http://operations.connect.na.local/support/Reliability/AppleyBridge/PlantAssetDocs/L2_Roll_Winder_System.pdf,,L2_Roll_Winder_System.pdf
M5230,L2 Winder Mandrel and Ejection System,http://operations.connect.na.local/support/Reliability/AppleyBridge/PlantAssetDocs/L2_Roll_Winder_System.pdf,,L2_Roll_Winder_System.pdf
M5300,L2 Winder Hydraulic System,http://operations.connect.na.local/support/Reliability/AppleyBridge/PlantAssetDocs/L2_Roll_Winder_System.pdf,,L2_Roll_Winder_System.pdf
M5320,L2 Winder Pneumatic System,http://operations.connect.na.local/support/Reliability/AppleyBridge/PlantAssetDocs/L2_Roll_Winder_System.pdf,,L2_Roll_Winder_System.pdf
M5435,L2 Wrapper Belt Conveyor,http://operations.connect.na.local/support/Reliability/AppleyBridge/PlantAssetDocs/L2_Wrapper_System.pdf,,L2_Wrapper_System.pdf
M5438,L2 Wrapper Belt Turn Table,http://operations.connect.na.local/support/Reliability/AppleyBridge/PlantAssetDocs/L2_Wrapper_System.pdf,,L2_Wrapper_System.pdf
M5441,L2 Wrapper Belt Scale Conveyor,http://operations.connect.na.local/support/Reliability/AppleyBridge/PlantAssetDocs/L2_Wrapper_System.pdf,,L2_Wrapper_System.pdf
M5444,L2 Wrapper Entry Roller Conveyor (with Lift),http://operations.connect.na.local/support/Reliability/AppleyBridge/PlantAssetDocs/L2_Wrapper_System.pdf,,L2_Wrapper_System.pdf
M5447,L2 Wrapper Rotating Triangular Table,http://operations.connect.na.local/support/Reliability/AppleyBridge/PlantAssetDocs/L2_Wrapper_System.pdf,,L2_Wrapper_System.pdf
M5450,L2 Wrapper Cutter and Glue Applicator,http://operations.connect.na.local/support/Reliability/AppleyBridge/PlantAssetDocs/L2_Wrapper_System.pdf,,L2_Wrapper_System.pdf
M5455,L2 Wrapper Exit Belt Conveyor,http://operations.connect.na.local/support/Reliability/AppleyBridge/PlantAssetDocs/L2_Wrapper_System.pdf,,L2_Wrapper_System.pdf
M5458,L2 Wrapper Exit Incline Belt Conveyor,http://operations.connect.na.local/support/Reliability/AppleyBridge/PlantAssetDocs/L2_Wrapper_System.pdf,,L2_Wrapper_System.pdf
M5461,L2 Wrapper Inkjet Printer,http://operations.connect.na.local/support/Reliability/AppleyBridge/PlantAssetDocs/L2_Wrapper_System.pdf,,L2_Wrapper_System.pdf
M5505,L2 Palletizer Belt Conveyor,http://operations.connect.na.local/support/Reliability/AppleyBridge/PlantAssetDocs/L2_Palletizing_System.pdf,,L2_Palletizing_System.pdf
M5528,L2 Pallet Dispenser,http://operations.connect.na.local/support/Reliability/AppleyBridge/PlantAssetDocs/L2_Palletizing_System.pdf,,L2_Palletizing_System.pdf
M5532,L2 Pallet Dispenser Chain Conveyor,http://operations.connect.na.local/support/Reliability/AppleyBridge/PlantAssetDocs/L2_Palletizing_System.pdf,,L2_Palletizing_System.pdf
M5536,L2 Pallet Roll Loading Conveyor,http://operations.connect.na.local/support/Reliability/AppleyBridge/PlantAssetDocs/L2_Palletizing_System.pdf,,L2_Palletizing_System.pdf
M5544,L2 Pallet Overturn (Lift),http://operations.connect.na.local/support/Reliability/AppleyBridge/PlantAssetDocs/L2_Palletizing_System.pdf,,L2_Palletizing_System.pdf
M5546,L2 Palletizer Unit,http://operations.connect.na.local/support/Reliability/AppleyBridge/PlantAssetDocs/L2_Palletizing_System.pdf,,L2_Palletizing_System.pdf
M5560,L2 Binding Unit,http://operations.connect.na.local/support/Reliability/AppleyBridge/PlantAssetDocs/L2_Palletizing_System.pdf,,L2_Palletizing_System.pdf
M5563,L2 Binding Belt Conveyor (Steel),http://operations.connect.na.local/support/Reliability/AppleyBridge/PlantAssetDocs/L2_Palletizing_System.pdf,,L2_Palletizing_System.pdf
M5565,L2 Palletizer Transfer Belt Conveyor 1 (Steel),http://operations.connect.na.local/support/Reliability/AppleyBridge/PlantAssetDocs/L2_Palletizing_System.pdf,,L2_Palletizing_System.pdf
M5567,L2 Palletizer Transfer Belt Conveyor 2 (Steel),http://operations.connect.na.local/support/Reliability/AppleyBridge/PlantAssetDocs/L2_Palletizing_System.pdf,,L2_Palletizing_System.pdf
M5570,L2 Palletizer Shuttle Conveyor,http://operations.connect.na.local/support/Reliability/AppleyBridge/PlantAssetDocs/L2_Palletizing_System.pdf,,L2_Palletizing_System.pdf
M6075,L1 Filler Silo,http://operations.connect.na.local/support/Reliability/AppleyBridge/PlantAssetDocs/L1_Filler_Delivery_and_Mixing_System.pdf,,L1_Filler_Delivery_and_Mixing_System.pdf
M6077,L1 Filler Silo Rotary Valve (Lean Phase),http://operations.connect.na.local/support/Reliability/AppleyBridge/PlantAssetDocs/L1_Filler_Delivery_and_Mixing_System.pdf,,L1_Filler_Delivery_and_Mixing_System.pdf
M6082,L1 Filler Unloading System (Manual Colmanite with Hopper and Rotary valve),http://operations.connect.na.local/support/Reliability/AppleyBridge/PlantAssetDocs/L1_Filler_Delivery_and_Mixing_System.pdf,,L1_Filler_Delivery_and_Mixing_System.pdf
M6085,L1 Filler Delivery Blower (Shared),http://operations.connect.na.local/support/Reliability/AppleyBridge/PlantAssetDocs/L1_Filler_Delivery_and_Mixing_System.pdf,,L1_Filler_Delivery_and_Mixing_System.pdf
M6091,L1 Filler Receiving Hopper 1,http://operations.connect.na.local/support/Reliability/AppleyBridge/PlantAssetDocs/L1_Filler_Delivery_and_Mixing_System.pdf,,L1_Filler_Delivery_and_Mixing_System.pdf
M6093,L1 Filler Receiving Hopper 2,http://operations.connect.na.local/support/Reliability/AppleyBridge/PlantAssetDocs/L1_Filler_Delivery_and_Mixing_System.pdf,,L1_Filler_Delivery_and_Mixing_System.pdf
M6095,L1 Filler Receiving Hopper 3,http://operations.connect.na.local/support/Reliability/AppleyBridge/PlantAssetDocs/L1_Filler_Delivery_and_Mixing_System.pdf,,L1_Filler_Delivery_and_Mixing_System.pdf
M6101,"L1 Polymer Delivery System (Hopper and Screw, Portable)",http://operations.connect.na.local/support/Reliability/AppleyBridge/PlantAssetDocs/L1_Filler_Delivery_and_Mixing_System.pdf,,L1_Filler_Delivery_and_Mixing_System.pdf
M6183,L1 Dissolver Tank 1 (Mixer),http://operations.connect.na.local/support/Reliability/AppleyBridge/PlantAssetDocs/L1_Filler_Delivery_and_Mixing_System.pdf,,L1_Filler_Delivery_and_Mixing_System.pdf
M6185,L1 Dissolver Tank 2 (Mixer),http://operations.connect.na.local/support/Reliability/AppleyBridge/PlantAssetDocs/L1_Filler_Delivery_and_Mixing_System.pdf,,L1_Filler_Delivery_and_Mixing_System.pdf
M6187,L1 Dissolver Tank 3 (Mixer),http://operations.connect.na.local/support/Reliability/AppleyBridge/PlantAssetDocs/L1_Filler_Delivery_and_Mixing_System.pdf,,L1_Filler_Delivery_and_Mixing_System.pdf
M6188,"L1 Asphalt Coater Feeding Pump (from Mixers 1, 2, 3)",http://operations.connect.na.local/support/Reliability/AppleyBridge/PlantAssetDocs/L1_Filler_Delivery_and_Mixing_System.pdf,,L1_Filler_Delivery_and_Mixing_System.pdf
M6189,"L1 Asphalt Cross Delivery Pump (P3, Mixer 1 to Line 2)",http://operations.connect.na.local/support/Reliability/AppleyBridge/PlantAssetDocs/L1_Filler_Delivery_and_Mixing_System.pdf,,L1_Filler_Delivery_and_Mixing_System.pdf
M6195,"L1 Mill 1 (Bitumen Systems, Big Shear Mixer for Mixer 1)",http://operations.connect.na.local/support/Reliability/AppleyBridge/PlantAssetDocs/L1_Filler_Delivery_and_Mixing_System.pdf,,L1_Filler_Delivery_and_Mixing_System.pdf
M6199,L1 Mill 2 (Small Shear Mixer for Mixer 2 and 3),http://operations.connect.na.local/support/Reliability/AppleyBridge/PlantAssetDocs/L1_Filler_Delivery_and_Mixing_System.pdf,,L1_Filler_Delivery_and_Mixing_System.pdf
M6272,L1 Mixing Piping and Valve System,http://operations.connect.na.local/support/Reliability/AppleyBridge/PlantAssetDocs/L2_Mod_Line_Mixing_System.pdf,,L2_Mod_Line_Mixing_System.pdf
M6403,L1 Unwind Stand,http://operations.connect.na.local/support/Reliability/AppleyBridge/PlantAssetDocs/L1_Unwinding_System_with_Test.pdf,,L1_Unwinding_System_with_Test.pdf
M6403,L1 Unwind Stand,http://operations.connect.na.local/support/Reliability/AppleyBridge/PlantAssetDocs/L1_Unwinding_System.pdf,,L1_Unwinding_System.pdf
M6407,L1 Splice Table (Stitch On),http://operations.connect.na.local/support/Reliability/AppleyBridge/PlantAssetDocs/L1_Unwinding_System_with_Test.pdf,,L1_Unwinding_System_with_Test.pdf
M6407,L1 Splice Table (Stitch On),http://operations.connect.na.local/support/Reliability/AppleyBridge/PlantAssetDocs/L1_Unwinding_System.pdf,,L1_Unwinding_System.pdf
M6432,L1 Dry Mat Looper Entry Pull Rolls (S-Wrap),http://operations.connect.na.local/support/Reliability/AppleyBridge/PlantAssetDocs/L1_Dry_Mat_Looper_System.pdf,,L1_Dry_Mat_Looper_System.pdf
M6433,L1 Dry Mat Looper Frame System (Bottom Rolls),http://operations.connect.na.local/support/Reliability/AppleyBridge/PlantAssetDocs/L1_Dry_Mat_Looper_System.pdf,,L1_Dry_Mat_Looper_System.pdf
M6436,L1 Dry Mat Looper Carriage (Top Rolls),http://operations.connect.na.local/support/Reliability/AppleyBridge/PlantAssetDocs/L1_Dry_Mat_Looper_System.pdf,,L1_Dry_Mat_Looper_System.pdf
M6439,L1 Dry Mat Looper Counter Weight System,http://operations.connect.na.local/support/Reliability/AppleyBridge/PlantAssetDocs/L1_Dry_Mat_Looper_System.pdf,,L1_Dry_Mat_Looper_System.pdf
M6463,L1 Dry Mat Preheating Entry Rolls,http://operations.connect.na.local/support/Reliability/AppleyBridge/PlantAssetDocs/L1_Dry_Mat_Preheating_System.pdf,,L1_Dry_Mat_Preheating_System.pdf
M6466,L1 Dry Mat Preheating Roll (Bottom),http://operations.connect.na.local/support/Reliability/AppleyBridge/PlantAssetDocs/L1_Dry_Mat_Preheating_System.pdf,,L1_Dry_Mat_Preheating_System.pdf
M6469,L1 Dry Mat Preheating Roll (Top),http://operations.connect.na.local/support/Reliability/AppleyBridge/PlantAssetDocs/L1_Dry_Mat_Preheating_System.pdf,,L1_Dry_Mat_Preheating_System.pdf
M6472,L1 Dry Mat Preheating Carry-over Rolls (3),http://operations.connect.na.local/support/Reliability/AppleyBridge/PlantAssetDocs/L1_Dry_Mat_Preheating_System.pdf,,L1_Dry_Mat_Preheating_System.pdf
M6475,L1 Dry Mat Preheating Dancer Roll,http://operations.connect.na.local/support/Reliability/AppleyBridge/PlantAssetDocs/L1_Dry_Mat_Preheating_System.pdf,,L1_Dry_Mat_Preheating_System.pdf
M6483,L1 Saturator Entry Roll,http://operations.connect.na.local/support/Reliability/AppleyBridge/PlantAssetDocs/L1_Saturator_System.pdf,,L1_Saturator_System.pdf
M6486,L1 Saturator Entry Feed Rolls (7),http://operations.connect.na.local/support/Reliability/AppleyBridge/PlantAssetDocs/L1_Saturator_System.pdf,,L1_Saturator_System.pdf
M6488,L1 Saturator (Frame and Pan),http://operations.connect.na.local/support/Reliability/AppleyBridge/PlantAssetDocs/L1_Saturator_System.pdf,,L1_Saturator_System.pdf
M6490,"L1 Saturator Dipping Rolls (7, Sinkers)",http://operations.connect.na.local/support/Reliability/AppleyBridge/PlantAssetDocs/L1_Saturator_System.pdf,,L1_Saturator_System.pdf
M6493,L1 Saturator Calendar Entry Roll,http://operations.connect.na.local/support/Reliability/AppleyBridge/PlantAssetDocs/L1_Saturator_System.pdf,,L1_Saturator_System.pdf
M6496,L1 Saturator Top Calendar Roll (Top Nip),http://operations.connect.na.local/support/Reliability/AppleyBridge/PlantAssetDocs/L1_Saturator_System.pdf,,L1_Saturator_System.pdf
M6497,L1 Saturator Bottom Calendar Roll (Bottom Nip),http://operations.connect.na.local/support/Reliability/AppleyBridge/PlantAssetDocs/L1_Saturator_System.pdf,,L1_Saturator_System.pdf
M6498,L1 Saturator Exit Roll,http://operations.connect.na.local/support/Reliability/AppleyBridge/PlantAssetDocs/L1_Saturator_System.pdf,,L1_Saturator_System.pdf
M6501,L1 Saturator Asphalt Re-circulation Pump ,http://operations.connect.na.local/support/Reliability/AppleyBridge/PlantAssetDocs/L1_Saturator_System.pdf,,L1_Saturator_System.pdf
M6503,L1 Saturator Asphalt Return Heat Exchanger (Bottom),http://operations.connect.na.local/support/Reliability/AppleyBridge/PlantAssetDocs/L1_Saturator_System.pdf,,L1_Saturator_System.pdf
M6504,L1 Saturator Asphalt Return Heat Exchanger (Top),http://operations.connect.na.local/support/Reliability/AppleyBridge/PlantAssetDocs/L1_Saturator_System.pdf,,L1_Saturator_System.pdf
M6507,L1 Saturator Exit Pull Rolls,http://operations.connect.na.local/support/Reliability/AppleyBridge/PlantAssetDocs/L1_Saturator_System.pdf,,L1_Saturator_System.pdf
M6510,L1 Graphite By-pass Rolls (6),http://operations.connect.na.local/support/Reliability/AppleyBridge/PlantAssetDocs/L1_Saturator_System.pdf,,L1_Saturator_System.pdf
M6518,L1 Graphite Applicator,http://operations.connect.na.local/support/Reliability/AppleyBridge/PlantAssetDocs/L1_Saturator_System.pdf,,L1_Saturator_System.pdf
M6520,L1 Graphite Reclaim / Delivery Screw,http://operations.connect.na.local/support/Reliability/AppleyBridge/PlantAssetDocs/L1_Saturator_System.pdf,,L1_Saturator_System.pdf
M6527,L1 Aluminium Film Applicator,http://operations.connect.na.local/support/Reliability/AppleyBridge/PlantAssetDocs/L1_Saturator_System.pdf,,L1_Saturator_System.pdf
M6530,L1 Aluminium Film Application Rolls (5),http://operations.connect.na.local/support/Reliability/AppleyBridge/PlantAssetDocs/L1_Saturator_System.pdf,,L1_Saturator_System.pdf
M6562,L1 Coater Entry Roll (with Scraper),http://operations.connect.na.local/support/Reliability/AppleyBridge/PlantAssetDocs/L1_Coating_System.pdf,,L1_Coating_System.pdf
M6565,L1 Coater Frame and Pan,http://operations.connect.na.local/support/Reliability/AppleyBridge/PlantAssetDocs/L1_Coating_System.pdf,,L1_Coating_System.pdf
M6568,L1 Coater Dipping Roll,http://operations.connect.na.local/support/Reliability/AppleyBridge/PlantAssetDocs/L1_Coating_System.pdf,,L1_Coating_System.pdf
M6569,L1 Coating Applicator,http://operations.connect.na.local/support/Reliability/AppleyBridge/PlantAssetDocs/L1_Coating_System.pdf,,L1_Coating_System.pdf
M6570,L1 Coater Support Roll,http://operations.connect.na.local/support/Reliability/AppleyBridge/PlantAssetDocs/L1_Coating_System.pdf,,L1_Coating_System.pdf
M6584,L1 Coater Top Calendar Roll (Top Nip),http://operations.connect.na.local/support/Reliability/AppleyBridge/PlantAssetDocs/L1_Coating_System.pdf,,L1_Coating_System.pdf
M6588,L1 Coater Bottom Calendar Roll (Bottom Nip),http://operations.connect.na.local/support/Reliability/AppleyBridge/PlantAssetDocs/L1_Coating_System.pdf,,L1_Coating_System.pdf
M6591,L1 Coater Back Coating Scraper,http://operations.connect.na.local/support/Reliability/AppleyBridge/PlantAssetDocs/L1_Coating_System.pdf,,L1_Coating_System.pdf
M6610,L1 Coater Asphalt Circulation Pump,http://operations.connect.na.local/support/Reliability/AppleyBridge/PlantAssetDocs/L1_Coating_System.pdf,,L1_Coating_System.pdf
M6678,Salvage Film System,http://operations.connect.na.local/support/Reliability/AppleyBridge/PlantAssetDocs/L1_Slating_Section_System.pdf,,L1_Slating_Section_System.pdf
M6684,L1 Sand Use Bin (Reception),http://operations.connect.na.local/support/Reliability/AppleyBridge/PlantAssetDocs/L1_Slating_Section_System.pdf,,L1_Slating_Section_System.pdf
M6686,"L1 Sand Applicator (Top, with Hopper and Blue Belt)",http://operations.connect.na.local/support/Reliability/AppleyBridge/PlantAssetDocs/L1_Slating_Section_System.pdf,,L1_Slating_Section_System.pdf
M6690,L1 Bottom Slate Drum (First Contact),http://operations.connect.na.local/support/Reliability/AppleyBridge/PlantAssetDocs/L1_Slating_Section_System.pdf,,L1_Slating_Section_System.pdf
M6698,L1 Top Slate Drum,http://operations.connect.na.local/support/Reliability/AppleyBridge/PlantAssetDocs/L1_Slating_Section_System.pdf,,L1_Slating_Section_System.pdf
M6710,L1 Granule / Sand Reclaim Belt Conveyor (Double Return),http://operations.connect.na.local/support/Reliability/AppleyBridge/PlantAssetDocs/L1_Slating_Section_System.pdf,,L1_Slating_Section_System.pdf
M6718,L1 Sand Reclaim / Delivery Elevator,http://operations.connect.na.local/support/Reliability/AppleyBridge/PlantAssetDocs/L1_Slating_Section_System.pdf,,L1_Slating_Section_System.pdf
M6721,L1 Granule Use Bin (Reception),http://operations.connect.na.local/support/Reliability/AppleyBridge/PlantAssetDocs/L1_Slating_Section_System.pdf,,L1_Slating_Section_System.pdf
M6723,"L1 Granule Applicator (Bottom, with Hopper and Blue Belt)",http://operations.connect.na.local/support/Reliability/AppleyBridge/PlantAssetDocs/L1_Slating_Section_System.pdf,,L1_Slating_Section_System.pdf
M6725,L1 Granule Reclaim Conveyor,http://operations.connect.na.local/support/Reliability/AppleyBridge/PlantAssetDocs/L1_Slating_Section_System.pdf,,L1_Slating_Section_System.pdf
M6727,L1 Granule Reclaim Elevator,http://operations.connect.na.local/support/Reliability/AppleyBridge/PlantAssetDocs/L1_Slating_Section_System.pdf,,L1_Slating_Section_System.pdf
M6729,L1 Granule / Sand Separator,http://operations.connect.na.local/support/Reliability/AppleyBridge/PlantAssetDocs/L1_Slating_Section_System.pdf,,L1_Slating_Section_System.pdf
M6755,L1 Cooling Rolls (Section 1),http://operations.connect.na.local/support/Reliability/AppleyBridge/PlantAssetDocs/L1_Cooling_Section_System.pdf,,L1_Cooling_Section_System.pdf
M6756,L1 Cooling Section Roll Scrapers,http://operations.connect.na.local/support/Reliability/AppleyBridge/PlantAssetDocs/L1_Cooling_Section_System.pdf,,L1_Cooling_Section_System.pdf
M6767,L1 Cooling Section Spray System,http://operations.connect.na.local/support/Reliability/AppleyBridge/PlantAssetDocs/L1_Cooling_Section_System.pdf,,L1_Cooling_Section_System.pdf
M6775,"L1 Cooling Tension Roll 1 (Dancer, Section 1 to Section 2)",http://operations.connect.na.local/support/Reliability/AppleyBridge/PlantAssetDocs/L1_Cooling_Section_System.pdf,,L1_Cooling_Section_System.pdf
M6777,L1 Cooling Rolls (Section 2),http://operations.connect.na.local/support/Reliability/AppleyBridge/PlantAssetDocs/L1_Cooling_Section_System.pdf,,L1_Cooling_Section_System.pdf
M6781,"L1 Cooling Tension Roll 2 (Dancer, Section 2 to Section 3)",http://operations.connect.na.local/support/Reliability/AppleyBridge/PlantAssetDocs/L1_Cooling_Section_System.pdf,,L1_Cooling_Section_System.pdf
M6783,L1 Cooling Rolls (Section 3),http://operations.connect.na.local/support/Reliability/AppleyBridge/PlantAssetDocs/L1_Cooling_Section_System.pdf,,L1_Cooling_Section_System.pdf
M6787,L1 Cooling Section Exit Rolls,http://operations.connect.na.local/support/Reliability/AppleyBridge/PlantAssetDocs/L1_Cooling_Section_System.pdf,,L1_Cooling_Section_System.pdf
M6803,"L1 FPL Rolls, Frame and Catwalks (Section 1)",http://operations.connect.na.local/support/Reliability/AppleyBridge/PlantAssetDocs/L1_Finish_Product_Looper_System.pdf,,L1_Finish_Product_Looper_System.pdf
M6804,"L1 FPL Exit Rolls (Section 1, 2 Rolls)",http://operations.connect.na.local/support/Reliability/AppleyBridge/PlantAssetDocs/L1_Finish_Product_Looper_System.pdf,,L1_Finish_Product_Looper_System.pdf
M6805,L1 FPL Exit Pull Rolls (Section 1),http://operations.connect.na.local/support/Reliability/AppleyBridge/PlantAssetDocs/L1_Finish_Product_Looper_System.pdf,,L1_Finish_Product_Looper_System.pdf
M6835,L1 FPL Entry Rolls (Section 2),http://operations.connect.na.local/support/Reliability/AppleyBridge/PlantAssetDocs/L1_Finish_Product_Looper_System.pdf,,L1_Finish_Product_Looper_System.pdf
M6837,"L1 FPL Rolls, Frame and Catwalks (Section 2)",http://operations.connect.na.local/support/Reliability/AppleyBridge/PlantAssetDocs/L1_Finish_Product_Looper_System.pdf,,L1_Finish_Product_Looper_System.pdf
M6840,"L1 FPL Exit Rolls (Section 2, 5 Rolls)",http://operations.connect.na.local/support/Reliability/AppleyBridge/PlantAssetDocs/L1_Finish_Product_Looper_System.pdf,,L1_Finish_Product_Looper_System.pdf
M6842,L1 FPL Exit Web Guide,http://operations.connect.na.local/support/Reliability/AppleyBridge/PlantAssetDocs/L1_Finish_Product_Looper_System.pdf,,L1_Finish_Product_Looper_System.pdf
M6845,L1 FPL Dancer Rolls,http://operations.connect.na.local/support/Reliability/AppleyBridge/PlantAssetDocs/L1_Finish_Product_Looper_System.pdf,,L1_Finish_Product_Looper_System.pdf
M6850,L1 Water Jet Entry Web Guide,http://operations.connect.na.local/support/Reliability/AppleyBridge/PlantAssetDocs/L1_Finish_Product_Looper_System.pdf,,L1_Finish_Product_Looper_System.pdf
M6851,L1 Water Jet Unit,http://operations.connect.na.local/support/Reliability/AppleyBridge/PlantAssetDocs/L1_Finish_Product_Looper_System.pdf,,L1_Finish_Product_Looper_System.pdf
M6855,L1 Water Jet Scrap Conveyor,http://operations.connect.na.local/support/Reliability/AppleyBridge/PlantAssetDocs/L1_Finish_Product_Looper_System.pdf,,L1_Finish_Product_Looper_System.pdf
M6903,L1 Winder Entry Roll,http://operations.connect.na.local/support/Reliability/AppleyBridge/PlantAssetDocs/L1_Roll_Winder_System.pdf,,L1_Roll_Winder_System.pdf
M6906,L1 Winder Top Metering Roll,http://operations.connect.na.local/support/Reliability/AppleyBridge/PlantAssetDocs/L1_Roll_Winder_System.pdf,,L1_Roll_Winder_System.pdf
M6910,L1 Winder Bottom Metering Roll,http://operations.connect.na.local/support/Reliability/AppleyBridge/PlantAssetDocs/L1_Roll_Winder_System.pdf,,L1_Roll_Winder_System.pdf
M6914,L1 Winder Cross-cut Knife,http://operations.connect.na.local/support/Reliability/AppleyBridge/PlantAssetDocs/L1_Roll_Winder_System.pdf,,L1_Roll_Winder_System.pdf
M6918,L1 Winder Hold Down Bar (Knife Clamp),http://operations.connect.na.local/support/Reliability/AppleyBridge/PlantAssetDocs/L1_Roll_Winder_System.pdf,,L1_Roll_Winder_System.pdf
M6921,L1 Winder Tape Dispenser 1,http://operations.connect.na.local/support/Reliability/AppleyBridge/PlantAssetDocs/L1_Roll_Winder_System.pdf,,L1_Roll_Winder_System.pdf
M6922,L1 Winder Tape Dispenser 2,http://operations.connect.na.local/support/Reliability/AppleyBridge/PlantAssetDocs/L1_Roll_Winder_System.pdf,,L1_Roll_Winder_System.pdf
M6923,L1 Winder Tape Dispenser 3,http://operations.connect.na.local/support/Reliability/AppleyBridge/PlantAssetDocs/L1_Roll_Winder_System.pdf,,L1_Roll_Winder_System.pdf
M6930,L1 Winder Mandrel and Ejection System,http://operations.connect.na.local/support/Reliability/AppleyBridge/PlantAssetDocs/L1_Roll_Winder_System.pdf,,L1_Roll_Winder_System.pdf
M6935,L1 Winder Hydraulic System,http://operations.connect.na.local/support/Reliability/AppleyBridge/PlantAssetDocs/L1_Roll_Winder_System.pdf,,L1_Roll_Winder_System.pdf
M6940,L1 Winder Pneumatic System,http://operations.connect.na.local/support/Reliability/AppleyBridge/PlantAssetDocs/L1_Roll_Winder_System.pdf,,L1_Roll_Winder_System.pdf
M7125,L1 Wrapper Belt Conveyor,http://operations.connect.na.local/support/Reliability/AppleyBridge/PlantAssetDocs/L1_Wrapper_System.pdf,,L1_Wrapper_System.pdf
M7128,L1 Wrapper Belt Turn Table,http://operations.connect.na.local/support/Reliability/AppleyBridge/PlantAssetDocs/L1_Wrapper_System.pdf,,L1_Wrapper_System.pdf
M7131,L1 Wrapper Belt Scale Conveyor,http://operations.connect.na.local/support/Reliability/AppleyBridge/PlantAssetDocs/L1_Wrapper_System.pdf,,L1_Wrapper_System.pdf
M7134,L1 Wrapper Entry Roll Conveyor (with Lift),http://operations.connect.na.local/support/Reliability/AppleyBridge/PlantAssetDocs/L1_Wrapper_System.pdf,,L1_Wrapper_System.pdf
M7137,L1 Wrapper Rotating Triangular Table,http://operations.connect.na.local/support/Reliability/AppleyBridge/PlantAssetDocs/L1_Wrapper_System.pdf,,L1_Wrapper_System.pdf
M7140,L1 Wrapper Cutter and Glue Applicator,http://operations.connect.na.local/support/Reliability/AppleyBridge/PlantAssetDocs/L1_Wrapper_System.pdf,,L1_Wrapper_System.pdf
M7145,L1 Wrapper Exit Belt Conveyor,http://operations.connect.na.local/support/Reliability/AppleyBridge/PlantAssetDocs/L1_Wrapper_System.pdf,,L1_Wrapper_System.pdf
M7148,L1 Wrapper Exit Incline Belt Conveyor,http://operations.connect.na.local/support/Reliability/AppleyBridge/PlantAssetDocs/L1_Wrapper_System.pdf,,L1_Wrapper_System.pdf
M7151,L1 Wrapper Inkjet Printer,http://operations.connect.na.local/support/Reliability/AppleyBridge/PlantAssetDocs/L1_Wrapper_System.pdf,,L1_Wrapper_System.pdf
M7505,L1 Palletizer Roll Conveyor (with Lifter),http://operations.connect.na.local/support/Reliability/AppleyBridge/PlantAssetDocs/L1_Palletizing_System.pdf,,L1_Palletizing_System.pdf
M7506,L1 Palletizer Roll Reject Conveyor,http://operations.connect.na.local/support/Reliability/AppleyBridge/PlantAssetDocs/L1_Palletizing_System.pdf,,L1_Palletizing_System.pdf
M7507,L1 Palletizer Roll Stacker (Half Track),http://operations.connect.na.local/support/Reliability/AppleyBridge/PlantAssetDocs/L1_Palletizing_System.pdf,,L1_Palletizing_System.pdf
M7516,L1 Palletizer Pallet Dispenser,http://operations.connect.na.local/support/Reliability/AppleyBridge/PlantAssetDocs/L1_Palletizing_System.pdf,,L1_Palletizing_System.pdf
M7520,L1 Palletizer Pallet Dispenser Conveyor,http://operations.connect.na.local/support/Reliability/AppleyBridge/PlantAssetDocs/L1_Palletizing_System.pdf,,L1_Palletizing_System.pdf
M7528,L1 Palletizer Loading Conveyor,http://operations.connect.na.local/support/Reliability/AppleyBridge/PlantAssetDocs/L1_Palletizing_System.pdf,,L1_Palletizing_System.pdf
M7545,L1 Pallet Overturn Table (Lift),http://operations.connect.na.local/support/Reliability/AppleyBridge/PlantAssetDocs/L1_Palletizing_System.pdf,,L1_Palletizing_System.pdf
M7547,L1 Palletizer Unit,http://operations.connect.na.local/support/Reliability/AppleyBridge/PlantAssetDocs/L1_Palletizing_System.pdf,,L1_Palletizing_System.pdf
M7550,L1 Binding Unit,http://operations.connect.na.local/support/Reliability/AppleyBridge/PlantAssetDocs/L1_Palletizing_System.pdf,,L1_Palletizing_System.pdf
M7555,L1 Binding Conveyor,http://operations.connect.na.local/support/Reliability/AppleyBridge/PlantAssetDocs/L1_Palletizing_System.pdf,,L1_Palletizing_System.pdf
M7560,L1 Binding Height Adjustable Conveyor,http://operations.connect.na.local/support/Reliability/AppleyBridge/PlantAssetDocs/L1_Palletizing_System.pdf,,L1_Palletizing_System.pdf
M7563,L1 Palletizer Transfer Belt Conveyor 1 (Steel),http://operations.connect.na.local/support/Reliability/AppleyBridge/PlantAssetDocs/L1_Palletizing_System.pdf,,L1_Palletizing_System.pdf
M7564,L1 Palletizer Transfer Belt Conveyor 2 (Steel),http://operations.connect.na.local/support/Reliability/AppleyBridge/PlantAssetDocs/L1_Palletizing_System.pdf,,L1_Palletizing_System.pdf
M7565,L1 Palletizer Transfer Belt Conveyor 3 (Steel),http://operations.connect.na.local/support/Reliability/AppleyBridge/PlantAssetDocs/L1_Palletizing_System.pdf,,L1_Palletizing_System.pdf
M7570,L1 Palletizer Shuttle Conveyor,http://operations.connect.na.local/support/Reliability/AppleyBridge/PlantAssetDocs/L1_Palletizing_System.pdf,,L1_Palletizing_System.pdf
M7905,Pallet Bagging Unit (MSKI),http://operations.connect.na.local/support/Reliability/AppleyBridge/PlantAssetDocs/Pallet_Bagging_System.pdf,,Pallet_Bagging_System.pdf
M7908,Pallet Bagging Chain Conveyor,http://operations.connect.na.local/support/Reliability/AppleyBridge/PlantAssetDocs/Pallet_Bagging_System.pdf,,Pallet_Bagging_System.pdf
M7910,Pallet Bagging Exit Belt Conveyor 1 (Steel),http://operations.connect.na.local/support/Reliability/AppleyBridge/PlantAssetDocs/Pallet_Bagging_System.pdf,,Pallet_Bagging_System.pdf
M7912,Pallet Bagging Exit Turn Belt Conveyor (Steel),http://operations.connect.na.local/support/Reliability/AppleyBridge/PlantAssetDocs/Pallet_Bagging_System.pdf,,Pallet_Bagging_System.pdf
M7914,Pallet Bagging Exit Belt Conveyor 2 (Steel),http://operations.connect.na.local/support/Reliability/AppleyBridge/PlantAssetDocs/Pallet_Bagging_System.pdf,,Pallet_Bagging_System.pdf
M7916,Pallet Bagging Exit Belt Conveyor 3 (Steel),http://operations.connect.na.local/support/Reliability/AppleyBridge/PlantAssetDocs/Pallet_Bagging_System.pdf,,Pallet_Bagging_System.pdf
