C0102,Employee Parking Lots,http://operations.connect.na.local/support/Reliability/IKOAshcroft/PlantAssetDocs/Ashcroft_Land.pdf,,Ashcroft_Land.pdf
C0103,Lawn,http://operations.connect.na.local/support/Reliability/IKOAshcroft/PlantAssetDocs/Ashcroft_Land.pdf,,Ashcroft_Land.pdf
C0106,Pavement / Concrete Slabs / Concrete Barriers and Walls,http://operations.connect.na.local/support/Reliability/IKOAshcroft/PlantAssetDocs/Ashcroft_Land.pdf,,Ashcroft_Land.pdf
C0123,Fences / Gates / Posts and Signs,http://operations.connect.na.local/support/Reliability/IKOAshcroft/PlantAssetDocs/Ashcroft_Land.pdf,,Ashcroft_Land.pdf
C0124,"Truck Scale (70,000 kg)",http://operations.connect.na.local/support/Reliability/IKOAshcroft/PlantAssetDocs/Ashcroft_Land.pdf,,Ashcroft_Land.pdf
C0418,Main Production Line Building,http://operations.connect.na.local/support/Reliability/IKOAshcroft/PlantAssetDocs/Main_Building.pdf,,Main_Building.pdf
C0419,MPLB Roof/Structure,http://operations.connect.na.local/support/Reliability/IKOAshcroft/PlantAssetDocs/Main_Production_Line_Building.pdf,,Main_Production_Line_Building.pdf
C0420,MPLB Electrical / Lighting,http://operations.connect.na.local/support/Reliability/IKOAshcroft/PlantAssetDocs/Main_Production_Line_Building.pdf,,Main_Production_Line_Building.pdf
C0421,MPLB HVAC / Heating,http://operations.connect.na.local/support/Reliability/IKOAshcroft/PlantAssetDocs/Main_Production_Line_Building.pdf,,Main_Production_Line_Building.pdf
C0422,MPLB Stairs / Catwalks,http://operations.connect.na.local/support/Reliability/IKOAshcroft/PlantAssetDocs/Main_Production_Line_Building.pdf,,Main_Production_Line_Building.pdf
C0423,MPLB Doors / Overhead Doors / Locks,http://operations.connect.na.local/support/Reliability/IKOAshcroft/PlantAssetDocs/Main_Production_Line_Building.pdf,,Main_Production_Line_Building.pdf
C0424,MPLB Concrete Slab / Pits / Sumps,http://operations.connect.na.local/support/Reliability/IKOAshcroft/PlantAssetDocs/Main_Production_Line_Building.pdf,,Main_Production_Line_Building.pdf
C0431,MPLB Offices,http://operations.connect.na.local/support/Reliability/IKOAshcroft/PlantAssetDocs/Main_Production_Line_Building.pdf,,Main_Production_Line_Building.pdf
C0433,MPLB Plumbing / Sewage,http://operations.connect.na.local/support/Reliability/IKOAshcroft/PlantAssetDocs/Main_Production_Line_Building.pdf,,Main_Production_Line_Building.pdf
C0617,Building System Fans,http://operations.connect.na.local/support/Reliability/IKOAshcroft/PlantAssetDocs/Main_Production_Line_Building.pdf,,Main_Production_Line_Building.pdf
C0618,Exhaust Fan 4 (Colour Penthouse West Wall),http://operations.connect.na.local/support/Reliability/IKOAshcroft/PlantAssetDocs/Building_System_Fans.pdf,,Building_System_Fans.pdf
C0619,Exhaust Fan 5 (Colour Plant North),http://operations.connect.na.local/support/Reliability/IKOAshcroft/PlantAssetDocs/Building_System_Fans.pdf,,Building_System_Fans.pdf
C0620,Exhaust Fan 6 (Colour Plant South),http://operations.connect.na.local/support/Reliability/IKOAshcroft/PlantAssetDocs/Building_System_Fans.pdf,,Building_System_Fans.pdf
C0621,Exhaust Fan 7 (Heavy Duty Shop),http://operations.connect.na.local/support/Reliability/IKOAshcroft/PlantAssetDocs/Building_System_Fans.pdf,,Building_System_Fans.pdf
C0622,Exhaust Fan 8,http://operations.connect.na.local/support/Reliability/IKOAshcroft/PlantAssetDocs/Building_System_Fans.pdf,,Building_System_Fans.pdf
C0623,Exhaust Fan 9 (Mechanical Shop),http://operations.connect.na.local/support/Reliability/IKOAshcroft/PlantAssetDocs/Building_System_Fans.pdf,,Building_System_Fans.pdf
C0624,Extraction Fan (Shop Welding Fume),http://operations.connect.na.local/support/Reliability/IKOAshcroft/PlantAssetDocs/Building_System_Fans.pdf,,Building_System_Fans.pdf
C0625,Exhaust Fan (Heavy Duty Repair Shop),http://operations.connect.na.local/support/Reliability/IKOAshcroft/PlantAssetDocs/Building_System_Fans.pdf,,Building_System_Fans.pdf
C0630,Cooling Fan 1 (Compressor Room),http://operations.connect.na.local/support/Reliability/IKOAshcroft/PlantAssetDocs/Building_System_Fans.pdf,,Building_System_Fans.pdf
C0631,Cooling Fan 2 (Compressor Room),http://operations.connect.na.local/support/Reliability/IKOAshcroft/PlantAssetDocs/Building_System_Fans.pdf,,Building_System_Fans.pdf
C0632,Cooling Fan 3 (Compressor Room),http://operations.connect.na.local/support/Reliability/IKOAshcroft/PlantAssetDocs/Building_System_Fans.pdf,,Building_System_Fans.pdf
C0852,Make Up Air Unit Systems (MUA),http://operations.connect.na.local/support/Reliability/IKOAshcroft/PlantAssetDocs/Main_Production_Line_Building.pdf,,Main_Production_Line_Building.pdf
C0854,Make Up Air Unit 1 (Locker Room),http://operations.connect.na.local/support/Reliability/IKOAshcroft/PlantAssetDocs/Make_Up_Air_Units.pdf,,Make_Up_Air_Units.pdf
C0855,Make Up Air Unit 2 (Maintenance Shop),http://operations.connect.na.local/support/Reliability/IKOAshcroft/PlantAssetDocs/Make_Up_Air_Units.pdf,,Make_Up_Air_Units.pdf
C0856,Make Up Air Unit 3 (Mechanics Bay),http://operations.connect.na.local/support/Reliability/IKOAshcroft/PlantAssetDocs/Make_Up_Air_Units.pdf,,Make_Up_Air_Units.pdf
C0884,Heating/Air Conditioning Roof Top Unit (RTU) Systems,http://operations.connect.na.local/support/Reliability/IKOAshcroft/PlantAssetDocs/Main_Production_Line_Building.pdf,,Main_Production_Line_Building.pdf
C0886,Roof Top Unit 1 (Office),http://operations.connect.na.local/support/Reliability/IKOAshcroft/PlantAssetDocs/Roof_Top_Units.pdf,,Roof_Top_Units.pdf
C0887,Roof Top Unit 2 (Office),http://operations.connect.na.local/support/Reliability/IKOAshcroft/PlantAssetDocs/Roof_Top_Units.pdf,,Roof_Top_Units.pdf
C0888,Roof Top Unit 3 (Control Room),http://operations.connect.na.local/support/Reliability/IKOAshcroft/PlantAssetDocs/Roof_Top_Units.pdf,,Roof_Top_Units.pdf
C0889,Roof Top Unit 4 (Colour MCC Room),http://operations.connect.na.local/support/Reliability/IKOAshcroft/PlantAssetDocs/Roof_Top_Units.pdf,,Roof_Top_Units.pdf
C0890,Roof Top Unit 5 (East Tertiary MCC Room),http://operations.connect.na.local/support/Reliability/IKOAshcroft/PlantAssetDocs/Roof_Top_Units.pdf,,Roof_Top_Units.pdf
C0891,Roof Top Unit 6 (West Tertiary MCC Room),http://operations.connect.na.local/support/Reliability/IKOAshcroft/PlantAssetDocs/Roof_Top_Units.pdf,,Roof_Top_Units.pdf
C0892,Roof Top Unit 7 (Production Office),http://operations.connect.na.local/support/Reliability/IKOAshcroft/PlantAssetDocs/Roof_Top_Units.pdf,,Roof_Top_Units.pdf
C0893,Roof Top Unit 8,http://operations.connect.na.local/support/Reliability/IKOAshcroft/PlantAssetDocs/Roof_Top_Units.pdf,,Roof_Top_Units.pdf
C0920,Heaters,http://operations.connect.na.local/support/Reliability/IKOAshcroft/PlantAssetDocs/Main_Production_Line_Building.pdf,,Main_Production_Line_Building.pdf
C0921,Heater 1 (Silicate and Batch Tanks Area),http://operations.connect.na.local/support/Reliability/IKOAshcroft/PlantAssetDocs/Heaters.pdf,,Heaters.pdf
C0922,Heater 2 (Warehouse Door),http://operations.connect.na.local/support/Reliability/IKOAshcroft/PlantAssetDocs/Heaters.pdf,,Heaters.pdf
C0923,Heater 3 (Colour Sump Area),http://operations.connect.na.local/support/Reliability/IKOAshcroft/PlantAssetDocs/Heaters.pdf,,Heaters.pdf
C0924,Heater 4 (Preheater Area),http://operations.connect.na.local/support/Reliability/IKOAshcroft/PlantAssetDocs/Heaters.pdf,,Heaters.pdf
C0925,Heater 5 (Colour Sump Area),http://operations.connect.na.local/support/Reliability/IKOAshcroft/PlantAssetDocs/Heaters.pdf,,Heaters.pdf
C0926,Heater 6 (North Wall),http://operations.connect.na.local/support/Reliability/IKOAshcroft/PlantAssetDocs/Heaters.pdf,,Heaters.pdf
C0927,Heater 7 (South Wall),http://operations.connect.na.local/support/Reliability/IKOAshcroft/PlantAssetDocs/Heaters.pdf,,Heaters.pdf
C0928,Heater 8 (Machine Shop),http://operations.connect.na.local/support/Reliability/IKOAshcroft/PlantAssetDocs/Heaters.pdf,,Heaters.pdf
C0929,Heater 9 (Heavy Duty Mechanical Shop),http://operations.connect.na.local/support/Reliability/IKOAshcroft/PlantAssetDocs/Heaters.pdf,,Heaters.pdf
C0930,Heater 10 (Freshwater Pumphouse),http://operations.connect.na.local/support/Reliability/IKOAshcroft/PlantAssetDocs/Heaters.pdf,,Heaters.pdf
C0931,Heater 11 (Colour 2nd Floor West Wall),http://operations.connect.na.local/support/Reliability/IKOAshcroft/PlantAssetDocs/Heaters.pdf,,Heaters.pdf
C0932,"Heater 12 (Gas, Rock Dryer Control)",http://operations.connect.na.local/support/Reliability/IKOAshcroft/PlantAssetDocs/Heaters.pdf,,Heaters.pdf
C0940,Cooling Units/Air Conditioners,http://operations.connect.na.local/support/Reliability/IKOAshcroft/PlantAssetDocs/Main_Production_Line_Building.pdf,,Main_Production_Line_Building.pdf
C0941,Cooling Unit (Office Main Server),http://operations.connect.na.local/support/Reliability/IKOAshcroft/PlantAssetDocs/Air_Conditioners.pdf,,Air_Conditioners.pdf
C0942,Air Conditioner 1 (Meeting Room),http://operations.connect.na.local/support/Reliability/IKOAshcroft/PlantAssetDocs/Air_Conditioners.pdf,,Air_Conditioners.pdf
C0943,Air Conditioner 2 (Board Room),http://operations.connect.na.local/support/Reliability/IKOAshcroft/PlantAssetDocs/Air_Conditioners.pdf,,Air_Conditioners.pdf
C0944,Air Conditioner 3 (Electrical Office Room),http://operations.connect.na.local/support/Reliability/IKOAshcroft/PlantAssetDocs/Air_Conditioners.pdf,,Air_Conditioners.pdf
C0945,Air Conditioner 4 (Maintenance Office Room),http://operations.connect.na.local/support/Reliability/IKOAshcroft/PlantAssetDocs/Air_Conditioners.pdf,,Air_Conditioners.pdf
C0946,Air Conditioner 5 (Day Crew Office),http://operations.connect.na.local/support/Reliability/IKOAshcroft/PlantAssetDocs/Air_Conditioners.pdf,,Air_Conditioners.pdf
C0947,Air Conditioner 6 (Production Office),http://operations.connect.na.local/support/Reliability/IKOAshcroft/PlantAssetDocs/Air_Conditioners.pdf,,Air_Conditioners.pdf
C0948,Air Conditioner 7 (First Aid Room),http://operations.connect.na.local/support/Reliability/IKOAshcroft/PlantAssetDocs/Air_Conditioners.pdf,,Air_Conditioners.pdf
C0949,Air Conditioner 8 (Conference Room),http://operations.connect.na.local/support/Reliability/IKOAshcroft/PlantAssetDocs/Air_Conditioners.pdf,,Air_Conditioners.pdf
C0950,Air Conditioner 9 (Electrical Office Room),http://operations.connect.na.local/support/Reliability/IKOAshcroft/PlantAssetDocs/Air_Conditioners.pdf,,Air_Conditioners.pdf
C0951,Air Conditioner 10 (Maintenance Office Room),http://operations.connect.na.local/support/Reliability/IKOAshcroft/PlantAssetDocs/Air_Conditioners.pdf,,Air_Conditioners.pdf
C0952,Air Conditioner 11 (Scale Shack),http://operations.connect.na.local/support/Reliability/IKOAshcroft/PlantAssetDocs/Air_Conditioners.pdf,,Air_Conditioners.pdf
C0953,Air Conditioner 12 (Scale Shack Unit A),http://operations.connect.na.local/support/Reliability/IKOAshcroft/PlantAssetDocs/Air_Conditioners.pdf,,Air_Conditioners.pdf
C0954,Air Conditioner 13 (Scale Shack Unit B),http://operations.connect.na.local/support/Reliability/IKOAshcroft/PlantAssetDocs/Air_Conditioners.pdf,,Air_Conditioners.pdf
C0970,Plant Site Pumphouse Building,http://operations.connect.na.local/support/Reliability/IKOAshcroft/PlantAssetDocs/Plant_Utility_Areas.pdf,,Plant_Utility_Areas.pdf
C0972,Emergency Response Team Shack,http://operations.connect.na.local/support/Reliability/IKOAshcroft/PlantAssetDocs/Plant_Utility_Areas.pdf,,Plant_Utility_Areas.pdf
C0975,Pump House (Plant Site),http://operations.connect.na.local/support/Reliability/IKOAshcroft/PlantAssetDocs/Plant_Utility_Building.pdf,,Plant_Utility_Building.pdf
C0976,Pump House (River),http://operations.connect.na.local/support/Reliability/IKOAshcroft/PlantAssetDocs/Plant_Utility_Areas.pdf,,Plant_Utility_Areas.pdf
C0976,Pump House (River),http://operations.connect.na.local/support/Reliability/IKOAshcroft/PlantAssetDocs/Plant_Utility_Building.pdf,,Plant_Utility_Building.pdf
C0978,Emergency Shack (Response Team),http://operations.connect.na.local/support/Reliability/IKOAshcroft/PlantAssetDocs/Plant_Utility_Building.pdf,,Plant_Utility_Building.pdf
C1098,Maintenance Shop Crane (10 Ton),http://operations.connect.na.local/support/Reliability/IKOAshcroft/PlantAssetDocs/Cranes_Hoists.pdf,,Cranes_Hoists.pdf
C1141,Secondary Crusher Crane (20 Ton),http://operations.connect.na.local/support/Reliability/IKOAshcroft/PlantAssetDocs/Cranes_Hoists.pdf,,Cranes_Hoists.pdf
C1142,Secondary Screen Crane (15 Ton),http://operations.connect.na.local/support/Reliability/IKOAshcroft/PlantAssetDocs/Cranes_Hoists.pdf,,Cranes_Hoists.pdf
C1143,Colour Crane 1 (3 Ton),http://operations.connect.na.local/support/Reliability/IKOAshcroft/PlantAssetDocs/Cranes_Hoists.pdf,,Cranes_Hoists.pdf
C1144,Tertiary Jib Crane 1 (1-Ton),http://operations.connect.na.local/support/Reliability/IKOAshcroft/PlantAssetDocs/Cranes_Hoists.pdf,,Cranes_Hoists.pdf
C1145,Tertiary Jib Crane 2 (1-Ton),http://operations.connect.na.local/support/Reliability/IKOAshcroft/PlantAssetDocs/Cranes_Hoists.pdf,,Cranes_Hoists.pdf
C1146,Tertiary Jib Crane 3 (1-Ton),http://operations.connect.na.local/support/Reliability/IKOAshcroft/PlantAssetDocs/Cranes_Hoists.pdf,,Cranes_Hoists.pdf
C1147,Tertiary Jib Crane 4 (2-Ton),http://operations.connect.na.local/support/Reliability/IKOAshcroft/PlantAssetDocs/Cranes_Hoists.pdf,,Cranes_Hoists.pdf
C1148,MPLB Jib Crane 5 (1 Ton),http://operations.connect.na.local/support/Reliability/IKOAshcroft/PlantAssetDocs/Cranes_Hoists.pdf,,Cranes_Hoists.pdf
C1149,MPLB Jib Crane 6 (1 Ton),http://operations.connect.na.local/support/Reliability/IKOAshcroft/PlantAssetDocs/Cranes_Hoists.pdf,,Cranes_Hoists.pdf
C1150,Colour Jib Crane 1 (1 Ton),http://operations.connect.na.local/support/Reliability/IKOAshcroft/PlantAssetDocs/Cranes_Hoists.pdf,,Cranes_Hoists.pdf
C1210,Colour Jib Crane 2 (1 Ton),http://operations.connect.na.local/support/Reliability/IKOAshcroft/PlantAssetDocs/Cranes_Hoists.pdf,,Cranes_Hoists.pdf
C1211,Colour Jib Crane 3 (1 Ton),http://operations.connect.na.local/support/Reliability/IKOAshcroft/PlantAssetDocs/Cranes_Hoists.pdf,,Cranes_Hoists.pdf
C1501,Main Office Server,http://operations.connect.na.local/support/Reliability/IKOAshcroft/PlantAssetDocs/Alarm_Telecommunications_and_Network.pdf,,Alarm_Telecommunications_and_Network.pdf
C1516,Telephone Equipment,http://operations.connect.na.local/support/Reliability/IKOAshcroft/PlantAssetDocs/Alarm_Telecommunications_and_Network.pdf,,Alarm_Telecommunications_and_Network.pdf
C1535,Radio Repeater,http://operations.connect.na.local/support/Reliability/IKOAshcroft/PlantAssetDocs/Alarm_Telecommunications_and_Network.pdf,,Alarm_Telecommunications_and_Network.pdf
C1603,Process Water Settling Tank Submersible Pump,http://operations.connect.na.local/support/Reliability/IKOAshcroft/PlantAssetDocs/Process_Water_System_1.pdf,,Process_Water_System_1.pdf
C1606,Process Water Settling Tank (River Pump House),http://operations.connect.na.local/support/Reliability/IKOAshcroft/PlantAssetDocs/Process_Water_System_1.pdf,,Process_Water_System_1.pdf
C1610,Process Water Supply Pump (Plant Site),http://operations.connect.na.local/support/Reliability/IKOAshcroft/PlantAssetDocs/Process_Water_System_1.pdf,,Process_Water_System_1.pdf
C1613,Process Water Storage Tank (Plant Site),http://operations.connect.na.local/support/Reliability/IKOAshcroft/PlantAssetDocs/Process_Water_System_1.pdf,,Process_Water_System_1.pdf
C1620,Process Water Pump 2 (1-1/2 in X 2 in),http://operations.connect.na.local/support/Reliability/IKOAshcroft/PlantAssetDocs/Process_Water_System_1.pdf,,Process_Water_System_1.pdf
C1622,Process Water Pump 3 (1-1/2 in X 2 in),http://operations.connect.na.local/support/Reliability/IKOAshcroft/PlantAssetDocs/Process_Water_System_1.pdf,,Process_Water_System_1.pdf
C1625,"Process Water Pump 4 (Irrigation, Impeller 8.25 in)",http://operations.connect.na.local/support/Reliability/IKOAshcroft/PlantAssetDocs/Process_Water_System_1.pdf,,Process_Water_System_1.pdf
C3002,Air Compressor 1,http://operations.connect.na.local/support/Reliability/IKOAshcroft/PlantAssetDocs/Compressed_Air_Generation_System.pdf,,Compressed_Air_Generation_System.pdf
C3003,Air Compressor 2,http://operations.connect.na.local/support/Reliability/IKOAshcroft/PlantAssetDocs/Compressed_Air_Generation_System.pdf,,Compressed_Air_Generation_System.pdf
C3004,Air Compressor 3,http://operations.connect.na.local/support/Reliability/IKOAshcroft/PlantAssetDocs/Compressed_Air_Generation_System.pdf,,Compressed_Air_Generation_System.pdf
C3055,Compressed Air Drier ,http://operations.connect.na.local/support/Reliability/IKOAshcroft/PlantAssetDocs/Compressed_Air_Generation_System.pdf,,Compressed_Air_Generation_System.pdf
C3201,Bench Grinder 1 (Maintenance Shop),http://operations.connect.na.local/support/Reliability/IKOAshcroft/PlantAssetDocs/Mechanical_Maintenance_Shop_Equipment.pdf,,Mechanical_Maintenance_Shop_Equipment.pdf
C3202,Bench Grinder 2 (Machine Shop),http://operations.connect.na.local/support/Reliability/IKOAshcroft/PlantAssetDocs/Mechanical_Maintenance_Shop_Equipment.pdf,,Mechanical_Maintenance_Shop_Equipment.pdf
C3203,Shop Bandsaw,http://operations.connect.na.local/support/Reliability/IKOAshcroft/PlantAssetDocs/Mechanical_Maintenance_Shop_Equipment.pdf,,Mechanical_Maintenance_Shop_Equipment.pdf
C3204,Ironworker,http://operations.connect.na.local/support/Reliability/IKOAshcroft/PlantAssetDocs/Mechanical_Maintenance_Shop_Equipment.pdf,,Mechanical_Maintenance_Shop_Equipment.pdf
C3205,Lathe,http://operations.connect.na.local/support/Reliability/IKOAshcroft/PlantAssetDocs/Mechanical_Maintenance_Shop_Equipment.pdf,,Mechanical_Maintenance_Shop_Equipment.pdf
C3206,Milling Machine,http://operations.connect.na.local/support/Reliability/IKOAshcroft/PlantAssetDocs/Mechanical_Maintenance_Shop_Equipment.pdf,,Mechanical_Maintenance_Shop_Equipment.pdf
C3207,Pillar Drill,http://operations.connect.na.local/support/Reliability/IKOAshcroft/PlantAssetDocs/Mechanical_Maintenance_Shop_Equipment.pdf,,Mechanical_Maintenance_Shop_Equipment.pdf
C3208,Hydraulic Press (100 Ton),http://operations.connect.na.local/support/Reliability/IKOAshcroft/PlantAssetDocs/Mechanical_Maintenance_Shop_Equipment.pdf,,Mechanical_Maintenance_Shop_Equipment.pdf
C3209,Torque Tool 1,http://operations.connect.na.local/support/Reliability/IKOAshcroft/PlantAssetDocs/Mechanical_Maintenance_Shop_Equipment.pdf,,Mechanical_Maintenance_Shop_Equipment.pdf
C3210,Torque Tool 2,http://operations.connect.na.local/support/Reliability/IKOAshcroft/PlantAssetDocs/Mechanical_Maintenance_Shop_Equipment.pdf,,Mechanical_Maintenance_Shop_Equipment.pdf
C3211,"Sand Blaster (Shop, Mod-U-Blast)",http://operations.connect.na.local/support/Reliability/IKOAshcroft/PlantAssetDocs/Mechanical_Maintenance_Shop_Equipment.pdf,,Mechanical_Maintenance_Shop_Equipment.pdf
C3502,Fork Lift 4 (726 Toyota),http://operations.connect.na.local/support/Reliability/IKOAshcroft/PlantAssetDocs/Motorized_Support_Equipment.pdf,,Motorized_Support_Equipment.pdf
C3503,Fork Lift 5 (203 Toyota),http://operations.connect.na.local/support/Reliability/IKOAshcroft/PlantAssetDocs/Motorized_Support_Equipment.pdf,,Motorized_Support_Equipment.pdf
C3504,Fork Lift 6 (JLG Skytrak),http://operations.connect.na.local/support/Reliability/IKOAshcroft/PlantAssetDocs/Motorized_Support_Equipment.pdf,,Motorized_Support_Equipment.pdf
C4000,Scissor Lift 3 (Genie Z34),http://operations.connect.na.local/support/Reliability/IKOAshcroft/PlantAssetDocs/Motorized_Support_Equipment.pdf,,Motorized_Support_Equipment.pdf
C4001,Scissor Lift 4 (Skyjack Scissor),http://operations.connect.na.local/support/Reliability/IKOAshcroft/PlantAssetDocs/Motorized_Support_Equipment.pdf,,Motorized_Support_Equipment.pdf
C4012,Boom Lift 1 (Genie Boom),http://operations.connect.na.local/support/Reliability/IKOAshcroft/PlantAssetDocs/Motorized_Support_Equipment.pdf,,Motorized_Support_Equipment.pdf
C4041,"Front End Loader 5 (John Deere, 4 WD)",http://operations.connect.na.local/support/Reliability/IKOAshcroft/PlantAssetDocs/Motorized_Support_Equipment.pdf,,Motorized_Support_Equipment.pdf
C4042,"Front End Loader 2 (Komatsu, 250)",http://operations.connect.na.local/support/Reliability/IKOAshcroft/PlantAssetDocs/Motorized_Support_Equipment.pdf,,Motorized_Support_Equipment.pdf
C4043,"Front End Loader 6 (John Deere, 4 WD)",http://operations.connect.na.local/support/Reliability/IKOAshcroft/PlantAssetDocs/Motorized_Support_Equipment.pdf,,Motorized_Support_Equipment.pdf
C4049,Skid Loader 11 (Case Skid Steer),http://operations.connect.na.local/support/Reliability/IKOAshcroft/PlantAssetDocs/Motorized_Support_Equipment.pdf,,Motorized_Support_Equipment.pdf
C4050,Skid Loader 12 (Case Skid Steer),http://operations.connect.na.local/support/Reliability/IKOAshcroft/PlantAssetDocs/Motorized_Support_Equipment.pdf,,Motorized_Support_Equipment.pdf
C4054,Haul Truck (Emergency Transport),http://operations.connect.na.local/support/Reliability/IKOAshcroft/PlantAssetDocs/Motorized_Support_Equipment.pdf,,Motorized_Support_Equipment.pdf
C4055,Haul Truck 6 (Filler),http://operations.connect.na.local/support/Reliability/IKOAshcroft/PlantAssetDocs/Motorized_Support_Equipment.pdf,,Motorized_Support_Equipment.pdf
C4060,Pick-up Truck 7 (Red Dodge Ram 2500),http://operations.connect.na.local/support/Reliability/IKOAshcroft/PlantAssetDocs/Motorized_Support_Equipment.pdf,,Motorized_Support_Equipment.pdf
C4061,Pick-up Truck 11 (Red Dodge Ram 1500),http://operations.connect.na.local/support/Reliability/IKOAshcroft/PlantAssetDocs/Motorized_Support_Equipment.pdf,,Motorized_Support_Equipment.pdf
C4062,Pick-up Truck 12 (2017 Grey Dodge Ram 1500),http://operations.connect.na.local/support/Reliability/IKOAshcroft/PlantAssetDocs/Motorized_Support_Equipment.pdf,,Motorized_Support_Equipment.pdf
C4063,"Pick-up Truck 2 (Welding, GMC, 3/4 Ton H-Dty)",http://operations.connect.na.local/support/Reliability/IKOAshcroft/PlantAssetDocs/Motorized_Support_Equipment.pdf,,Motorized_Support_Equipment.pdf
C4065,SUV 13 (Durango),http://operations.connect.na.local/support/Reliability/IKOAshcroft/PlantAssetDocs/Motorized_Support_Equipment.pdf,,Motorized_Support_Equipment.pdf
C4080,Vibratory Packer (Caterpillar),http://operations.connect.na.local/support/Reliability/IKOAshcroft/PlantAssetDocs/Motorized_Support_Equipment.pdf,,Motorized_Support_Equipment.pdf
C4085,Dozer (Komatsu),http://operations.connect.na.local/support/Reliability/IKOAshcroft/PlantAssetDocs/Motorized_Support_Equipment.pdf,,Motorized_Support_Equipment.pdf
C6705,Diesel Storage Tank,http://operations.connect.na.local/support/Reliability/IKOAshcroft/PlantAssetDocs/Non-Production_Liquid_Storage.pdf,,Non-Production_Liquid_Storage.pdf
C6780,Gasoline Storage Tank,http://operations.connect.na.local/support/Reliability/IKOAshcroft/PlantAssetDocs/Non-Production_Liquid_Storage.pdf,,Non-Production_Liquid_Storage.pdf
C7212,Emergency Back-Up Generator,http://operations.connect.na.local/support/Reliability/IKOAshcroft/PlantAssetDocs/Stand-Alone_Portable_Equipment.pdf,,Stand-Alone_Portable_Equipment.pdf
C7213,Ladders,http://operations.connect.na.local/support/Reliability/IKOAshcroft/PlantAssetDocs/Stand-Alone_Portable_Equipment.pdf,,Stand-Alone_Portable_Equipment.pdf
C7214,Welding Machines,http://operations.connect.na.local/support/Reliability/IKOAshcroft/PlantAssetDocs/Stand-Alone_Portable_Equipment.pdf,,Stand-Alone_Portable_Equipment.pdf
C7215,Portable Generators (Light Plant Ingersol Rand Type C),http://operations.connect.na.local/support/Reliability/IKOAshcroft/PlantAssetDocs/Stand-Alone_Portable_Equipment.pdf,,Stand-Alone_Portable_Equipment.pdf
C7219,Power Washer (Hot Water),http://operations.connect.na.local/support/Reliability/IKOAshcroft/PlantAssetDocs/Stand-Alone_Portable_Equipment.pdf,,Stand-Alone_Portable_Equipment.pdf
C7233,Portable Air Compressor 1 (CP Rail),http://operations.connect.na.local/support/Reliability/IKOAshcroft/PlantAssetDocs/Stand-Alone_Portable_Equipment.pdf,,Stand-Alone_Portable_Equipment.pdf
C7234,Portable Air Compressor 2 (Ashcroft Terminal),http://operations.connect.na.local/support/Reliability/IKOAshcroft/PlantAssetDocs/Stand-Alone_Portable_Equipment.pdf,,Stand-Alone_Portable_Equipment.pdf
C7235,Portable Air Compressor 3 (185 CFM),http://operations.connect.na.local/support/Reliability/IKOAshcroft/PlantAssetDocs/Stand-Alone_Portable_Equipment.pdf,,Stand-Alone_Portable_Equipment.pdf
C7238,Portable Hydraulic Pack (Jaw Leveling),http://operations.connect.na.local/support/Reliability/IKOAshcroft/PlantAssetDocs/Stand-Alone_Portable_Equipment.pdf,,Stand-Alone_Portable_Equipment.pdf
C7286,Vacuum System (Industrial),http://operations.connect.na.local/support/Reliability/IKOAshcroft/PlantAssetDocs/Stand-Alone_Portable_Equipment.pdf,,Stand-Alone_Portable_Equipment.pdf
E0001,Electrical Systems,http://operations.connect.na.local/support/Reliability/IKOAshcroft/PlantAssetDocs/Electrical_Systems.pdf,,Electrical_Systems.pdf
H3077,Sprinkler Fire System Pump (and Controller),http://operations.connect.na.local/support/Reliability/IKOAshcroft/PlantAssetDocs/Process_Water_System_1.pdf,,Process_Water_System_1.pdf
H3077,Sprinkler Fire System Pump (and Controller),http://operations.connect.na.local/support/Reliability/IKOAshcroft/PlantAssetDocs/H_Series_Fire_Protection_System.pdf,,H_Series_Fire_Protection_System.pdf
H3080,Sprinkler Fire System Pump Engine (Diesel),http://operations.connect.na.local/support/Reliability/IKOAshcroft/PlantAssetDocs/Process_Water_System_1.pdf,,Process_Water_System_1.pdf
H3080,Sprinkler Fire System Pump Engine (Diesel),http://operations.connect.na.local/support/Reliability/IKOAshcroft/PlantAssetDocs/H_Series_Fire_Protection_System.pdf,,H_Series_Fire_Protection_System.pdf
H3081,Sprinkler Fire System Jockey Pump,http://operations.connect.na.local/support/Reliability/IKOAshcroft/PlantAssetDocs/Process_Water_System_1.pdf,,Process_Water_System_1.pdf
H3081,Sprinkler Fire System Jockey Pump,http://operations.connect.na.local/support/Reliability/IKOAshcroft/PlantAssetDocs/H_Series_Fire_Protection_System.pdf,,H_Series_Fire_Protection_System.pdf
H3102,Dry Sprinkler System,http://operations.connect.na.local/support/Reliability/IKOAshcroft/PlantAssetDocs/H_Series_Fire_Protection_System.pdf,,H_Series_Fire_Protection_System.pdf
H3240,Wet Sprinkler System,http://operations.connect.na.local/support/Reliability/IKOAshcroft/PlantAssetDocs/H_Series_Fire_Protection_System.pdf,,H_Series_Fire_Protection_System.pdf
H3250,Fire Protection System (Wacker Silicone),http://operations.connect.na.local/support/Reliability/IKOAshcroft/PlantAssetDocs/H_Series_Fire_Protection_System.pdf,,H_Series_Fire_Protection_System.pdf
H4100,Emergency Lighting System (Building),http://operations.connect.na.local/support/Reliability/IKOAshcroft/PlantAssetDocs/H_Series_Fire_Protection_System.pdf,,H_Series_Fire_Protection_System.pdf
H4803,Fall Arrest Equipment,http://operations.connect.na.local/support/Reliability/IKOAshcroft/PlantAssetDocs/H_Series_Safety_Equipment.pdf,,H_Series_Safety_Equipment.pdf
H4804,First Aid Equipment,http://operations.connect.na.local/support/Reliability/IKOAshcroft/PlantAssetDocs/H_Series_Safety_Equipment.pdf,,H_Series_Safety_Equipment.pdf
H4810,Gas Monitor (HD/Maintenance Shop),http://operations.connect.na.local/support/Reliability/IKOAshcroft/PlantAssetDocs/H_Series_Safety_Equipment.pdf,,H_Series_Safety_Equipment.pdf
H4850,Electric Hot Stick,http://operations.connect.na.local/support/Reliability/IKOAshcroft/PlantAssetDocs/H_Series_Safety_Equipment.pdf,,H_Series_Safety_Equipment.pdf
H4852,Electric Hot Gloves,http://operations.connect.na.local/support/Reliability/IKOAshcroft/PlantAssetDocs/H_Series_Safety_Equipment.pdf,,H_Series_Safety_Equipment.pdf
H6030,Secondary Crusher Dust Collector,http://operations.connect.na.local/support/Reliability/IKOAshcroft/PlantAssetDocs/Secondary_and_Tertiary_Dust_Collection_System.pdf,,Secondary_and_Tertiary_Dust_Collection_System.pdf
H6035,Secondary Crusher Dust Collector Rotary Airlock (10 in),http://operations.connect.na.local/support/Reliability/IKOAshcroft/PlantAssetDocs/Secondary_and_Tertiary_Dust_Collection_System.pdf,,Secondary_and_Tertiary_Dust_Collection_System.pdf
H6040,Secondary Screen Dust Collector,http://operations.connect.na.local/support/Reliability/IKOAshcroft/PlantAssetDocs/Secondary_and_Tertiary_Dust_Collection_System.pdf,,Secondary_and_Tertiary_Dust_Collection_System.pdf
H6045,Secondary Screen Dust Collector Rotary Airlock (12 in),http://operations.connect.na.local/support/Reliability/IKOAshcroft/PlantAssetDocs/Secondary_and_Tertiary_Dust_Collection_System.pdf,,Secondary_and_Tertiary_Dust_Collection_System.pdf
H6350,Tertiary Rotary Dryer Dust Collector,http://operations.connect.na.local/support/Reliability/IKOAshcroft/PlantAssetDocs/Secondary_and_Tertiary_Dust_Collection_System.pdf,,Secondary_and_Tertiary_Dust_Collection_System.pdf
H6355,Tertiary Rotary Dryer Dust Collector Rotary Airlock (10 in),http://operations.connect.na.local/support/Reliability/IKOAshcroft/PlantAssetDocs/Secondary_and_Tertiary_Dust_Collection_System.pdf,,Secondary_and_Tertiary_Dust_Collection_System.pdf
H6370,Tertiary Crusher 1 Dust Collector,http://operations.connect.na.local/support/Reliability/IKOAshcroft/PlantAssetDocs/Dust_Collection_Tertiary_Auger_System.pdf,,Dust_Collection_Tertiary_Auger_System.pdf
H6370,Tertiary Crusher 1 Dust Collector,http://operations.connect.na.local/support/Reliability/IKOAshcroft/PlantAssetDocs/Secondary_and_Tertiary_Dust_Collection_System.pdf,,Secondary_and_Tertiary_Dust_Collection_System.pdf
H6375,Tertiary Crusher 1 Dust Collector Rotary Airlock (10 in),http://operations.connect.na.local/support/Reliability/IKOAshcroft/PlantAssetDocs/Dust_Collection_Tertiary_Auger_System.pdf,,Dust_Collection_Tertiary_Auger_System.pdf
H6380,Tertiary Crusher 2 Dust Collector,http://operations.connect.na.local/support/Reliability/IKOAshcroft/PlantAssetDocs/Dust_Collection_Tertiary_Auger_System.pdf,,Dust_Collection_Tertiary_Auger_System.pdf
H6380,Tertiary Crusher 2 Dust Collector,http://operations.connect.na.local/support/Reliability/IKOAshcroft/PlantAssetDocs/Secondary_and_Tertiary_Dust_Collection_System.pdf,,Secondary_and_Tertiary_Dust_Collection_System.pdf
H6385,Tertiary Crusher 2 Dust Collector Rotary Airlock (10 in),http://operations.connect.na.local/support/Reliability/IKOAshcroft/PlantAssetDocs/Dust_Collection_Tertiary_Auger_System.pdf,,Dust_Collection_Tertiary_Auger_System.pdf
H6390,Tertiary Cell 1 Screens Dust Collector,http://operations.connect.na.local/support/Reliability/IKOAshcroft/PlantAssetDocs/Secondary_and_Tertiary_Dust_Collection_System.pdf,,Secondary_and_Tertiary_Dust_Collection_System.pdf
H6395,Tertiary Cell 1 Screens Dust Collector Rotary Airlock (12 in),http://operations.connect.na.local/support/Reliability/IKOAshcroft/PlantAssetDocs/Secondary_and_Tertiary_Dust_Collection_System.pdf,,Secondary_and_Tertiary_Dust_Collection_System.pdf
H6400,Tertiary Cell 2 Screens Dust Collector,http://operations.connect.na.local/support/Reliability/IKOAshcroft/PlantAssetDocs/Secondary_and_Tertiary_Dust_Collection_System.pdf,,Secondary_and_Tertiary_Dust_Collection_System.pdf
H6405,Tertiary Cell 2 Screens Dust Collector Rotary Airlock (12 in),http://operations.connect.na.local/support/Reliability/IKOAshcroft/PlantAssetDocs/Secondary_and_Tertiary_Dust_Collection_System.pdf,,Secondary_and_Tertiary_Dust_Collection_System.pdf
H6430,Tertiary Side 1 Dust Collector,http://operations.connect.na.local/support/Reliability/IKOAshcroft/PlantAssetDocs/Secondary_and_Tertiary_Dust_Collection_System.pdf,,Secondary_and_Tertiary_Dust_Collection_System.pdf
H6435,Tertiary Side 1 Dust Collector Rotary Airlock (12 in),http://operations.connect.na.local/support/Reliability/IKOAshcroft/PlantAssetDocs/Secondary_and_Tertiary_Dust_Collection_System.pdf,,Secondary_and_Tertiary_Dust_Collection_System.pdf
H6440,Tertiary Side 2 Dust Collector,http://operations.connect.na.local/support/Reliability/IKOAshcroft/PlantAssetDocs/Secondary_and_Tertiary_Dust_Collection_System.pdf,,Secondary_and_Tertiary_Dust_Collection_System.pdf
H6445,Tertiary Side 2 Dust Collector Rotary Airlock (12 in),http://operations.connect.na.local/support/Reliability/IKOAshcroft/PlantAssetDocs/Secondary_and_Tertiary_Dust_Collection_System.pdf,,Secondary_and_Tertiary_Dust_Collection_System.pdf
H6470,Tertiary Top Silos Dust Collector,http://operations.connect.na.local/support/Reliability/IKOAshcroft/PlantAssetDocs/Dust_Collection_Tertiary_Auger_System.pdf,,Dust_Collection_Tertiary_Auger_System.pdf
H6470,Tertiary Top Silos Dust Collector,http://operations.connect.na.local/support/Reliability/IKOAshcroft/PlantAssetDocs/Secondary_and_Tertiary_Dust_Collection_System.pdf,,Secondary_and_Tertiary_Dust_Collection_System.pdf
H6475,Tertiary Top Silos Dust Collector Rotary Airlock (10 in),http://operations.connect.na.local/support/Reliability/IKOAshcroft/PlantAssetDocs/Dust_Collection_Tertiary_Auger_System.pdf,,Dust_Collection_Tertiary_Auger_System.pdf
H6480,Tertiary Bottom Silos Dust Collector,http://operations.connect.na.local/support/Reliability/IKOAshcroft/PlantAssetDocs/Dust_Collection_Tertiary_Auger_System.pdf,,Dust_Collection_Tertiary_Auger_System.pdf
H6480,Tertiary Bottom Silos Dust Collector,http://operations.connect.na.local/support/Reliability/IKOAshcroft/PlantAssetDocs/Secondary_and_Tertiary_Dust_Collection_System.pdf,,Secondary_and_Tertiary_Dust_Collection_System.pdf
H6485,Tertiary Bottom Silos Dust Collector Rotary Airlock (10 in),http://operations.connect.na.local/support/Reliability/IKOAshcroft/PlantAssetDocs/Dust_Collection_Tertiary_Auger_System.pdf,,Dust_Collection_Tertiary_Auger_System.pdf
H6790,Tertiary Dust Collector Auger 1 (Rotary Dryer),http://operations.connect.na.local/support/Reliability/IKOAshcroft/PlantAssetDocs/Secondary_and_Tertiary_Dust_Collection_System.pdf,,Secondary_and_Tertiary_Dust_Collection_System.pdf
H6795,Tertiary Dust Collector Auger 2,http://operations.connect.na.local/support/Reliability/IKOAshcroft/PlantAssetDocs/Dust_Collection_Tertiary_Auger_System.pdf,,Dust_Collection_Tertiary_Auger_System.pdf
H6800,Tertiary Dust Collector Auger 4 (to TA5),http://operations.connect.na.local/support/Reliability/IKOAshcroft/PlantAssetDocs/Dust_Collection_Tertiary_Auger_System.pdf,,Dust_Collection_Tertiary_Auger_System.pdf
H6805,Tertiary Dust Collector Auger 3,http://operations.connect.na.local/support/Reliability/IKOAshcroft/PlantAssetDocs/Dust_Collection_Tertiary_Auger_System.pdf,,Dust_Collection_Tertiary_Auger_System.pdf
H6810,Tertiary Dust Collector Auger 5 (to TC53),http://operations.connect.na.local/support/Reliability/IKOAshcroft/PlantAssetDocs/Dust_Collection_Tertiary_Auger_System.pdf,,Dust_Collection_Tertiary_Auger_System.pdf
H7050,Colour Preheater Dust Collector (16 000 CFM),http://operations.connect.na.local/support/Reliability/IKOAshcroft/PlantAssetDocs/Colour_Dust_Collection_System.pdf,,Colour_Dust_Collection_System.pdf
H7050,Colour Preheater Dust Collector (16 000 CFM),http://operations.connect.na.local/support/Reliability/IKOAshcroft/PlantAssetDocs/Dust_Collection_Colour_Auger_System.pdf,,Dust_Collection_Colour_Auger_System.pdf
H7055,Colour Preheater Dust Collector Rotary Airlock (10 in),http://operations.connect.na.local/support/Reliability/IKOAshcroft/PlantAssetDocs/Dust_Collection_Colour_Auger_System.pdf,,Dust_Collection_Colour_Auger_System.pdf
H7080,Colour Kiln and Mixer Dust Collector 1 (21 000 CFM),http://operations.connect.na.local/support/Reliability/IKOAshcroft/PlantAssetDocs/Colour_Dust_Collection_System.pdf,,Colour_Dust_Collection_System.pdf
H7080,Colour Kiln and Mixer Dust Collector 1 (21 000 CFM),http://operations.connect.na.local/support/Reliability/IKOAshcroft/PlantAssetDocs/Dust_Collection_Colour_Auger_System.pdf,,Dust_Collection_Colour_Auger_System.pdf
H7085,Colour Kiln and Mixer Dust Collector 1 Rotary Airlock (10 in),http://operations.connect.na.local/support/Reliability/IKOAshcroft/PlantAssetDocs/Dust_Collection_Colour_Auger_System.pdf,,Dust_Collection_Colour_Auger_System.pdf
H7090,Colour Kiln Cyclone Dust Collector 1,http://operations.connect.na.local/support/Reliability/IKOAshcroft/PlantAssetDocs/Colour_Dust_Collection_System.pdf,,Colour_Dust_Collection_System.pdf
H7095,Colour Kiln Cyclone Rotary Airlock 1,http://operations.connect.na.local/support/Reliability/IKOAshcroft/PlantAssetDocs/Dust_Collection_Colour_Auger_System.pdf,,Dust_Collection_Colour_Auger_System.pdf
H7100,Colour Kiln and Mixer Dust Collector 2 (21 000 CFM),http://operations.connect.na.local/support/Reliability/IKOAshcroft/PlantAssetDocs/Colour_Dust_Collection_System.pdf,,Colour_Dust_Collection_System.pdf
H7100,Colour Kiln and Mixer Dust Collector 2 (21 000 CFM),http://operations.connect.na.local/support/Reliability/IKOAshcroft/PlantAssetDocs/Dust_Collection_Colour_Auger_System.pdf,,Dust_Collection_Colour_Auger_System.pdf
H7105,Colour Kiln and Mixer Dust Collector 2 Rotary Airlock,http://operations.connect.na.local/support/Reliability/IKOAshcroft/PlantAssetDocs/Dust_Collection_Colour_Auger_System.pdf,,Dust_Collection_Colour_Auger_System.pdf
H7110,Colour Kiln Cyclone Dust Collector 2,http://operations.connect.na.local/support/Reliability/IKOAshcroft/PlantAssetDocs/Colour_Dust_Collection_System.pdf,,Colour_Dust_Collection_System.pdf
H7115,Colour Kiln Cyclone Rotary Airlock 2,http://operations.connect.na.local/support/Reliability/IKOAshcroft/PlantAssetDocs/Dust_Collection_Colour_Auger_System.pdf,,Dust_Collection_Colour_Auger_System.pdf
H7140,Colour Cooler 2 Dust Collector (10 000 CFM),http://operations.connect.na.local/support/Reliability/IKOAshcroft/PlantAssetDocs/Colour_Dust_Collection_System.pdf,,Colour_Dust_Collection_System.pdf
H7145,Colour Cooler 2 Dust Collector Rotary Airlock,http://operations.connect.na.local/support/Reliability/IKOAshcroft/PlantAssetDocs/Colour_Dust_Collection_System.pdf,,Colour_Dust_Collection_System.pdf
H7150,Colour Cooler 1 Dust Collector (10 000 CFM),http://operations.connect.na.local/support/Reliability/IKOAshcroft/PlantAssetDocs/Colour_Dust_Collection_System.pdf,,Colour_Dust_Collection_System.pdf
H7155,Coloiur Cooler 1 Dust Collector Rotary Airlock,http://operations.connect.na.local/support/Reliability/IKOAshcroft/PlantAssetDocs/Colour_Dust_Collection_System.pdf,,Colour_Dust_Collection_System.pdf
H7190,Colour Dust Collector (16 000 CFM) (General),http://operations.connect.na.local/support/Reliability/IKOAshcroft/PlantAssetDocs/Colour_Dust_Collection_System.pdf,,Colour_Dust_Collection_System.pdf
H7190,Colour Dust Collector (16 000 CFM) (General),http://operations.connect.na.local/support/Reliability/IKOAshcroft/PlantAssetDocs/Dust_Collection_Colour_Auger_System.pdf,,Dust_Collection_Colour_Auger_System.pdf
H7195,Colour Dust Collector Rotary Airlock (10 in) (General),http://operations.connect.na.local/support/Reliability/IKOAshcroft/PlantAssetDocs/Dust_Collection_Colour_Auger_System.pdf,,Dust_Collection_Colour_Auger_System.pdf
H7390,Colour Dust Collector (Control Room),http://operations.connect.na.local/support/Reliability/IKOAshcroft/PlantAssetDocs/Colour_Dust_Collection_System.pdf,,Colour_Dust_Collection_System.pdf
H7430,Colour Clay Silo Dust Collector Bin Vent,http://operations.connect.na.local/support/Reliability/IKOAshcroft/PlantAssetDocs/Colour_Dust_Collection_System.pdf,,Colour_Dust_Collection_System.pdf
H7610,Colour Dust Collector Auger 4 (9 in),http://operations.connect.na.local/support/Reliability/IKOAshcroft/PlantAssetDocs/Dust_Collection_Colour_Auger_System.pdf,,Dust_Collection_Colour_Auger_System.pdf
H7615,Colour Dust Collector Auger 6 (9 in),http://operations.connect.na.local/support/Reliability/IKOAshcroft/PlantAssetDocs/Dust_Collection_Colour_Auger_System.pdf,,Dust_Collection_Colour_Auger_System.pdf
H7620,Colour Dust Collector Auger 5 (9 in),http://operations.connect.na.local/support/Reliability/IKOAshcroft/PlantAssetDocs/Dust_Collection_Colour_Auger_System.pdf,,Dust_Collection_Colour_Auger_System.pdf
H7625,Colour Dust Collector Auger 7 (12 in),http://operations.connect.na.local/support/Reliability/IKOAshcroft/PlantAssetDocs/Dust_Collection_Colour_Auger_System.pdf,,Dust_Collection_Colour_Auger_System.pdf
H7630,Colour Dust Collector Auger 8 (12 in),http://operations.connect.na.local/support/Reliability/IKOAshcroft/PlantAssetDocs/Dust_Collection_Colour_Auger_System.pdf,,Dust_Collection_Colour_Auger_System.pdf
H7635,Colour Dust Collector Auger 9 (12 in),http://operations.connect.na.local/support/Reliability/IKOAshcroft/PlantAssetDocs/Dust_Collection_Colour_Auger_System.pdf,,Dust_Collection_Colour_Auger_System.pdf
H7640,Colour Dust Collector Auger 10 (12 in),http://operations.connect.na.local/support/Reliability/IKOAshcroft/PlantAssetDocs/Dust_Collection_Colour_Auger_System.pdf,,Dust_Collection_Colour_Auger_System.pdf
R1110,Primary Rock Breaker,http://operations.connect.na.local/support/Reliability/IKOAshcroft/PlantAssetDocs/Primary_Crushing.pdf,,Primary_Crushing.pdf
R1120,Primary Grizzly Feeder (from Loader to PJC1),http://operations.connect.na.local/support/Reliability/IKOAshcroft/PlantAssetDocs/Primary_Crushing.pdf,,Primary_Crushing.pdf
R1130,Primary Jaw Crusher,http://operations.connect.na.local/support/Reliability/IKOAshcroft/PlantAssetDocs/Primary_Crushing.pdf,,Primary_Crushing.pdf
R1210,"Primary Conveyor 1 (48 in, from PJC1 to PC9)",http://operations.connect.na.local/support/Reliability/IKOAshcroft/PlantAssetDocs/Primary_Crushing.pdf,,Primary_Crushing.pdf
R1250,"Primary Conveyor 9 (42 in, Scale, from PC1 to PC10)",http://operations.connect.na.local/support/Reliability/IKOAshcroft/PlantAssetDocs/Primary_Crushing.pdf,,Primary_Crushing.pdf
R1254,"Primary Conveyor 10 (42 in,from PC9 to PC11)",http://operations.connect.na.local/support/Reliability/IKOAshcroft/PlantAssetDocs/Primary_Crushing.pdf,,Primary_Crushing.pdf
R1258,"Primary Conveyor 11 (42 in, from PC10 to PC12)",http://operations.connect.na.local/support/Reliability/IKOAshcroft/PlantAssetDocs/Primary_Crushing.pdf,,Primary_Crushing.pdf
R1262,"Primary Conveyor 12 (42 in, from PC11 Directional to SB1 or PC14)",http://operations.connect.na.local/support/Reliability/IKOAshcroft/PlantAssetDocs/Primary_Crushing.pdf,,Primary_Crushing.pdf
R1266,"Primary Conveyor 13 (42 in, from PC12 to SB01)",http://operations.connect.na.local/support/Reliability/IKOAshcroft/PlantAssetDocs/Primary_Crushing.pdf,,Primary_Crushing.pdf
R1270,"Primary Conveyor 14 (42 in, Stacker from PC12 to Stockpile)",http://operations.connect.na.local/support/Reliability/IKOAshcroft/PlantAssetDocs/Primary_Crushing.pdf,,Primary_Crushing.pdf
R1274,Primary Conveyor 14 Positoner,http://operations.connect.na.local/support/Reliability/IKOAshcroft/PlantAssetDocs/Primary_Crushing.pdf,,Primary_Crushing.pdf
R2110,"Secondary Bin 1 (100 Ton, Feed)",http://operations.connect.na.local/support/Reliability/IKOAshcroft/PlantAssetDocs/Secondary_Crushing.pdf,,Secondary_Crushing.pdf
R2113,"Secondary Belt Feeder 1 (48 in, from SB1 to SC1)",http://operations.connect.na.local/support/Reliability/IKOAshcroft/PlantAssetDocs/Secondary_Crushing.pdf,,Secondary_Crushing.pdf
R2120,"Secondary Conveyor 1 (36 in, from SBF1to SD1)",http://operations.connect.na.local/support/Reliability/IKOAshcroft/PlantAssetDocs/Secondary_Crushing.pdf,,Secondary_Crushing.pdf
R2130,Secondary Magnet 1 (on SC01),http://operations.connect.na.local/support/Reliability/IKOAshcroft/PlantAssetDocs/Secondary_Crushing.pdf,,Secondary_Crushing.pdf
R2150,Secondary Diverter 1 (from SC1 to SB02 or TB01),http://operations.connect.na.local/support/Reliability/IKOAshcroft/PlantAssetDocs/Secondary_Crushing.pdf,,Secondary_Crushing.pdf
R2170,"Secondary Bin 2 (50 Ton, Coarse Stone)",http://operations.connect.na.local/support/Reliability/IKOAshcroft/PlantAssetDocs/Secondary_Crushing.pdf,,Secondary_Crushing.pdf
R2173,"Secondary Bin 2 Belt Feeder (48 in, from SB2 to SC2)",http://operations.connect.na.local/support/Reliability/IKOAshcroft/PlantAssetDocs/Secondary_Crushing.pdf,,Secondary_Crushing.pdf
R2180,"Secondary Conveyor 2 (36 in, from SBF2 to SCRUSH1)",http://operations.connect.na.local/support/Reliability/IKOAshcroft/PlantAssetDocs/Secondary_Crushing.pdf,,Secondary_Crushing.pdf
R2185,Secondary Magnet 2,http://operations.connect.na.local/support/Reliability/IKOAshcroft/PlantAssetDocs/Secondary_Crushing.pdf,,Secondary_Crushing.pdf
R2200,Secondary Crusher (HP 300),http://operations.connect.na.local/support/Reliability/IKOAshcroft/PlantAssetDocs/Secondary_Crushing.pdf,,Secondary_Crushing.pdf
R2265,"Secondary Conveyor 3 (36 in, from SCRUSH1 to SS1)",http://operations.connect.na.local/support/Reliability/IKOAshcroft/PlantAssetDocs/Secondary_Crushing.pdf,,Secondary_Crushing.pdf
R2280,"Secondary Screen (8 ft x 20 ft, Double Deck)",http://operations.connect.na.local/support/Reliability/IKOAshcroft/PlantAssetDocs/Secondary_Crushing.pdf,,Secondary_Crushing.pdf
R2290,"Secondary Conveyor 4 (30 in, from SS1 to SB02)",http://operations.connect.na.local/support/Reliability/IKOAshcroft/PlantAssetDocs/Secondary_Crushing.pdf,,Secondary_Crushing.pdf
R2305,"Secondary Conveyor 5 (30 in, from SS1 to SC6)",http://operations.connect.na.local/support/Reliability/IKOAshcroft/PlantAssetDocs/Secondary_Crushing.pdf,,Secondary_Crushing.pdf
R2310,"Secondary Conveyor 6 (30 in, from SC5 to TB1)",http://operations.connect.na.local/support/Reliability/IKOAshcroft/PlantAssetDocs/Secondary_Crushing.pdf,,Secondary_Crushing.pdf
R2390,"Secondary Stacker Conveyor 7 (30 in, TB01 Overflow)",http://operations.connect.na.local/support/Reliability/IKOAshcroft/PlantAssetDocs/Secondary_Crushing.pdf,,Secondary_Crushing.pdf
R2418,Secondary Crusher Hydraulic Pump System,http://operations.connect.na.local/support/Reliability/IKOAshcroft/PlantAssetDocs/Secondary_Crushing.pdf,,Secondary_Crushing.pdf
R2420,Secondary Crusher Lube Oil Cooler,http://operations.connect.na.local/support/Reliability/IKOAshcroft/PlantAssetDocs/Secondary_Crushing.pdf,,Secondary_Crushing.pdf
R2424,Secondary Crusher Lube Oil Pump System,http://operations.connect.na.local/support/Reliability/IKOAshcroft/PlantAssetDocs/Secondary_Crushing.pdf,,Secondary_Crushing.pdf
R3110,"Tertiary Bin 1 (50 Ton, Fine Stone)",http://operations.connect.na.local/support/Reliability/IKOAshcroft/PlantAssetDocs/Tertiary_Outdoor_Crushing.pdf,,Tertiary_Outdoor_Crushing.pdf
R3113,"Tertiary Belt Feeder 1 (36 in, from TB1 to TC1)",http://operations.connect.na.local/support/Reliability/IKOAshcroft/PlantAssetDocs/Tertiary_Outdoor_Crushing.pdf,,Tertiary_Outdoor_Crushing.pdf
R3117,"Tertiary Conveyor 1 (30 in, from TB1 to TDRY1)",http://operations.connect.na.local/support/Reliability/IKOAshcroft/PlantAssetDocs/Tertiary_Outdoor_Crushing.pdf,,Tertiary_Outdoor_Crushing.pdf
R3141,Tertiary Rotary Dryer,http://operations.connect.na.local/support/Reliability/IKOAshcroft/PlantAssetDocs/Tertiary_Outdoor_Crushing.pdf,,Tertiary_Outdoor_Crushing.pdf
R3146,Tertiary Rotary Dryer Burner Blower,http://operations.connect.na.local/support/Reliability/IKOAshcroft/PlantAssetDocs/Tertiary_Outdoor_Crushing.pdf,,Tertiary_Outdoor_Crushing.pdf
R3150,"Tertiary Conveyor 2 (30 in, from TDRY1 to TD1)",http://operations.connect.na.local/support/Reliability/IKOAshcroft/PlantAssetDocs/Tertiary_Outdoor_Crushing.pdf,,Tertiary_Outdoor_Crushing.pdf
R3154,Tertiary Diverter 1 (from TC2 to Shutdown or TC3),http://operations.connect.na.local/support/Reliability/IKOAshcroft/PlantAssetDocs/Tertiary_Outdoor_Crushing.pdf,,Tertiary_Outdoor_Crushing.pdf
R3186,"Tertiary Conveyor 3 (30 in, from TD1 to TC4)",http://operations.connect.na.local/support/Reliability/IKOAshcroft/PlantAssetDocs/Tertiary_Outdoor_Crushing.pdf,,Tertiary_Outdoor_Crushing.pdf
R3194,"Tertiary Scale Conveyor 4 (30 in, from TC3 to TB10)",http://operations.connect.na.local/support/Reliability/IKOAshcroft/PlantAssetDocs/Tertiary_Outdoor_Crushing.pdf,,Tertiary_Outdoor_Crushing.pdf
R3202,"Tertiary Bin 10 (40 Ton, to TF101 and TF201)",http://operations.connect.na.local/support/Reliability/IKOAshcroft/PlantAssetDocs/Tertiary_Crushing_Side2.pdf,,Tertiary_Crushing_Side2.pdf
R3418,Tertiary Bin Vibrating Feeder 101 (from TB10 to TC101),http://operations.connect.na.local/support/Reliability/IKOAshcroft/PlantAssetDocs/Tertiary_Crushing_Side2.pdf,,Tertiary_Crushing_Side2.pdf
R3422,"Tertiary Conveyor 101 (36 in, from TCRUSH1 and TBF101 to TS101)",http://operations.connect.na.local/support/Reliability/IKOAshcroft/PlantAssetDocs/Tertiary_Crushing_Side2.pdf,,Tertiary_Crushing_Side2.pdf
R3425,"Tertiary Screen 101 (8 ft X 20 ft, Scalper, Double Deck)",http://operations.connect.na.local/support/Reliability/IKOAshcroft/PlantAssetDocs/Tertiary_Crushing_Side2.pdf,,Tertiary_Crushing_Side2.pdf
R3430,"Tertiary Conveyor 102 (30 in, from TS101 to TC103)",http://operations.connect.na.local/support/Reliability/IKOAshcroft/PlantAssetDocs/Tertiary_Crushing_Side2.pdf,,Tertiary_Crushing_Side2.pdf
R3433,"Tertiary Conveyor 103 (36 in, from TC102 to TB101)",http://operations.connect.na.local/support/Reliability/IKOAshcroft/PlantAssetDocs/Tertiary_Crushing_Side2.pdf,,Tertiary_Crushing_Side2.pdf
R3436,Tertiary Magnet 3,http://operations.connect.na.local/support/Reliability/IKOAshcroft/PlantAssetDocs/Tertiary_Crushing_Side2.pdf,,Tertiary_Crushing_Side2.pdf
R3438,"Tertiary Bin 101 (60 Ton, Fine Stone Surge)",http://operations.connect.na.local/support/Reliability/IKOAshcroft/PlantAssetDocs/Tertiary_Crushing_Side2.pdf,,Tertiary_Crushing_Side2.pdf
R3443,"Tertiary Conveyor 104 (36 in, from TB101 to TCRUSH1)",http://operations.connect.na.local/support/Reliability/IKOAshcroft/PlantAssetDocs/Tertiary_Crushing_Side2.pdf,,Tertiary_Crushing_Side2.pdf
R3446,Tertiary Crusher 1 (HP 400),http://operations.connect.na.local/support/Reliability/IKOAshcroft/PlantAssetDocs/Tertiary_Crushing_Side2.pdf,,Tertiary_Crushing_Side2.pdf
R3456,"Tertiary Conveyor 105 (30 in, from TS101 to TE101)",http://operations.connect.na.local/support/Reliability/IKOAshcroft/PlantAssetDocs/Tertiary_Crushing_Side2.pdf,,Tertiary_Crushing_Side2.pdf
R3461,"Tertiary Elevator 101 (18 in, from TC105 to TB102)",http://operations.connect.na.local/support/Reliability/IKOAshcroft/PlantAssetDocs/Tertiary_Crushing_Side2.pdf,,Tertiary_Crushing_Side2.pdf
R3465,"Tertiary Bin 102 (Fine Stone, to TF102 and TF103)",http://operations.connect.na.local/support/Reliability/IKOAshcroft/PlantAssetDocs/Tertiary_Crushing_Side2.pdf,,Tertiary_Crushing_Side2.pdf
R3468,Tertiary Screen 102 Vibrating Feeder (from TB102 to TS102),http://operations.connect.na.local/support/Reliability/IKOAshcroft/PlantAssetDocs/Tertiary_Crushing_Side2.pdf,,Tertiary_Crushing_Side2.pdf
R3471,Tertiary Screen 103 Vibrating Feeder (from TB102 to TS103),http://operations.connect.na.local/support/Reliability/IKOAshcroft/PlantAssetDocs/Tertiary_Crushing_Side2.pdf,,Tertiary_Crushing_Side2.pdf
R3475,"Tertiary Screen 102 (6 ft X 15 ft, Making, Double Deck)",http://operations.connect.na.local/support/Reliability/IKOAshcroft/PlantAssetDocs/Tertiary_Crushing_Side2.pdf,,Tertiary_Crushing_Side2.pdf
R3479,"Tertiary Screen 103 (6 ft X 15 ft, Making, Double Deck)",http://operations.connect.na.local/support/Reliability/IKOAshcroft/PlantAssetDocs/Tertiary_Crushing_Side2.pdf,,Tertiary_Crushing_Side2.pdf
R3483,"Tertiary Screen 104 (5 ft X 15 ft, Finish, Double Deck)",http://operations.connect.na.local/support/Reliability/IKOAshcroft/PlantAssetDocs/Tertiary_Crushing_Side2.pdf,,Tertiary_Crushing_Side2.pdf
R3487,"Tertiary Screen 105 (5 ft X 15 ft, Fines, Single Deck)",http://operations.connect.na.local/support/Reliability/IKOAshcroft/PlantAssetDocs/Tertiary_Crushing_Side2.pdf,,Tertiary_Crushing_Side2.pdf
R3490,"Tertiary Scale Conveyor 106 (24 in, from TS104 to TC51)",http://operations.connect.na.local/support/Reliability/IKOAshcroft/PlantAssetDocs/Tertiary_Crushing_Side2.pdf,,Tertiary_Crushing_Side2.pdf
R3518,Tertiary Bin Vibrating Feeder 201 (from TB10 to TC201),http://operations.connect.na.local/support/Reliability/IKOAshcroft/PlantAssetDocs/Tertiary_Crushing_Side1.pdf,,Tertiary_Crushing_Side1.pdf
R3522,"Tertiary Conveyor 201 (36 in, from TCRUSH2 to TS201)",http://operations.connect.na.local/support/Reliability/IKOAshcroft/PlantAssetDocs/Tertiary_Crushing_Side1.pdf,,Tertiary_Crushing_Side1.pdf
R3525,"Tertiary Screen 201 (8 ft X 20 ft, Scalper, Double Deck)",http://operations.connect.na.local/support/Reliability/IKOAshcroft/PlantAssetDocs/Tertiary_Crushing_Side1.pdf,,Tertiary_Crushing_Side1.pdf
R3530,"Tertiary Conveyor 202 (30 in, from TS201 to TC203)",http://operations.connect.na.local/support/Reliability/IKOAshcroft/PlantAssetDocs/Tertiary_Crushing_Side1.pdf,,Tertiary_Crushing_Side1.pdf
R3533,"Tertiary Conveyor 203 (36 in, from TC202 to TB201)",http://operations.connect.na.local/support/Reliability/IKOAshcroft/PlantAssetDocs/Tertiary_Crushing_Side1.pdf,,Tertiary_Crushing_Side1.pdf
R3536,Tertiary Magnet 4,http://operations.connect.na.local/support/Reliability/IKOAshcroft/PlantAssetDocs/Tertiary_Crushing_Side1.pdf,,Tertiary_Crushing_Side1.pdf
R3538,"Tertiary Bin 201 (60 Ton, Fine Stone Surge)",http://operations.connect.na.local/support/Reliability/IKOAshcroft/PlantAssetDocs/Tertiary_Crushing_Side1.pdf,,Tertiary_Crushing_Side1.pdf
R3543,"Tertiary Conveyor 204 (36 in, from TB201 to TCRUSH2)",http://operations.connect.na.local/support/Reliability/IKOAshcroft/PlantAssetDocs/Tertiary_Crushing_Side1.pdf,,Tertiary_Crushing_Side1.pdf
R3546,Tertiary Crusher 2 (HP 400),http://operations.connect.na.local/support/Reliability/IKOAshcroft/PlantAssetDocs/Tertiary_Crushing_Side1.pdf,,Tertiary_Crushing_Side1.pdf
R3556,"Tertiary Conveyor 205 (30 in, from TS201 to TE201)",http://operations.connect.na.local/support/Reliability/IKOAshcroft/PlantAssetDocs/Tertiary_Crushing_Side1.pdf,,Tertiary_Crushing_Side1.pdf
R3561,"Tertiary Elevator 201 (18 in, from TC205 to TB2O2)",http://operations.connect.na.local/support/Reliability/IKOAshcroft/PlantAssetDocs/Tertiary_Crushing_Side1.pdf,,Tertiary_Crushing_Side1.pdf
R3565,"Tertiary Bin 202 (Fine Stone, to TF202 and TF203)",http://operations.connect.na.local/support/Reliability/IKOAshcroft/PlantAssetDocs/Tertiary_Crushing_Side1.pdf,,Tertiary_Crushing_Side1.pdf
R3568,Tertiary Screen 202 Vibrating Feeder (from TB202 to TS202),http://operations.connect.na.local/support/Reliability/IKOAshcroft/PlantAssetDocs/Tertiary_Crushing_Side1.pdf,,Tertiary_Crushing_Side1.pdf
R3571,Tertiary Screen 203 Vibrating Feeder (from TB202 to TS203),http://operations.connect.na.local/support/Reliability/IKOAshcroft/PlantAssetDocs/Tertiary_Crushing_Side1.pdf,,Tertiary_Crushing_Side1.pdf
R3575,"Tertiary Screen 202 (6 ft X 15 ft, Making, Double Deck)",http://operations.connect.na.local/support/Reliability/IKOAshcroft/PlantAssetDocs/Tertiary_Crushing_Side1.pdf,,Tertiary_Crushing_Side1.pdf
R3579,"Tertiary Screen 203 (6 ft X 15 ft, Making, Double Deck)",http://operations.connect.na.local/support/Reliability/IKOAshcroft/PlantAssetDocs/Tertiary_Crushing_Side1.pdf,,Tertiary_Crushing_Side1.pdf
R3583,"Tertiary Screen 204 (5 ft X 15 ft, Finish, Double Deck)",http://operations.connect.na.local/support/Reliability/IKOAshcroft/PlantAssetDocs/Tertiary_Crushing_Side1.pdf,,Tertiary_Crushing_Side1.pdf
R3587,"Tertiary Screen 205 (5 ft X 15 ft, Fines, Single Deck)",http://operations.connect.na.local/support/Reliability/IKOAshcroft/PlantAssetDocs/Tertiary_Crushing_Side1.pdf,,Tertiary_Crushing_Side1.pdf
R3590,"Tertiary Scale Conveyor 206 (24 in, from TS204 to TC51)",http://operations.connect.na.local/support/Reliability/IKOAshcroft/PlantAssetDocs/Tertiary_Crushing_Side1.pdf,,Tertiary_Crushing_Side1.pdf
R4418,Tertiary Crusher 1 Hydraulic Pump System,http://operations.connect.na.local/support/Reliability/IKOAshcroft/PlantAssetDocs/Tertiary_Crushing_Side2.pdf,,Tertiary_Crushing_Side2.pdf
R4420,Tertiary Crusher 1 Lube Oil Cooler,http://operations.connect.na.local/support/Reliability/IKOAshcroft/PlantAssetDocs/Tertiary_Crushing_Side2.pdf,,Tertiary_Crushing_Side2.pdf
R4423,Tertiary Crusher 1 Lube Oil Pump System,http://operations.connect.na.local/support/Reliability/IKOAshcroft/PlantAssetDocs/Tertiary_Crushing_Side2.pdf,,Tertiary_Crushing_Side2.pdf
R4448,Tertiary Crusher 2 Hydraulic Pump System,http://operations.connect.na.local/support/Reliability/IKOAshcroft/PlantAssetDocs/Tertiary_Crushing_Side1.pdf,,Tertiary_Crushing_Side1.pdf
R4450,Tertiary Crusher 2 Lube Oil Cooler,http://operations.connect.na.local/support/Reliability/IKOAshcroft/PlantAssetDocs/Tertiary_Crushing_Side1.pdf,,Tertiary_Crushing_Side1.pdf
R4453,Tertiary Crusher 2 Lube Oil Pump System,http://operations.connect.na.local/support/Reliability/IKOAshcroft/PlantAssetDocs/Tertiary_Crushing_Side1.pdf,,Tertiary_Crushing_Side1.pdf
R5140,"Tertiary Conveyor 51 (24 in, from TC 203 & TC106 to TE01)",http://operations.connect.na.local/support/Reliability/IKOAshcroft/PlantAssetDocs/Tertiary_Crushing_Side2.pdf,,Tertiary_Crushing_Side2.pdf
R5148,"Tertiary Elevator 1 (18 in, from TC51 to TG02)",http://operations.connect.na.local/support/Reliability/IKOAshcroft/PlantAssetDocs/Tertiary_Silos.pdf,,Tertiary_Silos.pdf
R5151,Tertiary Diverter 2 (from TE1 to TC11 or TS04),http://operations.connect.na.local/support/Reliability/IKOAshcroft/PlantAssetDocs/Tertiary_Silos.pdf,,Tertiary_Silos.pdf
R5156,"Tertiary Conveyor 11 (24 in, from TD2 to TCS13)",http://operations.connect.na.local/support/Reliability/IKOAshcroft/PlantAssetDocs/Tertiary_Silos.pdf,,Tertiary_Silos.pdf
R5160,"Tertiary Shuttle Conveyor 13 (24 in, from TC11 to Natural Silos)",http://operations.connect.na.local/support/Reliability/IKOAshcroft/PlantAssetDocs/Tertiary_Silos.pdf,,Tertiary_Silos.pdf
R5164,Tertiary Shuttle Conveyor 13 Positioner,http://operations.connect.na.local/support/Reliability/IKOAshcroft/PlantAssetDocs/Tertiary_Silos.pdf,,Tertiary_Silos.pdf
R5184,"Tertiary Conveyor 52 (24 in, from Tertiary Screens to TE02)",http://operations.connect.na.local/support/Reliability/IKOAshcroft/PlantAssetDocs/Tertiary_Crushing_Side2.pdf,,Tertiary_Crushing_Side2.pdf
R5188,"Tertiary Elevator 2 (11 in, from TC52 to TC12)",http://operations.connect.na.local/support/Reliability/IKOAshcroft/PlantAssetDocs/Tertiary_Silos.pdf,,Tertiary_Silos.pdf
R5192,"Tertiary Scale Conveyor 12 (18 in, from TE2 to TD02)",http://operations.connect.na.local/support/Reliability/IKOAshcroft/PlantAssetDocs/Tertiary_Silos.pdf,,Tertiary_Silos.pdf
R5200,Tertiary Diverter 2 (from TC12 to TS10),http://operations.connect.na.local/support/Reliability/IKOAshcroft/PlantAssetDocs/Tertiary_Silos.pdf,,Tertiary_Silos.pdf
R5204,"Tertiary Conveyor 53 (24 in, from Dust Collectors to TE03)",http://operations.connect.na.local/support/Reliability/IKOAshcroft/PlantAssetDocs/Tertiary_Crushing_Side2.pdf,,Tertiary_Crushing_Side2.pdf
R5208,"Tertiary Elevator 3 (18 in, from TC53 to TS12A)",http://operations.connect.na.local/support/Reliability/IKOAshcroft/PlantAssetDocs/Tertiary_Silos.pdf,,Tertiary_Silos.pdf
R5212,"Tertiary Conveyor 54 (24 in, from TS105 & TS205 to TE04)",http://operations.connect.na.local/support/Reliability/IKOAshcroft/PlantAssetDocs/Tertiary_Crushing_Side2.pdf,,Tertiary_Crushing_Side2.pdf
R5216,"Tertiary Elevator 4 (11 in, from TC54 to TS11)",http://operations.connect.na.local/support/Reliability/IKOAshcroft/PlantAssetDocs/Tertiary_Silos.pdf,,Tertiary_Silos.pdf
R5310,Tertiary Oiler Day Tank Supply Pump 1 (to TT42),http://operations.connect.na.local/support/Reliability/IKOAshcroft/PlantAssetDocs/Tertiary_Oiler_Colour_Oiler.pdf,,Tertiary_Oiler_Colour_Oiler.pdf
R5315,Tertiary Oiler Day Tank 42,http://operations.connect.na.local/support/Reliability/IKOAshcroft/PlantAssetDocs/Tertiary_Oiler_Colour_Oiler.pdf,,Tertiary_Oiler_Colour_Oiler.pdf
R5318,Tertiary Oiler Pump 2 (to TO01),http://operations.connect.na.local/support/Reliability/IKOAshcroft/PlantAssetDocs/Tertiary_Oiler_Colour_Oiler.pdf,,Tertiary_Oiler_Colour_Oiler.pdf
R5322,Tertiary Oiler (to TS09),http://operations.connect.na.local/support/Reliability/IKOAshcroft/PlantAssetDocs/Tertiary_Oiler_Colour_Oiler.pdf,,Tertiary_Oiler_Colour_Oiler.pdf
R5410,Tertiary Silo 1 (Natural Granule),http://operations.connect.na.local/support/Reliability/IKOAshcroft/PlantAssetDocs/Tertiary_Silos.pdf,,Tertiary_Silos.pdf
R5413,Tertiary Silo 2 (Natural Granule),http://operations.connect.na.local/support/Reliability/IKOAshcroft/PlantAssetDocs/Tertiary_Silos.pdf,,Tertiary_Silos.pdf
R5416,Tertiary Silo 3 (Natural Granule),http://operations.connect.na.local/support/Reliability/IKOAshcroft/PlantAssetDocs/Tertiary_Silos.pdf,,Tertiary_Silos.pdf
R5419,Tertiary Silo 4 (Natural Granule),http://operations.connect.na.local/support/Reliability/IKOAshcroft/PlantAssetDocs/Tertiary_Silos.pdf,,Tertiary_Silos.pdf
R5422,Tertiary Silo 5 (Natural Granule),http://operations.connect.na.local/support/Reliability/IKOAshcroft/PlantAssetDocs/Tertiary_Silos.pdf,,Tertiary_Silos.pdf
R5425,Tertiary Silo 6 (Natural Granule),http://operations.connect.na.local/support/Reliability/IKOAshcroft/PlantAssetDocs/Tertiary_Silos.pdf,,Tertiary_Silos.pdf
R5428,Tertiary Silo 7 (Natural Granule),http://operations.connect.na.local/support/Reliability/IKOAshcroft/PlantAssetDocs/Tertiary_Silos.pdf,,Tertiary_Silos.pdf
R5431,Tertiary Silo 8 (Natural Granule),http://operations.connect.na.local/support/Reliability/IKOAshcroft/PlantAssetDocs/Tertiary_Silos.pdf,,Tertiary_Silos.pdf
R5434,Tertiary Silo 9 (Oiled Headlap),http://operations.connect.na.local/support/Reliability/IKOAshcroft/PlantAssetDocs/Tertiary_Silos.pdf,,Tertiary_Silos.pdf
R5440,"Tertiary Silo 10 (400 Tons, Modified Sand)",http://operations.connect.na.local/support/Reliability/IKOAshcroft/PlantAssetDocs/Tertiary_Silos.pdf,,Tertiary_Silos.pdf
R5443,"Tertiary Silo 11 (400 Tons, Backsurfacing Sand)",http://operations.connect.na.local/support/Reliability/IKOAshcroft/PlantAssetDocs/Tertiary_Silos.pdf,,Tertiary_Silos.pdf
R5446,"Tertiary Silo 12A (240 Tons, Filler)",http://operations.connect.na.local/support/Reliability/IKOAshcroft/PlantAssetDocs/Tertiary_Silos.pdf,,Tertiary_Silos.pdf
R5449,"Tertiary Silo 12B (8 Tons, Filler Weigh Bin)",http://operations.connect.na.local/support/Reliability/IKOAshcroft/PlantAssetDocs/Tertiary_Silos.pdf,,Tertiary_Silos.pdf
R5610,"Tertiary Conveyor 14 (24 in, from Tertiary Silos to TC15)",http://operations.connect.na.local/support/Reliability/IKOAshcroft/PlantAssetDocs/Tertiary_Silos.pdf,,Tertiary_Silos.pdf
R5614,"Tertiary Scale Conveyor 15 (24 in, from TC14 to TLS01)",http://operations.connect.na.local/support/Reliability/IKOAshcroft/PlantAssetDocs/Tertiary_Silos.pdf,,Tertiary_Silos.pdf
R6120,Colour Sodium Silicate Holding Tank,http://operations.connect.na.local/support/Reliability/IKOAshcroft/PlantAssetDocs/Colour_Dust_Collection_System.pdf,,Colour_Dust_Collection_System.pdf
R6120,Colour Sodium Silicate Holding Tank,http://operations.connect.na.local/support/Reliability/IKOAshcroft/PlantAssetDocs/Colour_Sodium_Silicate_System.pdf,,Colour_Sodium_Silicate_System.pdf
R6124,Colour Clay Silo 11,http://operations.connect.na.local/support/Reliability/IKOAshcroft/PlantAssetDocs/Clay_Auger_System.pdf,,Clay_Auger_System.pdf
R6125,Colour Sodium Silicate Pump 33,http://operations.connect.na.local/support/Reliability/IKOAshcroft/PlantAssetDocs/Colour_Sodium_Silicate_System.pdf,,Colour_Sodium_Silicate_System.pdf
R6131,"Colour Clay Auger 1 (12 in, to CA02)",http://operations.connect.na.local/support/Reliability/IKOAshcroft/PlantAssetDocs/Clay_Auger_System.pdf,,Clay_Auger_System.pdf
R6134,"Colour Clay Auger 2 (12 in, to CG05)",http://operations.connect.na.local/support/Reliability/IKOAshcroft/PlantAssetDocs/Clay_Auger_System.pdf,,Clay_Auger_System.pdf
R6141,Colour Clay Diverter 5 (from CA02 to Batch Tanks),http://operations.connect.na.local/support/Reliability/IKOAshcroft/PlantAssetDocs/Clay_Auger_System.pdf,,Clay_Auger_System.pdf
R6371,Colour Pigment Feeder 1,http://operations.connect.na.local/support/Reliability/IKOAshcroft/PlantAssetDocs/Colour_Pigment_System.pdf,,Colour_Pigment_System.pdf
R6372,Colour Pigment Feeder 2,http://operations.connect.na.local/support/Reliability/IKOAshcroft/PlantAssetDocs/Colour_Pigment_System.pdf,,Colour_Pigment_System.pdf
R6373,Colour Pigment Feeder 3,http://operations.connect.na.local/support/Reliability/IKOAshcroft/PlantAssetDocs/Colour_Pigment_System.pdf,,Colour_Pigment_System.pdf
R6374,Colour Pigment Feeder 4,http://operations.connect.na.local/support/Reliability/IKOAshcroft/PlantAssetDocs/Colour_Pigment_System.pdf,,Colour_Pigment_System.pdf
R6375,Colour Pigment Feeder 5,http://operations.connect.na.local/support/Reliability/IKOAshcroft/PlantAssetDocs/Colour_Pigment_System.pdf,,Colour_Pigment_System.pdf
R6376,Colour Pigment Feeder 6,http://operations.connect.na.local/support/Reliability/IKOAshcroft/PlantAssetDocs/Colour_Pigment_System.pdf,,Colour_Pigment_System.pdf
R6377,Colour Pigment Feeder 7,http://operations.connect.na.local/support/Reliability/IKOAshcroft/PlantAssetDocs/Colour_Pigment_System.pdf,,Colour_Pigment_System.pdf
R6378,Colour Pigment Feeder 8,http://operations.connect.na.local/support/Reliability/IKOAshcroft/PlantAssetDocs/Colour_Pigment_System.pdf,,Colour_Pigment_System.pdf
R6379,Colour Pigment Feeder 9,http://operations.connect.na.local/support/Reliability/IKOAshcroft/PlantAssetDocs/Paint_Application_Side_2.pdf,,Paint_Application_Side_2.pdf
R6379,Colour Pigment Feeder 9,http://operations.connect.na.local/support/Reliability/IKOAshcroft/PlantAssetDocs/Colour_Pigment_System.pdf,,Colour_Pigment_System.pdf
R6380,Colour Pigment Feeder 10,http://operations.connect.na.local/support/Reliability/IKOAshcroft/PlantAssetDocs/Colour_Pigment_System.pdf,,Colour_Pigment_System.pdf
R6381,Colour Pigment Feeder 11 (Dispersant),http://operations.connect.na.local/support/Reliability/IKOAshcroft/PlantAssetDocs/Colour_Pigment_System.pdf,,Colour_Pigment_System.pdf
R6419,Colour Pigment Cart,http://operations.connect.na.local/support/Reliability/IKOAshcroft/PlantAssetDocs/Colour_Pigment_System.pdf,,Colour_Pigment_System.pdf
R6436,Colour Pigment Diverter 6 (to batch tanks),http://operations.connect.na.local/support/Reliability/IKOAshcroft/PlantAssetDocs/Colour_Pigment_System.pdf,,Colour_Pigment_System.pdf
R6510,Colour Batch Tanks Sump Pump 25,http://operations.connect.na.local/support/Reliability/IKOAshcroft/PlantAssetDocs/Colour_Dirty_Water_System.pdf,,Colour_Dirty_Water_System.pdf
R6510,Colour Batch Tanks Sump Pump 25,http://operations.connect.na.local/support/Reliability/IKOAshcroft/PlantAssetDocs/Paint_Application_Side_2.pdf,,Paint_Application_Side_2.pdf
R6515,Colour Classifier Sump Pump 26,http://operations.connect.na.local/support/Reliability/IKOAshcroft/PlantAssetDocs/Colour_Dirty_Water_System.pdf,,Colour_Dirty_Water_System.pdf
R6520,Colour Dirty Water Tank,http://operations.connect.na.local/support/Reliability/IKOAshcroft/PlantAssetDocs/Colour_Dirty_Water_System.pdf,,Colour_Dirty_Water_System.pdf
R6523,Colour Dirty Water Tank Agitator,http://operations.connect.na.local/support/Reliability/IKOAshcroft/PlantAssetDocs/Colour_Dirty_Water_System.pdf,,Colour_Dirty_Water_System.pdf
R6528,Colour Auger Classifier 1,http://operations.connect.na.local/support/Reliability/IKOAshcroft/PlantAssetDocs/Colour_Dirty_Water_System.pdf,,Colour_Dirty_Water_System.pdf
R6535,Colour Pump 5 (Dirty Water Tank),http://operations.connect.na.local/support/Reliability/IKOAshcroft/PlantAssetDocs/Colour_Dirty_Water_System.pdf,,Colour_Dirty_Water_System.pdf
R6570,Colour Batch Tanks Auxilary Sump Pump 6,http://operations.connect.na.local/support/Reliability/IKOAshcroft/PlantAssetDocs/Colour_Dirty_Water_System.pdf,,Colour_Dirty_Water_System.pdf
R6575,Colour Dirty Water Piping System,http://operations.connect.na.local/support/Reliability/IKOAshcroft/PlantAssetDocs/Colour_Dirty_Water_System.pdf,,Colour_Dirty_Water_System.pdf
R6611,Colour Boiler (Glycol Heating System),http://operations.connect.na.local/support/Reliability/IKOAshcroft/PlantAssetDocs/Colour_Dirty_Water_System.pdf,,Colour_Dirty_Water_System.pdf
R6615,Colour Boiler Recirculation Pump,http://operations.connect.na.local/support/Reliability/IKOAshcroft/PlantAssetDocs/Colour_Dirty_Water_System.pdf,,Colour_Dirty_Water_System.pdf
R6660,Colour Batch Tank 1,http://operations.connect.na.local/support/Reliability/IKOAshcroft/PlantAssetDocs/Colour_Paint_System_Side_1.pdf,,Colour_Paint_System_Side_1.pdf
R6660,Colour Batch Tank 1,http://operations.connect.na.local/support/Reliability/IKOAshcroft/PlantAssetDocs/Paint_Application_Side_1.pdf,,Paint_Application_Side_1.pdf
R6663,Colour Batch Tank 1 Agitator,http://operations.connect.na.local/support/Reliability/IKOAshcroft/PlantAssetDocs/Colour_Paint_System_Side_1.pdf,,Colour_Paint_System_Side_1.pdf
R6663,Colour Batch Tank 1 Agitator,http://operations.connect.na.local/support/Reliability/IKOAshcroft/PlantAssetDocs/Paint_Application_Side_1.pdf,,Paint_Application_Side_1.pdf
R6666,Colour Batch Tank 1 Transfer Pump,http://operations.connect.na.local/support/Reliability/IKOAshcroft/PlantAssetDocs/Colour_Sodium_Silicate_System.pdf,,Colour_Sodium_Silicate_System.pdf
R6670,Colour Batch Tank 2,http://operations.connect.na.local/support/Reliability/IKOAshcroft/PlantAssetDocs/Paint_Application_Side_2.pdf,,Paint_Application_Side_2.pdf
R6673,Colour Batch Tank 2 Agitator,http://operations.connect.na.local/support/Reliability/IKOAshcroft/PlantAssetDocs/Paint_Application_Side_2.pdf,,Paint_Application_Side_2.pdf
R6676,Colour Batch Tank 2 Transfer Pump,http://operations.connect.na.local/support/Reliability/IKOAshcroft/PlantAssetDocs/Paint_Application_Side_2.pdf,,Paint_Application_Side_2.pdf
R6760,Colour Holding Tank 1,http://operations.connect.na.local/support/Reliability/IKOAshcroft/PlantAssetDocs/Colour_Paint_System_Side_1.pdf,,Colour_Paint_System_Side_1.pdf
R6760,Colour Holding Tank 1,http://operations.connect.na.local/support/Reliability/IKOAshcroft/PlantAssetDocs/Paint_Application_Side_1.pdf,,Paint_Application_Side_1.pdf
R6763,Colour Holding Tank 1 Agitator,http://operations.connect.na.local/support/Reliability/IKOAshcroft/PlantAssetDocs/Colour_Paint_System_Side_1.pdf,,Colour_Paint_System_Side_1.pdf
R6763,Colour Holding Tank 1 Agitator,http://operations.connect.na.local/support/Reliability/IKOAshcroft/PlantAssetDocs/Paint_Application_Side_1.pdf,,Paint_Application_Side_1.pdf
R6766,Colour Paint Pump 21 (Side 1),http://operations.connect.na.local/support/Reliability/IKOAshcroft/PlantAssetDocs/Colour_Paint_System_Side_1.pdf,,Colour_Paint_System_Side_1.pdf
R6766,Colour Paint Pump 21 (Side 1),http://operations.connect.na.local/support/Reliability/IKOAshcroft/PlantAssetDocs/Paint_Application_Side_1.pdf,,Paint_Application_Side_1.pdf
R6770,Colour Holding Tank 2,http://operations.connect.na.local/support/Reliability/IKOAshcroft/PlantAssetDocs/Paint_Application_Side_2.pdf,,Paint_Application_Side_2.pdf
R6773,Colour Holding Tank 2 Agitator,http://operations.connect.na.local/support/Reliability/IKOAshcroft/PlantAssetDocs/Paint_Application_Side_2.pdf,,Paint_Application_Side_2.pdf
R6776,Colour Paint Pump 22 (Side 2),http://operations.connect.na.local/support/Reliability/IKOAshcroft/PlantAssetDocs/Paint_Application_Side_2.pdf,,Paint_Application_Side_2.pdf
R6820,Colour Dirty Water Tank,http://operations.connect.na.local/support/Reliability/IKOAshcroft/PlantAssetDocs/Colour_Plant_Sect_3.pdf,,Colour_Plant_Sect_3.pdf
R6835,Colour Pump 5 (Dirty Water Tank),http://operations.connect.na.local/support/Reliability/IKOAshcroft/PlantAssetDocs/Colour_Paint_System_Side_1.pdf,,Colour_Paint_System_Side_1.pdf
R6835,Colour Pump 5 (Dirty Water Tank),http://operations.connect.na.local/support/Reliability/IKOAshcroft/PlantAssetDocs/Paint_Application_Side_1.pdf,,Paint_Application_Side_1.pdf
R7010,Colour Vibrating Feeder 1 (from TS1 to CC1),http://operations.connect.na.local/support/Reliability/IKOAshcroft/PlantAssetDocs/Colour_Plant_Sect_1.pdf,,Colour_Plant_Sect_1.pdf
R7012,Colour Vibrating Feeder 2 (from TS2 to CC1),http://operations.connect.na.local/support/Reliability/IKOAshcroft/PlantAssetDocs/Colour_Plant_Sect_1.pdf,,Colour_Plant_Sect_1.pdf
R7014,Colour Vibrating Feeder 3 (from TS3 to CC1),http://operations.connect.na.local/support/Reliability/IKOAshcroft/PlantAssetDocs/Colour_Plant_Sect_1.pdf,,Colour_Plant_Sect_1.pdf
R7016,Colour Vibrating Feeder 4 (from TS4 to CC1),http://operations.connect.na.local/support/Reliability/IKOAshcroft/PlantAssetDocs/Colour_Plant_Sect_1.pdf,,Colour_Plant_Sect_1.pdf
R7018,Colour Vibrating Feeder 5 (from TS5 to CC1),http://operations.connect.na.local/support/Reliability/IKOAshcroft/PlantAssetDocs/Colour_Plant_Sect_1.pdf,,Colour_Plant_Sect_1.pdf
R7020,Colour Vibrating Feeder 6 (from TS6 to CC1),http://operations.connect.na.local/support/Reliability/IKOAshcroft/PlantAssetDocs/Colour_Plant_Sect_1.pdf,,Colour_Plant_Sect_1.pdf
R7022,Colour Vibrating Feeder 7 (from TS7 to CC1),http://operations.connect.na.local/support/Reliability/IKOAshcroft/PlantAssetDocs/Colour_Plant_Sect_1.pdf,,Colour_Plant_Sect_1.pdf
R7024,Colour Vibrating Feeder 8 (from TS8 to CC1),http://operations.connect.na.local/support/Reliability/IKOAshcroft/PlantAssetDocs/Colour_Plant_Sect_1.pdf,,Colour_Plant_Sect_1.pdf
R7038,"Colour Conveyor 1 (24 in, from Tert Silos to CC2)",http://operations.connect.na.local/support/Reliability/IKOAshcroft/PlantAssetDocs/Colour_Plant_Sect_1.pdf,,Colour_Plant_Sect_1.pdf
R7042,"Colour Conveyor 2 (24 in, from CC1 to CE1)",http://operations.connect.na.local/support/Reliability/IKOAshcroft/PlantAssetDocs/Colour_Plant_Sect_1.pdf,,Colour_Plant_Sect_1.pdf
R7046,Colour Magnet 1 (over CC2),http://operations.connect.na.local/support/Reliability/IKOAshcroft/PlantAssetDocs/Colour_Plant_Sect_1.pdf,,Colour_Plant_Sect_1.pdf
R7053,"Colour Elevator 1 (15 in, from CC2 to CB1)",http://operations.connect.na.local/support/Reliability/IKOAshcroft/PlantAssetDocs/Colour_Plant_Sect_1.pdf,,Colour_Plant_Sect_1.pdf
R7061,Colour Bin 1 (5 Ton),http://operations.connect.na.local/support/Reliability/IKOAshcroft/PlantAssetDocs/Colour_Plant_Sect_1.pdf,,Colour_Plant_Sect_1.pdf
R7064,Colour Bin Vibrating Feeder 1 (from CB1 to CPH1),http://operations.connect.na.local/support/Reliability/IKOAshcroft/PlantAssetDocs/Colour_Plant_Sect_1.pdf,,Colour_Plant_Sect_1.pdf
R7073,Colour Preheater,http://operations.connect.na.local/support/Reliability/IKOAshcroft/PlantAssetDocs/Colour_Plant_Sect_1.pdf,,Colour_Plant_Sect_1.pdf
R7078,Colour Preheater Blower,http://operations.connect.na.local/support/Reliability/IKOAshcroft/PlantAssetDocs/Colour_Plant_Sect_1.pdf,,Colour_Plant_Sect_1.pdf
R7210,"Colour Elevator 2 (15 in, from CPH1 to CD1)",http://operations.connect.na.local/support/Reliability/IKOAshcroft/PlantAssetDocs/Colour_Plant_Sect_1.pdf,,Colour_Plant_Sect_1.pdf
R7214,Colour Diverter 1 (from CE2 to CB2 and CB3),http://operations.connect.na.local/support/Reliability/IKOAshcroft/PlantAssetDocs/Colour_Plant_Sect_1.pdf,,Colour_Plant_Sect_1.pdf
R7241,Colour Bin 2,http://operations.connect.na.local/support/Reliability/IKOAshcroft/PlantAssetDocs/Colour_Plant_Sect_2.pdf,,Colour_Plant_Sect_2.pdf
R7245,Colour Bin 3,http://operations.connect.na.local/support/Reliability/IKOAshcroft/PlantAssetDocs/Colour_Plant_Sect_2.pdf,,Colour_Plant_Sect_2.pdf
R7277,"Colour Bin Scale Belt Feeder 2 (36 in, from CB2 to CM1)",http://operations.connect.na.local/support/Reliability/IKOAshcroft/PlantAssetDocs/Colour_Plant_Sect_2.pdf,,Colour_Plant_Sect_2.pdf
R7281,"Colour Bin Scale Belt Feeder 3 (36 in, from CB3 to CM2)",http://operations.connect.na.local/support/Reliability/IKOAshcroft/PlantAssetDocs/Colour_Plant_Sect_2.pdf,,Colour_Plant_Sect_2.pdf
R7410,Colour Mixer 1,http://operations.connect.na.local/support/Reliability/IKOAshcroft/PlantAssetDocs/Colour_Plant_Sect_2.pdf,,Colour_Plant_Sect_2.pdf
R7414,Colour Mixer 1 Exhaust Fan,http://operations.connect.na.local/support/Reliability/IKOAshcroft/PlantAssetDocs/Colour_Plant_Sect_2.pdf,,Colour_Plant_Sect_2.pdf
R7418,Colour Diverter 1 (from CM1 to CK1 and CAC1),http://operations.connect.na.local/support/Reliability/IKOAshcroft/PlantAssetDocs/Colour_Plant_Sect_2.pdf,,Colour_Plant_Sect_2.pdf
R7422,Colour Mixer 2,http://operations.connect.na.local/support/Reliability/IKOAshcroft/PlantAssetDocs/Colour_Plant_Sect_2.pdf,,Colour_Plant_Sect_2.pdf
R7426,Colour Mixer 2 Exhaust Fan,http://operations.connect.na.local/support/Reliability/IKOAshcroft/PlantAssetDocs/Colour_Plant_Sect_2.pdf,,Colour_Plant_Sect_2.pdf
R7430,Colour Diverter 2 (from CM2 to CK2 and CAC1),http://operations.connect.na.local/support/Reliability/IKOAshcroft/PlantAssetDocs/Colour_Plant_Sect_2.pdf,,Colour_Plant_Sect_2.pdf
R7510,Colour Kiln 1,http://operations.connect.na.local/support/Reliability/IKOAshcroft/PlantAssetDocs/Colour_Plant_Sect_2.pdf,,Colour_Plant_Sect_2.pdf
R7513,Colour Kiln 1 Combustion Fan,http://operations.connect.na.local/support/Reliability/IKOAshcroft/PlantAssetDocs/Colour_Plant_Sect_2.pdf,,Colour_Plant_Sect_2.pdf
R7515,Colour Kiln 1 Exhaust Fan,http://operations.connect.na.local/support/Reliability/IKOAshcroft/PlantAssetDocs/Colour_Plant_Sect_2.pdf,,Colour_Plant_Sect_2.pdf
R7520,Colour Kiln 2,http://operations.connect.na.local/support/Reliability/IKOAshcroft/PlantAssetDocs/Colour_Plant_Sect_2.pdf,,Colour_Plant_Sect_2.pdf
R7523,Colour Kiln 2 Combustion Fan,http://operations.connect.na.local/support/Reliability/IKOAshcroft/PlantAssetDocs/Colour_Plant_Sect_2.pdf,,Colour_Plant_Sect_2.pdf
R7525,Colour Kiln 2 Exhaust Fan,http://operations.connect.na.local/support/Reliability/IKOAshcroft/PlantAssetDocs/Colour_Plant_Sect_2.pdf,,Colour_Plant_Sect_2.pdf
R7620,Colour Cooler 2,http://operations.connect.na.local/support/Reliability/IKOAshcroft/PlantAssetDocs/Colour_Plant_Sect_2.pdf,,Colour_Plant_Sect_2.pdf
R7656,Colour Distributor 2 (from CE3 to Blend Bins),http://operations.connect.na.local/support/Reliability/IKOAshcroft/PlantAssetDocs/Colour_Plant_Sect_3.pdf,,Colour_Plant_Sect_3.pdf
R7660,Colour Distributor 3 (from CE4 to Blend Bins),http://operations.connect.na.local/support/Reliability/IKOAshcroft/PlantAssetDocs/Colour_Plant_Sect_3.pdf,,Colour_Plant_Sect_3.pdf
R7710,"Colour Diverter 3 (from CCL1, to CS1 and Oversize Off-Spec Box )",http://operations.connect.na.local/support/Reliability/IKOAshcroft/PlantAssetDocs/Colour_Plant_Sect_2.pdf,,Colour_Plant_Sect_2.pdf
R7714,"Colour Diverter 4 (from CCL2, to CS2 and Oversize Off-Spec Box)",http://operations.connect.na.local/support/Reliability/IKOAshcroft/PlantAssetDocs/Colour_Plant_Sect_2.pdf,,Colour_Plant_Sect_2.pdf
R7736,"Colour Screen 1 (3 X 6 ft, Single Deck)",http://operations.connect.na.local/support/Reliability/IKOAshcroft/PlantAssetDocs/Colour_Plant_Sect_2.pdf,,Colour_Plant_Sect_2.pdf
R7740,"Colour Screen 2 (3 X 6 ft, Single Deck)",http://operations.connect.na.local/support/Reliability/IKOAshcroft/PlantAssetDocs/Colour_Plant_Sect_2.pdf,,Colour_Plant_Sect_2.pdf
R7762,"Colour Elevator 3 (11 in, from CS1 to CD2)",http://operations.connect.na.local/support/Reliability/IKOAshcroft/PlantAssetDocs/Colour_Plant_Sect_2.pdf,,Colour_Plant_Sect_2.pdf
R7764,"Colour Elevator 4 (11 in, from CS2 to CD3)",http://operations.connect.na.local/support/Reliability/IKOAshcroft/PlantAssetDocs/Colour_Plant_Sect_2.pdf,,Colour_Plant_Sect_2.pdf
R7798,"Colour Bin 4 (1 Ton, Off Spec)",http://operations.connect.na.local/support/Reliability/IKOAshcroft/PlantAssetDocs/Colour_Plant_Sect_3.pdf,,Colour_Plant_Sect_3.pdf
R7802,Colour Bin Belt Feeder 4 (from CB4 to CC3),http://operations.connect.na.local/support/Reliability/IKOAshcroft/PlantAssetDocs/Colour_Plant_Sect_3.pdf,,Colour_Plant_Sect_3.pdf
R7910,Colour Diverter 2 (from CE3 to Blend Bins),http://operations.connect.na.local/support/Reliability/IKOAshcroft/PlantAssetDocs/Colour_Plant_Sect_2.pdf,,Colour_Plant_Sect_2.pdf
R7912,Colour Diverter 3 (from CE4 to Blend Bins),http://operations.connect.na.local/support/Reliability/IKOAshcroft/PlantAssetDocs/Colour_Plant_Sect_2.pdf,,Colour_Plant_Sect_2.pdf
R7930,"Colour Bin 5 (60 Ton, Blend)",http://operations.connect.na.local/support/Reliability/IKOAshcroft/PlantAssetDocs/Colour_Plant_Sect_3.pdf,,Colour_Plant_Sect_3.pdf
R7932,"Colour Bin 6 (60 Ton, Blend)",http://operations.connect.na.local/support/Reliability/IKOAshcroft/PlantAssetDocs/Colour_Plant_Sect_3.pdf,,Colour_Plant_Sect_3.pdf
R7934,"Colour Bin 7 (60 Ton, Blend)",http://operations.connect.na.local/support/Reliability/IKOAshcroft/PlantAssetDocs/Colour_Plant_Sect_3.pdf,,Colour_Plant_Sect_3.pdf
R7936,"Colour Bin 8 (60 Ton, Blend)",http://operations.connect.na.local/support/Reliability/IKOAshcroft/PlantAssetDocs/Colour_Plant_Sect_3.pdf,,Colour_Plant_Sect_3.pdf
R7938,"Colour Bin 9 (50 Ton, Off Spec Fiesta)",http://operations.connect.na.local/support/Reliability/IKOAshcroft/PlantAssetDocs/Colour_Plant_Sect_3.pdf,,Colour_Plant_Sect_3.pdf
R7960,Colour Bin 5 Vibrating Feeder (from CB5 to CC4),http://operations.connect.na.local/support/Reliability/IKOAshcroft/PlantAssetDocs/Colour_Plant_Sect_3.pdf,,Colour_Plant_Sect_3.pdf
R7962,Colour Bin 6 Vibrating Feeder (from CB6 to CC4),http://operations.connect.na.local/support/Reliability/IKOAshcroft/PlantAssetDocs/Colour_Plant_Sect_3.pdf,,Colour_Plant_Sect_3.pdf
R7964,Colour Bin 7 Vibrating Feeder (from CB7 to CC4),http://operations.connect.na.local/support/Reliability/IKOAshcroft/PlantAssetDocs/Colour_Plant_Sect_3.pdf,,Colour_Plant_Sect_3.pdf
R7966,Colour Bin 8 Vibrating Feeder (from CB8 to CC4),http://operations.connect.na.local/support/Reliability/IKOAshcroft/PlantAssetDocs/Colour_Plant_Sect_3.pdf,,Colour_Plant_Sect_3.pdf
R7982,Colour Off Spec Fiesta Bin Valve (8 in),http://operations.connect.na.local/support/Reliability/IKOAshcroft/PlantAssetDocs/Colour_Plant_Sect_3.pdf,,Colour_Plant_Sect_3.pdf
R7985,"Colour Scale Conveyor 4 (30 in, from Blend Bins to Oiler)",http://operations.connect.na.local/support/Reliability/IKOAshcroft/PlantAssetDocs/Colour_Plant_Sect_3.pdf,,Colour_Plant_Sect_3.pdf
R8310,Colour Oil Storage Tank 41,http://operations.connect.na.local/support/Reliability/IKOAshcroft/PlantAssetDocs/Tertiary_Oiler_Colour_Oiler.pdf,,Tertiary_Oiler_Colour_Oiler.pdf
R8330,Colour Oil Day Tank 42,http://operations.connect.na.local/support/Reliability/IKOAshcroft/PlantAssetDocs/Tertiary_Oiler_Colour_Oiler.pdf,,Tertiary_Oiler_Colour_Oiler.pdf
R8335,Colour Oil Application Pump 41,http://operations.connect.na.local/support/Reliability/IKOAshcroft/PlantAssetDocs/Tertiary_Oiler_Colour_Oiler.pdf,,Tertiary_Oiler_Colour_Oiler.pdf
R8360,Colour Wacker Silicone Tank 43,http://operations.connect.na.local/support/Reliability/IKOAshcroft/PlantAssetDocs/Tertiary_Oiler_Colour_Oiler.pdf,,Tertiary_Oiler_Colour_Oiler.pdf
R8365,Colour Wacker Silicone Pump 42,http://operations.connect.na.local/support/Reliability/IKOAshcroft/PlantAssetDocs/Tertiary_Oiler_Colour_Oiler.pdf,,Tertiary_Oiler_Colour_Oiler.pdf
R8375,Colour Oiler,http://operations.connect.na.local/support/Reliability/IKOAshcroft/PlantAssetDocs/Tertiary_Oiler_Colour_Oiler.pdf,,Tertiary_Oiler_Colour_Oiler.pdf
R8520,"Colour Elevator 5 (18 in, from CO1 to CC5)",http://operations.connect.na.local/support/Reliability/IKOAshcroft/PlantAssetDocs/Colour_Silos.pdf,,Colour_Silos.pdf
R8553,"Colour Conveyor 5 (24 in, from CE5 to CSC6)",http://operations.connect.na.local/support/Reliability/IKOAshcroft/PlantAssetDocs/Colour_Silos.pdf,,Colour_Silos.pdf
R8566,"Colour Shuttle Conveyor 6 (24 in, from CC5 to CC7)",http://operations.connect.na.local/support/Reliability/IKOAshcroft/PlantAssetDocs/Colour_Silos.pdf,,Colour_Silos.pdf
R8569,Colour Shuttle Conveyor 6 Positioner,http://operations.connect.na.local/support/Reliability/IKOAshcroft/PlantAssetDocs/Colour_Silos.pdf,,Colour_Silos.pdf
R8573,"Colour Shuttle Conveyor 7 (24 in, from CC6 to Silos)",http://operations.connect.na.local/support/Reliability/IKOAshcroft/PlantAssetDocs/Colour_Silos.pdf,,Colour_Silos.pdf
R8575,Colour Shuttle Conveyor 7 Positioner (East/West),http://operations.connect.na.local/support/Reliability/IKOAshcroft/PlantAssetDocs/Colour_Silos.pdf,,Colour_Silos.pdf
R8578,Colour Shuttle Conveyor 7 Positioner (North/South),http://operations.connect.na.local/support/Reliability/IKOAshcroft/PlantAssetDocs/Colour_Silos.pdf,,Colour_Silos.pdf
R8670,"Colour Conveyor 3 (24 in, from CB4 to CB3)",http://operations.connect.na.local/support/Reliability/IKOAshcroft/PlantAssetDocs/Colour_Plant_Sect_3.pdf,,Colour_Plant_Sect_3.pdf
R8810,Colour Silo 51,http://operations.connect.na.local/support/Reliability/IKOAshcroft/PlantAssetDocs/Colour_Silos_2.pdf,,Colour_Silos_2.pdf
R8813,Colour Silo 52,http://operations.connect.na.local/support/Reliability/IKOAshcroft/PlantAssetDocs/Colour_Silos_2.pdf,,Colour_Silos_2.pdf
R8816,Colour Silo 53,http://operations.connect.na.local/support/Reliability/IKOAshcroft/PlantAssetDocs/Colour_Silos_2.pdf,,Colour_Silos_2.pdf
R8819,Colour Silo 54,http://operations.connect.na.local/support/Reliability/IKOAshcroft/PlantAssetDocs/Colour_Silos_2.pdf,,Colour_Silos_2.pdf
R8822,Colour Silo 55,http://operations.connect.na.local/support/Reliability/IKOAshcroft/PlantAssetDocs/Colour_Silos_2.pdf,,Colour_Silos_2.pdf
R8825,Colour Silo 56,http://operations.connect.na.local/support/Reliability/IKOAshcroft/PlantAssetDocs/Colour_Silos_2.pdf,,Colour_Silos_2.pdf
R8828,Colour Silo 61,http://operations.connect.na.local/support/Reliability/IKOAshcroft/PlantAssetDocs/Colour_Silos_2.pdf,,Colour_Silos_2.pdf
R8831,Colour Silo 62,http://operations.connect.na.local/support/Reliability/IKOAshcroft/PlantAssetDocs/Colour_Silos_2.pdf,,Colour_Silos_2.pdf
R8834,Colour Silo 63,http://operations.connect.na.local/support/Reliability/IKOAshcroft/PlantAssetDocs/Colour_Silos_2.pdf,,Colour_Silos_2.pdf
R8837,Colour Silo 64,http://operations.connect.na.local/support/Reliability/IKOAshcroft/PlantAssetDocs/Colour_Silos_2.pdf,,Colour_Silos_2.pdf
R8840,Colour Silo 65,http://operations.connect.na.local/support/Reliability/IKOAshcroft/PlantAssetDocs/Colour_Silos_2.pdf,,Colour_Silos_2.pdf
R8843,Colour Silo 66,http://operations.connect.na.local/support/Reliability/IKOAshcroft/PlantAssetDocs/Colour_Silos_2.pdf,,Colour_Silos_2.pdf
R8846,Colour Silo 71,http://operations.connect.na.local/support/Reliability/IKOAshcroft/PlantAssetDocs/Colour_Silos_2.pdf,,Colour_Silos_2.pdf
R8849,Colour Silo 72,http://operations.connect.na.local/support/Reliability/IKOAshcroft/PlantAssetDocs/Colour_Silos_2.pdf,,Colour_Silos_2.pdf
R8852,Colour Silo 73,http://operations.connect.na.local/support/Reliability/IKOAshcroft/PlantAssetDocs/Colour_Silos_2.pdf,,Colour_Silos_2.pdf
R8855,Colour Silo 74,http://operations.connect.na.local/support/Reliability/IKOAshcroft/PlantAssetDocs/Colour_Silos_2.pdf,,Colour_Silos_2.pdf
R8858,Colour Silo 75,http://operations.connect.na.local/support/Reliability/IKOAshcroft/PlantAssetDocs/Colour_Silos_2.pdf,,Colour_Silos_2.pdf
R8861,Colour Silo 76,http://operations.connect.na.local/support/Reliability/IKOAshcroft/PlantAssetDocs/Colour_Silos_2.pdf,,Colour_Silos_2.pdf
R8864,Colour Silo 81,http://operations.connect.na.local/support/Reliability/IKOAshcroft/PlantAssetDocs/Colour_Silos_2.pdf,,Colour_Silos_2.pdf
R8867,Colour Silo 82,http://operations.connect.na.local/support/Reliability/IKOAshcroft/PlantAssetDocs/Colour_Silos_2.pdf,,Colour_Silos_2.pdf
R8870,Colour Silo 83,http://operations.connect.na.local/support/Reliability/IKOAshcroft/PlantAssetDocs/Colour_Silos_2.pdf,,Colour_Silos_2.pdf
R8873,Colour Silo 84,http://operations.connect.na.local/support/Reliability/IKOAshcroft/PlantAssetDocs/Colour_Silos_2.pdf,,Colour_Silos_2.pdf
R8876,Colour Silo 85,http://operations.connect.na.local/support/Reliability/IKOAshcroft/PlantAssetDocs/Colour_Silos_2.pdf,,Colour_Silos_2.pdf
R8879,Colour Silo 86,http://operations.connect.na.local/support/Reliability/IKOAshcroft/PlantAssetDocs/Colour_Silos_2.pdf,,Colour_Silos_2.pdf
R9022,"Colour Conveyor 8 (24 in, from Silos to CC12)",http://operations.connect.na.local/support/Reliability/IKOAshcroft/PlantAssetDocs/Colour_Silos.pdf,,Colour_Silos.pdf
R9026,"Colour Scale Conveyor 12 (36 in, from CC8 to Lane 1)",http://operations.connect.na.local/support/Reliability/IKOAshcroft/PlantAssetDocs/Colour_Silos.pdf,,Colour_Silos.pdf
R9030,"Colour Conveyor 9 (24 in, from Silos to CC13)",http://operations.connect.na.local/support/Reliability/IKOAshcroft/PlantAssetDocs/Colour_Silos.pdf,,Colour_Silos.pdf
R9034,"Colour Scale Conveyor 13 (36 in, from CC9 to Lane 2)",http://operations.connect.na.local/support/Reliability/IKOAshcroft/PlantAssetDocs/Colour_Silos.pdf,,Colour_Silos.pdf
R9038,"Colour Conveyor 10 (24 in, from Silos to CC14)",http://operations.connect.na.local/support/Reliability/IKOAshcroft/PlantAssetDocs/Colour_Silos.pdf,,Colour_Silos.pdf
R9042,"Colour Scale Conveyor 14 (36 in, from CC10 to Lane 3)",http://operations.connect.na.local/support/Reliability/IKOAshcroft/PlantAssetDocs/Colour_Silos.pdf,,Colour_Silos.pdf
R9046,"Colour Conveyor 11 (24 in, from Silos to CC15)",http://operations.connect.na.local/support/Reliability/IKOAshcroft/PlantAssetDocs/Colour_Silos.pdf,,Colour_Silos.pdf
R9050,"Colour Scale Conveyor 15 (36 in, from CC11 to Lane 4)",http://operations.connect.na.local/support/Reliability/IKOAshcroft/PlantAssetDocs/Colour_Silos.pdf,,Colour_Silos.pdf
R9218,Loadout Conveyor (CP Rail Siding),http://operations.connect.na.local/support/Reliability/IKOAshcroft/PlantAssetDocs/Colour_Silos.pdf,,Colour_Silos.pdf
R9222,Loadout Conveyor (CP Rail Siding Gruber),http://operations.connect.na.local/support/Reliability/IKOAshcroft/PlantAssetDocs/Colour_Silos.pdf,,Colour_Silos.pdf
